사고번호,사고일시,요일,시군구,사고내용,사망자수,중상자수,경상자수,부상신고자수,사고유형,법규위반,노면상태,기상상태,도로형태,가해운전자 차종,가해운전자 성별,가해운전자 연령,가해운전자 상해정도,피해운전자 차종,피해운전자 성별,피해운전자 연령,피해운전자 상해정도
2022011900100278,2022년 1월 19일 15시,수요일,전라남도 여수시 오림동,경상사고,0,0,1,0,차대차 - 추돌,안전운전불이행,건조,맑음,단일로 - 기타,화물,남,47세,상해없음,승용,여,69세,경상
2022011900100297,2022년 1월 19일 16시,수요일,전라남도 광양시 중동,중상사고,0,1,0,0,차대차 - 정면충돌,안전운전불이행,건조,맑음,교차로 - 교차로안,승용,여,52세,상해없음,이륜,남,64세,중상
2022011900100323,2022년 1월 19일 17시,수요일,전라남도 목포시 산정동,중상사고,0,1,0,0,차대사람 - 기타,중앙선침범,건조,맑음,단일로 - 기타,자전거,여,21세,상해없음,보행자,여,75세,중상
2022011900100324,2022년 1월 19일 17시,수요일,전라남도 순천시 조례동,경상사고,0,0,1,0,차대차 - 기타,안전거리미확보,건조,맑음,단일로 - 기타,승합,남,65세,상해없음,승용,남,72세,경상
2022011900100325,2022년 1월 19일 17시,수요일,전라남도 무안군 무안읍,경상사고,0,0,1,0,차대차 - 측면충돌,안전운전불이행,건조,맑음,교차로 - 교차로안,이륜,남,87세,경상,승용,여,46세,상해없음
2022011900100326,2022년 1월 19일 17시,수요일,전라남도 무안군 삼향읍,경상사고,0,0,1,0,차대차 - 측면충돌,안전운전불이행,건조,맑음,단일로 - 기타,승용,여,51세,상해없음,원동기,남,24세,경상
2022011900100399,2022년 1월 19일 19시,수요일,전라남도 순천시 가곡동,경상사고,0,0,1,0,차대차 - 추돌,안전거리미확보,건조,맑음,단일로 - 기타,승용,여,57세,상해없음,승용,남,58세,경상
2022011900100400,2022년 1월 19일 19시,수요일,전라남도 완도군 완도읍,사망사고,1,0,1,0,차대차 - 기타,기타,건조,맑음,교차로 - 교차로부근,승용,남,26세,상해없음,승용,남,67세,사망
2022011900100451,2022년 1월 19일 21시,수요일,전라남도 순천시 풍덕동,경상사고,0,0,1,0,차대차 - 추돌,안전운전불이행,건조,맑음,단일로 - 기타,승용,남,62세,상해없음,승용,여,62세,경상
2022012000100002,2022년 1월 20일 00시,목요일,전라남도 순천시 해룡면,경상사고,0,0,1,0,차대차 - 측면충돌,직진우회전진행방해,건조,맑음,교차로 - 교차로안,승용,남,55세,상해없음,자전거,남,27세,경상
2022012000100072,2022년 1월 20일 08시,목요일,전라남도 여수시 율촌면,중상사고,0,1,0,0,차대차 - 측면충돌,교차로운행방법위반,건조,맑음,교차로 - 교차로부근,이륜,남,69세,중상,승용,여,26세,상해없음
2022012000100073,2022년 1월 20일 08시,목요일,전라남도 장흥군 부산면,경상사고,0,0,2,0,차대차 - 측면충돌,안전운전불이행,건조,맑음,단일로 - 기타,승용,여,66세,경상,승용,여,23세,경상
2022012000100126,2022년 1월 20일 10시,목요일,전라남도 함평군 손불면,중상사고,0,2,0,0,차대차 - 측면충돌,중앙선침범,건조,맑음,단일로 - 기타,화물,남,49세,상해없음,화물,남,79세,중상
2022012000100127,2022년 1월 20일 10시,목요일,전라남도 무안군 삼향읍,경상사고,0,0,1,0,차대차 - 정면충돌,안전운전불이행,건조,맑음,교차로 - 교차로안,승용,남,53세,상해없음,승용,여,28세,경상
2022012000100159,2022년 1월 20일 11시,목요일,전라남도 목포시 용해동,경상사고,0,0,1,0,차대차 - 기타,안전운전불이행,건조,맑음,단일로 - 기타,승용,남,32세,상해없음,승용,남,70세,경상
2022012000100198,2022년 1월 20일 12시,목요일,전라남도 완도군 고금면,경상사고,0,0,2,0,차대차 - 측면충돌,안전운전불이행,건조,맑음,단일로 - 기타,화물,남,72세,상해없음,승용,여,49세,경상
2022012000100225,2022년 1월 20일 13시,목요일,전라남도 화순군 이양면,중상사고,0,1,0,0,차대차 - 정면충돌,중앙선침범,건조,맑음,단일로 - 기타,화물,남,57세,상해없음,화물,남,22세,중상
2022012000100226,2022년 1월 20일 13시,목요일,전라남도 광양시 광양읍,경상사고,0,0,1,0,차대차 - 측면충돌,신호위반,건조,맑음,교차로 - 교차로안,승용,남,60세,상해없음,승용,남,66세,경상
2022012000100407,2022년 1월 20일 18시,목요일,전라남도 나주시 이창동,경상사고,0,0,1,0,차대차 - 측면충돌,직진우회전진행방해,건조,맑음,교차로 - 교차로안,승용,남,61세,상해없음,화물,남,56세,경상
2022012000100409,2022년 1월 20일 18시,목요일,전라남도 광양시 광양읍,경상사고,0,0,1,0,차대차 - 추돌,안전거리미확보,건조,맑음,교차로 - 교차로부근,승용,남,34세,상해없음,승용,남,46세,경상
2022012000100460,2022년 1월 20일 19시,목요일,전라남도 여수시 봉산동,경상사고,0,0,2,0,차대차 - 측면충돌,교차로운행방법위반,건조,맑음,교차로 - 교차로안,화물,여,54세,상해없음,승용,남,33세,경상
2022012000100527,2022년 1월 20일 21시,목요일,전라남도 목포시 상동,경상사고,0,0,1,0,차대사람 - 기타,안전운전불이행,건조,맑음,교차로 - 교차로부근,승용,여,56세,상해없음,보행자,남,52세,경상
2022012000100528,2022년 1월 20일 21시,목요일,전라남도 담양군 금성면,경상사고,0,0,2,0,차대차 - 기타,안전운전불이행,건조,맑음,교차로 - 교차로안,화물,남,55세,경상,화물,여,50세,경상
2022012000100529,2022년 1월 20일 21시,목요일,전라남도 무안군 삼향읍,경상사고,0,0,1,0,차대차 - 기타,안전운전불이행,건조,맑음,교차로 - 교차로부근,승용,남,41세,상해없음,승용,여,56세,경상
2022012000100566,2022년 1월 20일 22시,목요일,전라남도 여수시 선원동,경상사고,0,0,2,0,차대차 - 추돌,안전운전불이행,건조,맑음,교차로 - 교차로부근,승용,여,52세,상해없음,승용,남,26세,경상
2022012100100031,2022년 1월 21일 05시,금요일,전라남도 함평군 함평읍,사망사고,1,0,0,0,차대사람 - 길가장자리구역통행중,안전운전불이행,건조,맑음,단일로 - 기타,건설기계,남,64세,상해없음,보행자,남,77세,사망
2022012100100071,2022년 1월 21일 07시,금요일,전라남도 목포시 옥암동,경상사고,0,0,1,0,차대차 - 측면충돌,안전운전불이행,건조,맑음,교차로 - 교차로부근,승용,남,42세,상해없음,승용,남,64세,경상
2022012100100114,2022년 1월 21일 08시,금요일,전라남도 보성군 벌교읍,중상사고,0,2,1,0,차대차 - 추돌,안전운전불이행,건조,맑음,단일로 - 기타,승용,여,43세,경상,승용,여,53세,중상
2022012100100217,2022년 1월 21일 11시,금요일,전라남도 여수시 연등동,경상사고,0,0,1,0,차대사람 - 차도통행중,안전운전불이행,건조,맑음,단일로 - 기타,승용,남,75세,상해없음,보행자,여,61세,경상
2022012100100218,2022년 1월 21일 11시,금요일,전라남도 장흥군 장동면,중상사고,0,1,0,0,차대차 - 측면충돌,안전운전불이행,건조,맑음,교차로 - 교차로안,이륜,남,80세,중상,승용,남,61세,상해없음
2022012100100219,2022년 1월 21일 11시,금요일,전라남도 강진군 강진읍,경상사고,0,0,1,0,차대차 - 측면충돌,안전운전불이행,건조,맑음,기타 - 기타,승용,남,69세,상해없음,승용,남,65세,경상
2022012100100271,2022년 1월 21일 12시,금요일,전라남도 나주시 남평읍,경상사고,0,0,1,0,차대차 - 측면충돌,안전운전불이행,건조,맑음,주차장 - 주차장,승용,남,64세,상해없음,자전거,남,9세,경상
2022012100100372,2022년 1월 21일 15시,금요일,전라남도 순천시 별량면,중상사고,0,1,1,0,차량단독 - 공작물충돌,안전운전불이행,건조,맑음,단일로 - 기타,화물,남,72세,경상,,,,
2022012100100373,2022년 1월 21일 15시,금요일,전라남도 순천시 해룡면,경상사고,0,0,2,0,차대차 - 측면충돌,안전운전불이행,건조,맑음,단일로 - 기타,특수,남,47세,상해없음,승용,여,55세,경상
2022012100100424,2022년 1월 21일 16시,금요일,전라남도 여수시 충무동,경상사고,0,0,1,0,차대사람 - 횡단중,보행자보호의무위반,건조,맑음,교차로 - 교차로안,승용,여,51세,상해없음,보행자,여,64세,경상
2022012100100588,2022년 1월 21일 19시,금요일,전라남도 목포시 산정동,경상사고,0,0,1,0,차대차 - 후진중충돌,안전운전불이행,건조,맑음,교차로 - 교차로부근,승용,남,46세,상해없음,이륜,남,24세,경상
2022012100100589,2022년 1월 21일 19시,금요일,전라남도 순천시 서면,중상사고,0,2,0,0,차대차 - 측면충돌,안전운전불이행,건조,맑음,단일로 - 기타,이륜,남,28세,중상,자전거,남,79세,중상
2022012100100590,2022년 1월 21일 19시,금요일,전라남도 무안군 삼향읍,경상사고,0,0,1,0,차대차 - 기타,안전운전불이행,건조,맑음,단일로 - 기타,이륜,남,39세,상해없음,승용,여,49세,경상
2022012100100620,2022년 1월 21일 20시,금요일,전라남도 목포시 용당동,중상사고,0,1,0,0,차대사람 - 횡단중,보행자보호의무위반,건조,기타,기타 - 기타,승용,남,59세,상해없음,보행자,남,66세,중상
2022012100100621,2022년 1월 21일 20시,금요일,전라남도 여수시 광무동,경상사고,0,0,1,0,차대사람 - 차도통행중,안전운전불이행,건조,맑음,교차로 - 교차로안,화물,남,62세,상해없음,보행자,남,29세,경상
2022012200100022,2022년 1월 22일 04시,토요일,전라남도 여수시 신기동,경상사고,0,0,2,0,차대차 - 기타,안전운전불이행,건조,맑음,단일로 - 기타,승합,남,80세,상해없음,승용,남,27세,경상
2022012200100029,2022년 1월 22일 05시,토요일,전라남도 여수시 돌산읍,중상사고,0,1,0,0,차대사람 - 횡단중,안전운전불이행,건조,맑음,단일로 - 기타,승용,남,71세,상해없음,보행자,여,88세,중상
2022012200100037,2022년 1월 22일 06시,토요일,전라남도 목포시 옥암동,경상사고,0,0,1,0,차대차 - 기타,안전운전불이행,건조,맑음,단일로 - 기타,특수,남,55세,상해없음,승용,남,54세,경상
2022012200100079,2022년 1월 22일 09시,토요일,전라남도 광양시 태인동,중상사고,0,1,1,0,차대차 - 측면충돌,신호위반,건조,맑음,교차로 - 교차로안,승용,남,38세,중상,화물,남,53세,경상
2022012200100107,2022년 1월 22일 10시,토요일,전라남도 곡성군 옥과면,중상사고,0,1,0,0,차대차 - 측면충돌,안전운전불이행,건조,맑음,교차로 - 교차로안,이륜,남,73세,중상,승용,남,62세,상해없음
2022012200100141,2022년 1월 22일 11시,토요일,전라남도 신안군 지도읍,경상사고,0,0,2,0,차대차 - 추돌,안전운전불이행,건조,맑음,단일로 - 기타,승용,남,40세,상해없음,화물,남,71세,경상
2022012200100142,2022년 1월 22일 11시,토요일,전라남도 여수시 남산동,경상사고,0,0,1,0,차대차 - 후진중충돌,교차로운행방법위반,건조,맑음,교차로 - 교차로안,승용,여,62세,상해없음,화물,남,74세,경상
2022012200100143,2022년 1월 22일 11시,토요일,전라남도 여수시 돌산읍,경상사고,0,0,1,0,차대차 - 기타,차로위반,건조,맑음,단일로 - 기타,화물,남,55세,상해없음,이륜,남,45세,경상
2022012200100144,2022년 1월 22일 11시,토요일,전라남도 고흥군 풍양면,경상사고,0,0,1,0,차대차 - 기타,안전운전불이행,건조,맑음,교차로 - 교차로안,화물,남,74세,상해없음,승용,남,43세,경상
2022012200100145,2022년 1월 22일 11시,토요일,전라남도 담양군 담양읍,경상사고,0,0,1,0,차대차 - 기타,안전운전불이행,건조,맑음,기타 - 기타,이륜,남,78세,경상,승용,남,78세,상해없음
2022012200100217,2022년 1월 22일 13시,토요일,전라남도 여수시 교동,경상사고,0,0,1,0,차대사람 - 기타,안전운전불이행,건조,맑음,교차로 - 교차로안,승용,여,77세,기타불명,보행자,여,11세,경상
2022012200100218,2022년 1월 22일 13시,토요일,전라남도 순천시 용당동,중상사고,0,1,0,0,차대차 - 측면충돌,안전운전불이행,건조,맑음,교차로 - 교차로안,승용,여,48세,상해없음,원동기,남,71세,중상
2022012200100219,2022년 1월 22일 13시,토요일,전라남도 해남군 송지면,중상사고,0,2,0,0,차량단독 - 공작물충돌,안전운전불이행,건조,맑음,단일로 - 기타,화물,남,51세,중상,,,,
2022012200100308,2022년 1월 22일 16시,토요일,전라남도 보성군 미력면,경상사고,0,0,1,0,차대차 - 추돌,안전운전불이행,건조,맑음,단일로 - 기타,승용,남,29세,상해없음,승용,여,48세,경상
2022012200100309,2022년 1월 22일 16시,토요일,전라남도 담양군 담양읍,경상사고,0,0,1,0,차대차 - 측면충돌,안전운전불이행,건조,맑음,단일로 - 기타,승용,남,56세,상해없음,원동기,남,22세,경상
2022012200100369,2022년 1월 22일 18시,토요일,전라남도 목포시 상동,중상사고,0,1,0,0,차대사람 - 횡단중,안전운전불이행,건조,맑음,단일로 - 기타,이륜,남,36세,상해없음,보행자,여,36세,중상
2022012200100370,2022년 1월 22일 18시,토요일,전라남도 여수시 둔덕동,경상사고,0,0,1,0,차대차 - 추돌,안전운전불이행,건조,맑음,단일로 - 기타,승용,남,70세,상해없음,승용,남,26세,경상
2022012200100371,2022년 1월 22일 18시,토요일,전라남도 강진군 군동면,부상신고사고,0,0,0,1,차대사람 - 횡단중,안전운전불이행,건조,맑음,교차로 - 교차로안,승용,남,50세,상해없음,보행자,여,61세,부상신고
2022012200100438,2022년 1월 22일 20시,토요일,전라남도 여수시 종화동,중상사고,0,2,0,0,차대차 - 추돌,안전운전불이행,건조,맑음,단일로 - 기타,승용,남,51세,상해없음,승합,남,63세,기타불명
2022012200100439,2022년 1월 22일 20시,토요일,전라남도 완도군 약산면,사망사고,1,0,0,0,차량단독 - 도로외이탈 - 추락,안전운전불이행,건조,맑음,단일로 - 기타,농기계,남,80세,사망,,,,
2022012200100524,2022년 1월 22일 23시,토요일,전라남도 여수시 여서동,경상사고,0,0,1,0,차대차 - 측면충돌,안전운전불이행,건조,맑음,교차로 - 교차로안,승용,남,59세,상해없음,이륜,남,52세,경상
2022012300100024,2022년 1월 23일 05시,일요일,전라남도 고흥군 동강면,사망사고,1,0,0,0,차대사람 - 기타,안전운전불이행,건조,맑음,단일로 - 기타,화물,남,64세,상해없음,보행자,남,50세,사망
2022012300100041,2022년 1월 23일 08시,일요일,전라남도 광양시 광양읍,경상사고,0,0,2,0,차대차 - 측면충돌,신호위반,건조,맑음,교차로 - 교차로안,승용,여,68세,경상,승용,남,54세,경상
2022012300100054,2022년 1월 23일 10시,일요일,전라남도 화순군 화순읍,경상사고,0,0,1,0,차대사람 - 횡단중,교차로운행방법위반,건조,맑음,교차로 - 교차로안,승용,여,61세,상해없음,보행자,여,53세,경상
2022012300100068,2022년 1월 23일 11시,일요일,전라남도 화순군 화순읍,중상사고,0,1,1,0,차대차 - 측면충돌,직진우회전진행방해,건조,맑음,교차로 - 교차로안,이륜,남,16세,경상,이륜,남,18세,중상
2022012300100087,2022년 1월 23일 12시,일요일,전라남도 순천시 덕월동,경상사고,0,0,2,0,차대차 - 측면충돌,안전거리미확보,건조,맑음,단일로 - 기타,승용,남,74세,경상,승용,남,30세,경상
2022012300100127,2022년 1월 23일 13시,일요일,전라남도 목포시 상동,경상사고,0,0,1,0,차대차 - 기타,신호위반,건조,맑음,교차로 - 교차로안,승용,남,81세,상해없음,이륜,남,76세,경상
2022012300100156,2022년 1월 23일 14시,일요일,전라남도 장성군 남면,경상사고,0,0,2,0,차대차 - 측면충돌,안전운전불이행,건조,맑음,단일로 - 기타,승용,여,26세,상해없음,승용,남,48세,경상
2022012300100187,2022년 1월 23일 15시,일요일,전라남도 목포시 산정동,중상사고,0,1,0,0,차대차 - 측면충돌,안전운전불이행,건조,맑음,단일로 - 기타,승용,남,43세,상해없음,자전거,여,42세,중상
2022012300100188,2022년 1월 23일 15시,일요일,전라남도 영암군 삼호읍,경상사고,0,0,2,0,차대차 - 측면충돌,안전운전불이행,건조,맑음,교차로 - 교차로부근,화물,남,69세,상해없음,승용,남,68세,상해없음
2022012300100189,2022년 1월 23일 15시,일요일,전라남도 담양군 봉산면,중상사고,0,1,1,0,차대사람 - 기타,안전운전불이행,건조,맑음,단일로 - 기타,자전거,여,36세,중상,보행자,남,53세,경상
2022012300100218,2022년 1월 23일 16시,일요일,전라남도 여수시 학동,경상사고,0,0,2,0,차대차 - 추돌,안전운전불이행,건조,맑음,단일로 - 기타,승용,남,65세,상해없음,승용,여,53세,경상
2022012300100238,2022년 1월 23일 17시,일요일,전라남도 영암군 삼호읍,경상사고,0,0,1,0,차대차 - 추돌,안전운전불이행,건조,맑음,교차로 - 교차로부근,승용,남,60세,상해없음,승용,남,52세,경상
2022012300100264,2022년 1월 23일 18시,일요일,전라남도 여수시 서교동,중상사고,0,1,0,0,차대차 - 추돌,신호위반,건조,맑음,교차로 - 교차로부근,승용,여,67세,상해없음,이륜,남,25세,중상
2022012300100310,2022년 1월 23일 19시,일요일,전라남도 목포시 산정동,경상사고,0,0,3,0,차대차 - 기타,신호위반,기타,기타,교차로 - 교차로안,승용,남,31세,상해없음,승용,여,37세,경상
2022012300100311,2022년 1월 23일 19시,일요일,전라남도 무안군 삼향읍,경상사고,0,0,2,0,차대차 - 정면충돌,신호위반,건조,맑음,교차로 - 교차로안,승용,여,44세,상해없음,승용,여,57세,경상
2022012300100410,2022년 1월 23일 23시,일요일,전라남도 목포시 산정동,경상사고,0,0,1,0,차대차 - 정면충돌,안전운전불이행,기타,맑음,교차로 - 교차로안,승합,남,54세,상해없음,이륜,남,26세,경상
2022012400100058,2022년 1월 24일 07시,월요일,전라남도 목포시 용해동,경상사고,0,0,2,0,차대차 - 측면충돌,안전운전불이행,건조,맑음,교차로 - 교차로안,승용,남,71세,경상,승용,여,26세,경상
2022012400100059,2022년 1월 24일 07시,월요일,전라남도 해남군 현산면,경상사고,0,0,4,0,차대차 - 추돌,안전운전불이행,건조,맑음,기타 - 기타,승용,남,29세,기타불명,승합,남,49세,상해없음
2022012400100087,2022년 1월 24일 08시,월요일,전라남도 장성군 진원면,중상사고,0,1,1,0,차대차 - 기타,중앙선침범,건조,맑음,교차로 - 교차로안,승용,남,40세,상해없음,승용,남,43세,경상
2022012400100088,2022년 1월 24일 08시,월요일,전라남도 담양군 담양읍,경상사고,0,0,2,0,차대차 - 측면충돌,기타,건조,맑음,교차로 - 교차로안,승합,남,42세,경상,승용,남,30세,경상
2022012400100136,2022년 1월 24일 09시,월요일,전라남도 보성군 보성읍,중상사고,0,1,0,0,차량단독 - 전도전복 - 전도,안전운전불이행,건조,맑음,교차로 - 교차로안,이륜,남,86세,중상,,,,
2022012400100137,2022년 1월 24일 09시,월요일,전라남도 함평군 함평읍,경상사고,0,0,1,0,차대차 - 측면충돌,안전거리미확보,건조,맑음,교차로 - 교차로부근,화물,남,46세,상해없음,승용,여,69세,경상
2022012400100164,2022년 1월 24일 10시,월요일,전라남도 장성군 진원면,경상사고,0,0,2,0,차대차 - 추돌,안전거리미확보,건조,맑음,교차로 - 교차로부근,화물,남,23세,상해없음,승용,남,83세,경상
2022012400100165,2022년 1월 24일 10시,월요일,전라남도 무안군 무안읍,중상사고,0,1,0,0,차대사람 - 기타,안전운전불이행,건조,맑음,단일로 - 기타,화물,남,35세,상해없음,보행자,여,78세,중상
2022012400100197,2022년 1월 24일 11시,월요일,전라남도 무안군 무안읍,경상사고,0,0,1,0,차대차 - 추돌,안전운전불이행,건조,맑음,교차로 - 교차로부근,승용,남,85세,상해없음,승합,남,47세,경상
2022012400100198,2022년 1월 24일 11시,월요일,전라남도 광양시 중동,경상사고,0,0,1,0,차대차 - 측면충돌,차로위반,건조,맑음,교차로 - 교차로부근,건설기계,남,52세,상해없음,승용,남,55세,경상
2022012400100240,2022년 1월 24일 12시,월요일,전라남도 구례군 구례읍,중상사고,0,2,1,0,차대차 - 기타,직진우회전진행방해,건조,맑음,교차로 - 교차로부근,승용,여,49세,중상,승용,여,50세,경상
2022012400100297,2022년 1월 24일 14시,월요일,전라남도 여수시 봉산동,중상사고,0,1,0,0,차대차 - 추돌,안전운전불이행,건조,맑음,교차로 - 교차로부근,화물,남,71세,상해없음,이륜,남,24세,중상
2022012400100298,2022년 1월 24일 14시,월요일,전라남도 순천시 낙안면,중상사고,0,1,3,0,차대차 - 정면충돌,중앙선침범,건조,맑음,단일로 - 기타,승용,여,47세,상해없음,승용,남,45세,중상
2022012400100342,2022년 1월 24일 16시,월요일,전라남도 여수시 학동,경상사고,0,0,2,0,차대차 - 기타,안전운전불이행,건조,맑음,교차로 - 교차로안,승용,남,51세,상해없음,승용,남,32세,상해없음
2022012400100343,2022년 1월 24일 16시,월요일,전라남도 고흥군 포두면,중상사고,0,2,1,0,차대차 - 정면충돌,중앙선침범,건조,맑음,단일로 - 기타,승용,남,60세,경상,화물,남,60세,중상
2022012400100369,2022년 1월 24일 17시,월요일,전라남도 구례군 구례읍,부상신고사고,0,0,0,1,차대차 - 측면충돌,직진우회전진행방해,건조,맑음,교차로 - 교차로부근,원동기,남,85세,부상신고,승용,여,48세,상해없음
2022012400100418,2022년 1월 24일 18시,월요일,전라남도 여수시 소라면,경상사고,0,0,2,0,차대차 - 추돌,안전운전불이행,건조,맑음,교차로 - 교차로부근,승용,남,56세,상해없음,승용,여,46세,경상
2022012400100419,2022년 1월 24일 18시,월요일,전라남도 순천시 매곡동,사망사고,1,0,0,0,차대사람 - 횡단중,보행자보호의무위반,건조,맑음,교차로 - 교차로횡단보도내,승용,남,76세,상해없음,보행자,남,76세,사망
2022012400100469,2022년 1월 24일 19시,월요일,전라남도 여수시 봉산동,경상사고,0,0,1,0,차대차 - 추돌,안전운전불이행,건조,맑음,단일로 - 기타,승용,남,46세,상해없음,승용,남,36세,경상
2022012400100470,2022년 1월 24일 19시,월요일,전라남도 순천시 덕암동,경상사고,0,0,1,0,차대차 - 기타,교차로운행방법위반,건조,맑음,교차로 - 교차로안,승용,남,66세,상해없음,이륜,남,32세,경상
2022012400100492,2022년 1월 24일 20시,월요일,전라남도 여수시 고소동,중상사고,0,1,0,0,차대차 - 측면충돌,교차로운행방법위반,건조,맑음,교차로 - 교차로안,승용,여,56세,상해없음,이륜,남,38세,중상
2022012400100493,2022년 1월 24일 20시,월요일,전라남도 여수시 여서동,경상사고,0,0,2,0,차대차 - 측면충돌,직진우회전진행방해,건조,맑음,교차로 - 교차로안,승용,여,42세,상해없음,승용,남,54세,경상
2022012400100534,2022년 1월 24일 21시,월요일,전라남도 목포시 산정동,경상사고,0,0,2,0,차대차 - 측면충돌,신호위반,건조,흐림,교차로 - 교차로안,승용,남,39세,상해없음,승용,남,56세,경상
2022012400100553,2022년 1월 24일 22시,월요일,전라남도 광양시 금호동,경상사고,0,0,1,0,차대차 - 기타,안전운전불이행,건조,맑음,교차로 - 교차로횡단보도내,승용,남,68세,상해없음,자전거,남,15세,경상
2022012500100004,2022년 1월 25일 00시,화요일,전라남도 광양시 중동,중상사고,0,2,0,0,차대차 - 측면충돌,신호위반,건조,맑음,교차로 - 교차로안,승용,남,25세,상해없음,승용,남,55세,중상
2022012500100011,2022년 1월 25일 03시,화요일,전라남도 순천시 서면,경상사고,0,0,1,0,차대차 - 측면충돌,신호위반,건조,맑음,단일로 - 기타,승용,여,56세,상해없음,화물,남,39세,경상
2022012500100019,2022년 1월 25일 05시,화요일,전라남도 광양시 옥곡면,경상사고,0,0,1,0,차대사람 - 길가장자리구역통행중,안전운전불이행,건조,맑음,기타 - 기타,기타불명,기타불명,미분류,기타불명,보행자,남,67세,경상
2022012500100029,2022년 1월 25일 06시,화요일,전라남도 영광군 법성면,중상사고,0,1,0,0,차대차 - 추돌,안전운전불이행,젖음/습기,비,단일로 - 기타,화물,남,60세,상해없음,자전거,남,70세,중상
2022012500100081,2022년 1월 25일 08시,화요일,전라남도 신안군 압해읍,경상사고,0,0,1,0,차대차 - 측면충돌,안전운전불이행,건조,흐림,주차장 - 주차장,화물,남,58세,상해없음,화물,남,49세,상해없음
2022012500100082,2022년 1월 25일 08시,화요일,전라남도 여수시 돌산읍,경상사고,0,0,1,0,차대차 - 측면충돌,교차로운행방법위반,건조,맑음,교차로 - 교차로안,승용,여,46세,상해없음,승용,남,33세,경상
2022012500100105,2022년 1월 25일 09시,화요일,전라남도 신안군 비금면,중상사고,0,1,0,0,차량단독 - 기타,안전운전불이행,건조,맑음,단일로 - 기타,이륜,남,82세,중상,,,,
2022012500100106,2022년 1월 25일 09시,화요일,전라남도 보성군 벌교읍,중상사고,0,1,1,0,차대차 - 측면충돌,직진우회전진행방해,건조,맑음,교차로 - 교차로안,승용,여,61세,상해없음,승합,남,59세,상해없음
2022012500100107,2022년 1월 25일 09시,화요일,전라남도 광양시 광양읍,경상사고,0,0,2,0,차대차 - 측면충돌,신호위반,건조,맑음,교차로 - 교차로안,승용,여,62세,기타불명,승용,남,27세,경상
2022012500100169,2022년 1월 25일 11시,화요일,전라남도 담양군 봉산면,중상사고,0,1,0,0,차대차 - 측면충돌,신호위반,건조,맑음,교차로 - 교차로횡단보도내,승용,남,63세,상해없음,사륜오토바이(ATV),남,86세,중상
2022012500100198,2022년 1월 25일 12시,화요일,전라남도 완도군 완도읍,중상사고,0,1,0,0,차대차 - 기타,차로위반,건조,맑음,단일로 - 기타,승용,여,66세,상해없음,승용,여,39세,중상
2022012500100227,2022년 1월 25일 13시,화요일,전라남도 강진군 도암면,중상사고,0,2,4,0,차대차 - 측면충돌,직진우회전진행방해,건조,맑음,교차로 - 교차로안,승용,남,71세,경상,승합,남,62세,경상
2022012500100256,2022년 1월 25일 14시,화요일,전라남도 강진군 성전면,중상사고,0,1,0,0,차량단독 - 도로외이탈 - 기타,안전운전불이행,건조,맑음,단일로 - 교량,화물,남,65세,중상,,,,
2022012500100282,2022년 1월 25일 15시,화요일,전라남도 목포시 상동,경상사고,0,0,1,0,차대차 - 측면충돌,신호위반,건조,맑음,교차로 - 교차로안,화물,남,60세,상해없음,승용,남,50세,경상
2022012500100316,2022년 1월 25일 16시,화요일,전라남도 화순군 화순읍,중상사고,0,1,2,0,차대차 - 측면충돌,교차로운행방법위반,건조,맑음,교차로 - 교차로안,승용,여,56세,경상,승용,남,20세,중상
2022012500100348,2022년 1월 25일 17시,화요일,전라남도 나주시 노안면,경상사고,0,0,1,0,차대차 - 측면충돌,직진우회전진행방해,건조,맑음,교차로 - 교차로안,사륜오토바이(ATV),여,65세,경상,승용,남,54세,상해없음
2022012500100396,2022년 1월 25일 18시,화요일,전라남도 순천시 중앙동,경상사고,0,0,2,0,차대차 - 측면충돌,직진우회전진행방해,건조,맑음,교차로 - 교차로안,승용,남,58세,경상,승용,남,41세,경상
2022012500100441,2022년 1월 25일 19시,화요일,전라남도 순천시 풍덕동,경상사고,0,0,1,0,차대차 - 기타,직진우회전진행방해,건조,맑음,교차로 - 교차로안,승용,남,72세,상해없음,이륜,남,39세,경상
2022012500100564,2022년 1월 25일 23시,화요일,전라남도 여수시 화장동,중상사고,0,1,0,0,차대차 - 측면충돌,안전운전불이행,건조,맑음,교차로 - 교차로안,승용,남,43세,상해없음,이륜,남,20세,중상
2022012600100020,2022년 1월 26일 04시,수요일,전라남도 해남군 해남읍,경상사고,0,0,2,0,차대차 - 측면충돌,교차로운행방법위반,건조,맑음,교차로 - 교차로안,승용,여,28세,경상,승용,남,67세,경상
2022012600100048,2022년 1월 26일 06시,수요일,전라남도 화순군 화순읍,경상사고,0,0,2,0,차대차 - 추돌,차로위반,건조,맑음,단일로 - 기타,화물,남,69세,상해없음,승용,여,32세,경상
2022012600100068,2022년 1월 26일 07시,수요일,전라남도 영암군 삼호읍,경상사고,0,0,1,0,차대차 - 측면충돌,안전운전불이행,건조,맑음,교차로 - 교차로부근,화물,남,49세,상해없음,자전거,남,62세,경상
2022012600100069,2022년 1월 26일 07시,수요일,전라남도 영암군 삼호읍,중상사고,0,2,0,0,차대차 - 측면충돌,직진우회전진행방해,건조,맑음,교차로 - 교차로안,승용,남,23세,상해없음,승용,남,50세,중상