사고번호,사고일시,요일,시군구,사고내용,사망자수,중상자수,경상자수,부상신고자수,사고유형,법규위반,노면상태,기상상태,도로형태,가해운전자 차종,가해운전자 성별,가해운전자 연령,가해운전자 상해정도,피해운전자 차종,피해운전자 성별,피해운전자 연령,피해운전자 상해정도
2022012600100156,2022년 1월 26일 10시,수요일,전라남도 장흥군 대덕읍,경상사고,0,0,2,0,차대차 - 측면충돌,중앙선침범,건조,맑음,단일로 - 기타,승합,여,41세,상해없음,승용,남,59세,경상
2022012600100157,2022년 1월 26일 10시,수요일,전라남도 강진군 강진읍,경상사고,0,0,2,0,차대차 - 측면충돌,기타,건조,맑음,교차로 - 교차로안,승용,여,56세,상해없음,이륜,남,64세,경상
2022012600100183,2022년 1월 26일 11시,수요일,전라남도 목포시 용해동,경상사고,0,0,4,0,차대차 - 기타,안전운전불이행,건조,맑음,단일로 - 기타,승용,남,63세,경상,화물,남,72세,경상
2022012600100184,2022년 1월 26일 11시,수요일,전라남도 담양군 고서면,경상사고,0,0,3,0,차대차 - 측면충돌,기타,건조,맑음,교차로 - 교차로안,승용,남,64세,경상,승용,남,68세,경상
2022012600100209,2022년 1월 26일 12시,수요일,전라남도 장흥군 용산면,경상사고,0,0,1,0,차대차 - 후진중충돌,안전운전불이행,건조,맑음,기타 - 기타,건설기계,남,52세,상해없음,화물,남,50세,경상
2022012600100250,2022년 1월 26일 13시,수요일,전라남도 목포시 상동,경상사고,0,0,1,0,차대차 - 기타,안전운전불이행,건조,맑음,주차장 - 주차장,승용,남,42세,상해없음,승용,남,26세,경상
2022012600100251,2022년 1월 26일 13시,수요일,전라남도 영광군 영광읍,중상사고,0,1,0,0,차대차 - 측면충돌,안전운전불이행,건조,맑음,교차로 - 교차로안,승용,여,61세,상해없음,이륜,남,57세,중상
2022012600100279,2022년 1월 26일 14시,수요일,전라남도 목포시 산정동,경상사고,0,0,1,0,차대차 - 기타,안전운전불이행,건조,맑음,기타 - 기타,이륜,남,54세,상해없음,승용,여,32세,경상
2022012600100280,2022년 1월 26일 14시,수요일,전라남도 여수시 둔덕동,경상사고,0,0,1,0,차대차 - 추돌,안전운전불이행,건조,맑음,단일로 - 기타,승용,남,66세,상해없음,승용,남,47세,경상
2022012600100314,2022년 1월 26일 15시,수요일,전라남도 영광군 영광읍,부상신고사고,0,0,0,1,차대사람 - 기타,안전운전불이행,건조,맑음,주차장 - 주차장,화물,여,62세,상해없음,보행자,여,74세,부상신고
2022012600100343,2022년 1월 26일 16시,수요일,전라남도 신안군 지도읍,경상사고,0,0,1,0,차대차 - 기타,중앙선침범,건조,맑음,단일로 - 기타,승용,남,65세,상해없음,건설기계,남,38세,경상
2022012600100344,2022년 1월 26일 16시,수요일,전라남도 목포시 석현동,경상사고,0,0,2,0,차대차 - 후진중충돌,안전운전불이행,건조,맑음,단일로 - 기타,승용,남,55세,상해없음,승합,남,38세,경상
2022012600100345,2022년 1월 26일 16시,수요일,전라남도 보성군 벌교읍,사망사고,1,0,0,0,차량단독 - 도로외이탈 - 추락,안전운전불이행,건조,맑음,기타 - 기타,이륜,남,76세,사망,,,,
2022012600100373,2022년 1월 26일 17시,수요일,전라남도 여수시 신기동,경상사고,0,0,1,0,차대차 - 기타,안전운전불이행,건조,맑음,단일로 - 기타,승용,남,28세,상해없음,이륜,남,33세,경상
2022012600100433,2022년 1월 26일 18시,수요일,전라남도 광양시 광양읍,경상사고,0,0,1,0,차대사람 - 기타,안전운전불이행,건조,맑음,교차로 - 교차로안,승용,남,49세,상해없음,보행자,여,58세,경상
2022012600100464,2022년 1월 26일 19시,수요일,전라남도 목포시 산정동,경상사고,0,0,2,0,차대차 - 측면충돌,안전운전불이행,건조,맑음,단일로 - 기타,승용,남,57세,상해없음,승용,남,40세,경상
2022012600100500,2022년 1월 26일 20시,수요일,전라남도 나주시 남평읍,경상사고,0,0,3,0,차대차 - 측면충돌,안전운전불이행,건조,맑음,단일로 - 기타,승용,남,45세,상해없음,승용,남,58세,기타불명
2022012700100005,2022년 1월 27일 00시,목요일,전라남도 여수시 학동,중상사고,0,1,0,0,차대차 - 측면충돌,안전운전불이행,건조,맑음,단일로 - 기타,승용,여,48세,상해없음,원동기,남,17세,중상
2022012700100022,2022년 1월 27일 05시,목요일,전라남도 장성군 장성읍,사망사고,1,1,0,0,차대차 - 추돌,안전운전불이행,건조,맑음,단일로 - 기타,특수,남,61세,사망,화물,남,68세,중상
2022012700100078,2022년 1월 27일 08시,목요일,전라남도 여수시 율촌면,사망사고,1,0,0,0,차량단독 - 기타,안전운전불이행,건조,맑음,단일로 - 기타,이륜,남,82세,사망,,,,
2022012700100079,2022년 1월 27일 08시,목요일,전라남도 해남군 송지면,경상사고,0,0,1,0,차량단독 - 기타,안전운전불이행,건조,맑음,기타 - 기타,승합,남,47세,상해없음,,,,
2022012700100168,2022년 1월 27일 11시,목요일,전라남도 담양군 담양읍,경상사고,0,0,1,0,차대사람 - 기타,안전운전불이행,건조,흐림,교차로 - 교차로안,화물,남,73세,상해없음,보행자,여,86세,경상
2022012700100199,2022년 1월 27일 12시,목요일,전라남도 여수시 교동,경상사고,0,0,1,0,차대차 - 후진중충돌,안전운전불이행,건조,맑음,주차장 - 주차장,승용,여,30세,상해없음,승용,남,28세,경상
2022012700100222,2022년 1월 27일 13시,목요일,전라남도 강진군 대구면,경상사고,0,0,2,0,차대차 - 측면충돌,중앙선침범,건조,맑음,단일로 - 기타,화물,남,60세,상해없음,승용,남,22세,경상
2022012700100303,2022년 1월 27일 15시,목요일,전라남도 화순군 능주면,중상사고,0,1,0,0,차대차 - 기타,안전운전불이행,건조,맑음,교차로 - 교차로부근,자전거,여,82세,중상,승용,남,22세,상해없음
2022012700100365,2022년 1월 27일 17시,목요일,전라남도 순천시 낙안면,중상사고,0,1,0,0,차대차 - 측면충돌,안전운전불이행,건조,맑음,단일로 - 기타,화물,남,69세,상해없음,화물,남,67세,상해없음
2022012700100366,2022년 1월 27일 17시,목요일,전라남도 광양시 중동,경상사고,0,0,1,0,차대사람 - 횡단중,보행자보호의무위반,건조,맑음,교차로 - 교차로횡단보도내,승용,여,59세,상해없음,보행자,여,15세,경상
2022012700100410,2022년 1월 27일 18시,목요일,전라남도 나주시 빛가람동,중상사고,0,1,0,0,차대사람 - 횡단중,신호위반,건조,맑음,교차로 - 교차로횡단보도내,이륜,남,54세,상해없음,보행자,여,48세,중상
2022012700100411,2022년 1월 27일 18시,목요일,전라남도 담양군 담양읍,경상사고,0,0,2,0,차대차 - 측면충돌,안전운전불이행,건조,맑음,단일로 - 기타,승용,남,87세,경상,승용,남,21세,경상
2022012700100514,2022년 1월 27일 21시,목요일,전라남도 여수시 문수동,경상사고,0,0,1,0,차대차 - 추돌,안전운전불이행,건조,맑음,교차로 - 교차로부근,승용,남,63세,상해없음,승용,남,50세,경상
2022012700100515,2022년 1월 27일 21시,목요일,전라남도 여수시 문수동,경상사고,0,0,1,0,차대차 - 추돌,신호위반,건조,맑음,교차로 - 교차로안,이륜,남,55세,상해없음,승용,남,56세,경상
2022012700100516,2022년 1월 27일 21시,목요일,전라남도 여수시 선원동,경상사고,0,0,1,0,차대차 - 추돌,안전운전불이행,건조,맑음,단일로 - 기타,승용,여,45세,상해없음,승용,여,26세,경상
2022012800100009,2022년 1월 28일 01시,금요일,전라남도 신안군 암태면,경상사고,0,0,1,0,차량단독 - 공작물충돌,안전운전불이행,건조,맑음,교차로 - 교차로안,승용,남,28세,경상,,,,
2022012800100038,2022년 1월 28일 07시,금요일,전라남도 여수시 교동,경상사고,0,0,2,0,차대차 - 측면충돌,차로위반,건조,맑음,단일로 - 기타,화물,남,64세,상해없음,승용,남,71세,경상
2022012800100039,2022년 1월 28일 07시,금요일,전라남도 담양군 담양읍,경상사고,0,0,1,0,차대차 - 측면충돌,신호위반,건조,맑음,교차로 - 교차로안,승용,남,48세,상해없음,승용,남,41세,경상
2022012800100066,2022년 1월 28일 08시,금요일,전라남도 해남군 송지면,경상사고,0,0,1,0,차대차 - 기타,신호위반,건조,맑음,교차로 - 교차로안,승합,남,67세,기타불명,화물,남,43세,경상
2022012800100067,2022년 1월 28일 08시,금요일,전라남도 강진군 강진읍,경상사고,0,0,1,0,차대차 - 측면충돌,교차로운행방법위반,건조,맑음,교차로 - 교차로안,승용,여,62세,상해없음,화물,남,28세,상해없음
2022012800100122,2022년 1월 28일 10시,금요일,전라남도 강진군 군동면,경상사고,0,0,2,0,차대차 - 기타,안전운전불이행,건조,맑음,교차로 - 교차로안,승용,여,48세,경상,화물,남,52세,상해없음
2022012800100164,2022년 1월 28일 11시,금요일,전라남도 순천시 조례동,경상사고,0,0,2,0,차대차 - 정면충돌,직진우회전진행방해,건조,맑음,교차로 - 교차로안,화물,남,38세,상해없음,승용,남,71세,경상
2022012800100203,2022년 1월 28일 12시,금요일,전라남도 목포시 상락동1가,중상사고,0,1,0,0,차대사람 - 차도통행중,안전운전불이행,건조,맑음,교차로 - 교차로부근,승용,남,64세,상해없음,보행자,남,85세,중상
2022012800100241,2022년 1월 28일 13시,금요일,전라남도 담양군 수북면,중상사고,0,1,0,0,차대차 - 측면충돌,안전운전불이행,건조,맑음,교차로 - 교차로안,승용,여,57세,상해없음,자전거,남,84세,중상
2022012800100333,2022년 1월 28일 15시,금요일,전라남도 여수시 소라면,경상사고,0,0,1,0,차대차 - 측면충돌,안전운전불이행,건조,맑음,단일로 - 기타,승용,여,60세,상해없음,이륜,남,33세,경상
2022012800100334,2022년 1월 28일 15시,금요일,전라남도 담양군 고서면,경상사고,0,0,1,0,차대차 - 추돌,안전운전불이행,건조,맑음,단일로 - 기타,승용,남,32세,상해없음,승용,여,54세,경상
2022012800100335,2022년 1월 28일 15시,금요일,전라남도 완도군 완도읍,경상사고,0,0,3,0,차대차 - 기타,안전운전불이행,건조,맑음,교차로 - 교차로부근,승용,여,72세,상해없음,승용,여,56세,상해없음
2022012800100408,2022년 1월 28일 17시,금요일,전라남도 담양군 수북면,중상사고,0,2,0,0,차량단독 - 기타,안전운전불이행,건조,맑음,기타 - 기타,승용,남,72세,중상,,,,
2022012800100468,2022년 1월 28일 18시,금요일,전라남도 순천시 조례동,경상사고,0,0,3,0,차대차 - 측면충돌,안전운전불이행,건조,맑음,단일로 - 기타,승용,여,50세,상해없음,승용,여,48세,경상
2022012800100525,2022년 1월 28일 19시,금요일,전라남도 영암군 삼호읍,중상사고,0,1,0,0,차대차 - 측면충돌,안전운전불이행,건조,맑음,교차로 - 교차로부근,승용,여,50세,상해없음,이륜,남,19세,중상
2022012800100526,2022년 1월 28일 19시,금요일,전라남도 강진군 도암면,부상신고사고,0,0,0,1,차량단독 - 전도전복 - 전도,안전운전불이행,건조,맑음,기타 - 기타,승용,남,60세,부상신고,,,,
2022012800100597,2022년 1월 28일 21시,금요일,전라남도 나주시 남평읍,경상사고,0,0,3,0,차대차 - 추돌,안전운전불이행,건조,맑음,교차로 - 교차로부근,승용,남,31세,상해없음,승용,여,58세,경상
2022012800100598,2022년 1월 28일 21시,금요일,전라남도 장흥군 장흥읍,부상신고사고,0,0,0,1,차대사람 - 길가장자리구역통행중,신호위반,건조,맑음,단일로 - 기타,승용,남,33세,상해없음,보행자,남,25세,부상신고
2022012800100599,2022년 1월 28일 21시,금요일,전라남도 광양시 중동,경상사고,0,0,1,0,차대차 - 측면충돌,안전운전불이행,건조,맑음,단일로 - 기타,승용,여,49세,상해없음,승용,남,61세,경상
2022012900100033,2022년 1월 29일 06시,토요일,전라남도 고흥군 동일면,중상사고,0,1,0,0,차대사람 - 기타,안전운전불이행,건조,맑음,단일로 - 기타,화물,남,49세,상해없음,보행자,여,85세,중상
2022012900100034,2022년 1월 29일 06시,토요일,전라남도 장성군 진원면,중상사고,0,2,0,0,차대차 - 추돌,안전운전불이행,건조,맑음,기타 - 기타,화물,남,65세,중상,화물,남,59세,중상
2022012900100117,2022년 1월 29일 11시,토요일,전라남도 목포시 상동,경상사고,0,0,1,0,차대사람 - 기타,안전운전불이행,건조,맑음,단일로 - 기타,승용,남,79세,상해없음,보행자,여,18세,경상
2022012900100118,2022년 1월 29일 11시,토요일,전라남도 목포시 용해동,경상사고,0,0,1,0,차대사람 - 기타,안전운전불이행,건조,맑음,단일로 - 기타,화물,남,59세,상해없음,보행자,여,66세,경상
2022012900100119,2022년 1월 29일 11시,토요일,전라남도 영암군 영암읍,중상사고,0,1,0,0,차대차 - 측면충돌,중앙선침범,건조,맑음,단일로 - 기타,화물,남,73세,상해없음,승용,남,63세,상해없음
2022012900100120,2022년 1월 29일 11시,토요일,전라남도 진도군 진도읍,경상사고,0,0,1,0,차대차 - 정면충돌,중앙선침범,건조,맑음,단일로 - 기타,승용,여,38세,상해없음,이륜,남,62세,경상
2022012900100121,2022년 1월 29일 11시,토요일,전라남도 광양시 광영동,경상사고,0,0,1,0,차대차 - 후진중충돌,기타,건조,맑음,기타 - 기타,이륜,남,72세,경상,승용,남,54세,상해없음
2022012900100313,2022년 1월 29일 17시,토요일,전라남도 순천시 덕암동,경상사고,0,0,1,0,차대차 - 측면충돌,차로위반,건조,맑음,단일로 - 기타,승용,남,67세,상해없음,승용,여,42세,상해없음
2022012900100338,2022년 1월 29일 18시,토요일,전라남도 고흥군 도양읍,경상사고,0,0,1,2,차대차 - 측면충돌,신호위반,건조,맑음,단일로 - 기타,승용,여,38세,부상신고,승용,남,48세,경상
2022012900100431,2022년 1월 29일 21시,토요일,전라남도 광양시 광양읍,경상사고,0,0,1,0,차량단독 - 전도전복 - 전도,안전운전불이행,건조,맑음,교차로 - 교차로안,승용,여,42세,경상,,,,
2022012900100451,2022년 1월 29일 22시,토요일,전라남도 목포시 옥암동,경상사고,0,0,1,0,차대차 - 측면충돌,안전운전불이행,건조,맑음,단일로 - 기타,이륜,남,38세,경상,화물,남,51세,기타불명
2022012900100469,2022년 1월 29일 23시,토요일,전라남도 함평군 함평읍,부상신고사고,0,0,0,1,차량단독 - 공작물충돌,안전운전불이행,건조,맑음,단일로 - 기타,승용,남,28세,부상신고,,,,
2022013000100028,2022년 1월 30일 06시,일요일,전라남도 순천시 서면,중상사고,0,1,0,0,차대사람 - 횡단중,안전운전불이행,건조,맑음,단일로 - 교량,승용,여,55세,상해없음,보행자,남,65세,중상
2022013000100042,2022년 1월 30일 09시,일요일,전라남도 여수시 오림동,경상사고,0,0,1,0,차대차 - 추돌,안전운전불이행,건조,맑음,교차로 - 교차로부근,화물,남,46세,상해없음,화물,남,57세,경상
2022013000100124,2022년 1월 30일 13시,일요일,전라남도 완도군 완도읍,중상사고,0,1,0,0,차대사람 - 보도통행중,중앙선침범,건조,맑음,교차로 - 교차로횡단보도내,화물,남,67세,상해없음,보행자,여,76세,중상
2022013000100153,2022년 1월 30일 14시,일요일,전라남도 장흥군 장흥읍,경상사고,0,0,1,0,차대사람 - 기타,안전운전불이행,건조,맑음,단일로 - 기타,승용,남,58세,상해없음,보행자,여,56세,경상
2022013000100154,2022년 1월 30일 14시,일요일,전라남도 영암군 삼호읍,경상사고,0,0,1,0,차대차 - 측면충돌,신호위반,건조,맑음,교차로 - 교차로안,화물,남,36세,상해없음,승용,여,51세,경상
2022013000100344,2022년 1월 30일 21시,일요일,전라남도 무안군 삼향읍,경상사고,0,0,2,0,차대차 - 추돌,안전운전불이행,건조,맑음,교차로 - 교차로부근,승용,남,36세,상해없음,승용,남,21세,경상
2022013000100370,2022년 1월 30일 23시,일요일,전라남도 함평군 함평읍,중상사고,0,1,0,0,차량단독 - 공작물충돌,안전운전불이행,건조,맑음,단일로 - 기타,승용,여,25세,상해없음,,,,
2022013100100023,2022년 1월 31일 06시,월요일,전라남도 여수시 중흥동,경상사고,0,0,1,0,차대차 - 측면충돌,안전운전불이행,건조,맑음,단일로 - 기타,기타불명,기타불명,미분류,기타불명,승용,남,56세,경상
2022013100100036,2022년 1월 31일 08시,월요일,전라남도 고흥군 대서면,중상사고,0,1,2,0,차대차 - 기타,안전운전불이행,건조,맑음,단일로 - 기타,화물,남,63세,중상,승용,여,63세,경상
2022013100100042,2022년 1월 31일 09시,월요일,전라남도 목포시 항동,경상사고,0,0,1,0,차대사람 - 기타,안전운전불이행,건조,맑음,교차로 - 교차로부근,승용,남,70세,상해없음,보행자,여,83세,경상
2022013100100071,2022년 1월 31일 11시,월요일,전라남도 순천시 해룡면,경상사고,0,0,7,0,차대차 - 추돌,안전거리미확보,건조,맑음,기타 - 기타,승용,남,59세,경상,승용,여,28세,경상
2022013100100161,2022년 1월 31일 15시,월요일,전라남도 목포시 연산동,경상사고,0,0,1,0,차대차 - 추돌,안전운전불이행,건조,맑음,교차로 - 교차로부근,승용,여,33세,경상,승용,남,58세,상해없음
2022013100100186,2022년 1월 31일 16시,월요일,전라남도 목포시 상동,사망사고,1,0,0,0,차대사람 - 횡단중,보행자보호의무위반,건조,맑음,단일로 - 기타,승용,남,43세,상해없음,보행자,남,80세,사망
2022013100100208,2022년 1월 31일 17시,월요일,전라남도 여수시 둔덕동,경상사고,0,0,2,0,차대차 - 정면충돌,중앙선침범,건조,맑음,단일로 - 기타,승용,여,54세,상해없음,승용,남,58세,경상
2022013100100209,2022년 1월 31일 17시,월요일,전라남도 담양군 수북면,경상사고,0,0,1,0,차대사람 - 기타,안전운전불이행,건조,맑음,기타 - 기타,승용,여,27세,상해없음,보행자,남,48세,경상
2022013100100222,2022년 1월 31일 18시,월요일,전라남도 장흥군 장평면,경상사고,0,0,2,0,차대차 - 기타,안전운전불이행,건조,맑음,단일로 - 기타,이륜,남,47세,상해없음,승용,남,59세,기타불명
2022013100100274,2022년 1월 31일 20시,월요일,전라남도 목포시 산정동,경상사고,0,0,3,0,차대차 - 측면충돌,신호위반,건조,맑음,교차로 - 교차로안,승용,남,50세,상해없음,승용,남,29세,경상
2022013100100301,2022년 1월 31일 21시,월요일,전라남도 여수시 오림동,경상사고,0,0,2,0,차대차 - 추돌,안전운전불이행,건조,맑음,단일로 - 기타,승용,남,28세,상해없음,승용,여,39세,경상
2022013100100302,2022년 1월 31일 21시,월요일,전라남도 순천시 가곡동,경상사고,0,0,2,0,차대차 - 측면충돌,기타,건조,맑음,교차로 - 교차로안,승용,남,28세,상해없음,승용,남,24세,경상
2022013100100331,2022년 1월 31일 23시,월요일,전라남도 순천시 상사면,경상사고,0,0,2,0,차량단독 - 공작물충돌,안전운전불이행,건조,맑음,단일로 - 기타,승용,남,28세,경상,,,,
2022020100100064,2022년 2월 1일 11시,화요일,전라남도 무안군 일로읍,경상사고,0,0,3,0,차대차 - 추돌,안전운전불이행,건조,맑음,단일로 - 기타,승용,남,62세,상해없음,승용,남,32세,경상
2022020100100081,2022년 2월 1일 12시,화요일,전라남도 여수시 신기동,경상사고,0,0,2,0,차대차 - 측면충돌,안전운전불이행,건조,맑음,교차로 - 교차로부근,승용,여,50세,상해없음,승용,여,41세,경상
2022020100100112,2022년 2월 1일 14시,화요일,전라남도 여수시 여서동,경상사고,0,0,3,0,차대차 - 추돌,안전운전불이행,건조,맑음,단일로 - 기타,이륜,남,25세,상해없음,승용,남,53세,경상
2022020100100113,2022년 2월 1일 14시,화요일,전라남도 순천시 남정동,경상사고,0,0,2,0,차대차 - 기타,안전운전불이행,건조,맑음,교차로 - 교차로안,승용,남,36세,상해없음,승용,남,60세,경상
2022020100100114,2022년 2월 1일 14시,화요일,전라남도 영암군 서호면,중상사고,0,1,0,0,차대차 - 측면충돌,안전운전불이행,건조,맑음,단일로 - 기타,승용,남,21세,기타불명,사륜오토바이(ATV),여,75세,중상
2022020100100115,2022년 2월 1일 14시,화요일,전라남도 강진군 성전면,경상사고,0,0,3,0,차대차 - 추돌,안전거리미확보,건조,맑음,단일로 - 기타,승용,남,34세,경상,승용,여,40세,경상
2022020100100162,2022년 2월 1일 17시,화요일,전라남도 무안군 삼향읍,경상사고,0,0,1,0,차대차 - 측면충돌,안전운전불이행,건조,맑음,교차로 - 교차로부근,승용,남,37세,상해없음,이륜,여,21세,경상
2022020100100177,2022년 2월 1일 18시,화요일,전라남도 목포시 상동,경상사고,0,0,1,0,차대차 - 측면충돌,신호위반,건조,맑음,교차로 - 교차로안,승용,남,63세,상해없음,이륜,남,26세,경상
2022020100100207,2022년 2월 1일 20시,화요일,전라남도 순천시 별량면,경상사고,0,0,4,0,차대차 - 기타,안전운전불이행,건조,맑음,교차로 - 교차로부근,승용,여,42세,상해없음,승용,남,53세,경상
2022020100100225,2022년 2월 1일 21시,화요일,전라남도 목포시 상동,경상사고,0,0,1,0,차대사람 - 기타,안전운전불이행,건조,맑음,단일로 - 기타,승용,남,20세,상해없음,보행자,여,18세,경상
2022020100100226,2022년 2월 1일 21시,화요일,전라남도 여수시 신기동,경상사고,0,0,1,0,차대차 - 측면충돌,중앙선침범,건조,맑음,단일로 - 기타,이륜,남,42세,경상,승용,남,58세,상해없음
2022020100100227,2022년 2월 1일 21시,화요일,전라남도 무안군 삼향읍,중상사고,0,1,2,1,차대차 - 측면충돌,기타,젖음/습기,맑음,교차로 - 교차로횡단보도내,승용,남,18세,상해없음,승용,남,33세,경상
2022020100100255,2022년 2월 1일 23시,화요일,전라남도 목포시 옥암동,경상사고,0,0,2,0,차대차 - 측면충돌,신호위반,건조,흐림,교차로 - 교차로안,이륜,남,26세,경상,승용,남,24세,경상
2022020100100256,2022년 2월 1일 23시,화요일,전라남도 여수시 충무동,경상사고,0,0,1,0,차대사람 - 횡단중,안전운전불이행,건조,맑음,교차로 - 교차로안,화물,남,44세,상해없음,보행자,남,55세,경상
2022020200100027,2022년 2월 2일 06시,수요일,전라남도 장성군 황룡면,사망사고,1,0,0,0,차대사람 - 차도통행중,안전운전불이행,건조,맑음,단일로 - 기타,승용,남,27세,상해없음,보행자,여,88세,사망
2022020200100033,2022년 2월 2일 08시,수요일,전라남도 고흥군 대서면,중상사고,0,2,0,0,차량단독 - 전도전복 - 전복,안전운전불이행,건조,맑음,단일로 - 기타,승용,여,47세,상해없음,,,,
2022020200100062,2022년 2월 2일 11시,수요일,전라남도 여수시 여서동,경상사고,0,0,1,0,차대사람 - 기타,안전운전불이행,건조,맑음,단일로 - 기타,승용,여,37세,상해없음,보행자,남,38세,경상
2022020200100063,2022년 2월 2일 11시,수요일,전라남도 고흥군 동강면,경상사고,0,0,4,0,차대차 - 기타,안전운전불이행,건조,맑음,교차로 - 교차로부근,승용,남,53세,상해없음,승용,남,35세,경상
2022020200100125,2022년 2월 2일 14시,수요일,전라남도 순천시 해룡면,경상사고,0,0,2,0,차대차 - 추돌,안전운전불이행,건조,맑음,단일로 - 기타,승용,남,27세,상해없음,승용,남,56세,경상
2022020200100126,2022년 2월 2일 14시,수요일,전라남도 화순군 화순읍,경상사고,0,0,4,3,차대차 - 추돌,안전운전불이행,건조,맑음,단일로 - 기타,승용,여,28세,경상,승용,남,52세,경상
2022020200100127,2022년 2월 2일 14시,수요일,전라남도 광양시 광양읍,경상사고,0,0,1,1,차대차 - 기타,교차로운행방법위반,건조,맑음,교차로 - 교차로안,승용,남,25세,상해없음,승용,남,50세,경상
2022020200100172,2022년 2월 2일 16시,수요일,전라남도 담양군 대전면,중상사고,0,1,0,0,차대차 - 측면충돌,안전운전불이행,건조,맑음,교차로 - 교차로안,승용,남,67세,상해없음,이륜,남,67세,중상
2022020200100215,2022년 2월 2일 18시,수요일,전라남도 목포시 연산동,중상사고,0,1,0,0,차대사람 - 차도통행중,중앙선침범,건조,맑음,교차로 - 교차로부근,승용,남,60세,상해없음,보행자,남,57세,중상
2022020200100265,2022년 2월 2일 20시,수요일,전라남도 목포시 상동,경상사고,0,0,1,0,차대사람 - 횡단중,보행자보호의무위반,건조,맑음,교차로 - 교차로횡단보도내,승용,남,45세,상해없음,보행자,남,67세,경상
2022020200100266,2022년 2월 2일 20시,수요일,전라남도 영암군 삼호읍,중상사고,0,2,0,0,차대차 - 측면충돌,직진우회전진행방해,건조,맑음,교차로 - 교차로안,이륜,남,40세,중상,화물,남,40세,상해없음
2022020200100299,2022년 2월 2일 21시,수요일,전라남도 목포시 옥암동,경상사고,0,0,1,0,차량단독 - 기타,안전운전불이행,건조,기타,기타 - 기타,승용,남,35세,경상,,,,
2022020300100062,2022년 2월 3일 08시,목요일,전라남도 순천시 장천동,경상사고,0,0,1,0,차대차 - 추돌,안전운전불이행,건조,맑음,교차로 - 교차로부근,승용,남,81세,상해없음,승용,여,41세,경상
2022020300100092,2022년 2월 3일 09시,목요일,전라남도 광양시 중동,경상사고,0,0,1,0,차대차 - 추돌,교차로운행방법위반,건조,맑음,교차로 - 교차로안,승용,여,52세,상해없음,승용,여,43세,경상
2022020300100144,2022년 2월 3일 11시,목요일,전라남도 목포시 무안동,경상사고,0,0,3,0,차대차 - 기타,안전운전불이행,건조,맑음,단일로 - 기타,승용,여,57세,경상,승용,여,28세,경상
2022020300100145,2022년 2월 3일 11시,목요일,전라남도 담양군 대전면,중상사고,0,1,0,1,차대차 - 기타,안전운전불이행,건조,맑음,교차로 - 교차로안,승용,여,65세,중상,화물,여,28세,부상신고
2022020300100172,2022년 2월 3일 12시,목요일,전라남도 순천시 장천동,경상사고,0,0,1,0,차대차 - 기타,신호위반,건조,맑음,교차로 - 교차로안,화물,남,73세,상해없음,화물,남,49세,경상
2022020300100173,2022년 2월 3일 12시,목요일,전라남도 해남군 해남읍,경상사고,0,0,1,0,차대사람 - 기타,안전운전불이행,건조,맑음,단일로 - 기타,승용,여,23세,상해없음,보행자,여,11세,경상
2022020300100202,2022년 2월 3일 13시,목요일,전라남도 신안군 지도읍,경상사고,0,0,2,0,차대차 - 정면충돌,중앙선침범,건조,맑음,단일로 - 기타,화물,남,56세,상해없음,화물,남,69세,경상
2022020300100203,2022년 2월 3일 13시,목요일,전라남도 나주시 성북동,경상사고,0,0,1,0,차대차 - 측면충돌,안전운전불이행,건조,맑음,단일로 - 기타,승용,남,70세,상해없음,자전거,남,82세,경상
2022020300100204,2022년 2월 3일 13시,목요일,전라남도 화순군 화순읍,경상사고,0,0,1,0,차대차 - 추돌,안전운전불이행,건조,맑음,교차로 - 교차로부근,이륜,남,24세,상해없음,승용,여,47세,경상
2022020300100227,2022년 2월 3일 14시,목요일,전라남도 목포시 산정동,부상신고사고,0,0,0,1,차대차 - 기타,직진우회전진행방해,건조,맑음,교차로 - 교차로안,이륜,남,26세,부상신고,승용,남,61세,상해없음
2022020300100228,2022년 2월 3일 14시,목요일,전라남도 완도군 완도읍,경상사고,0,0,2,0,차대차 - 기타,안전운전불이행,건조,맑음,단일로 - 기타,특수,남,30세,상해없음,승용,남,46세,경상
2022020300100263,2022년 2월 3일 15시,목요일,전라남도 여수시 신기동,경상사고,0,0,1,0,차대차 - 측면충돌,안전운전불이행,건조,맑음,기타 - 기타,승용,여,54세,상해없음,승용,남,34세,경상
2022020300100264,2022년 2월 3일 15시,목요일,전라남도 여수시 학동,경상사고,0,0,2,0,차대차 - 측면충돌,차로위반,건조,맑음,단일로 - 기타,승용,남,61세,상해없음,승용,남,25세,경상
2022020300100290,2022년 2월 3일 16시,목요일,전라남도 목포시 산정동,경상사고,0,0,1,0,차대차 - 기타,신호위반,건조,맑음,교차로 - 교차로안,승용,남,66세,상해없음,승용,남,29세,경상
2022020300100291,2022년 2월 3일 16시,목요일,전라남도 영광군 대마면,중상사고,0,1,0,0,차량단독 - 공작물충돌,안전운전불이행,건조,맑음,교차로 - 교차로안,화물,남,75세,중상,,,,
2022020300100292,2022년 2월 3일 16시,목요일,전라남도 광양시 중동,경상사고,0,0,1,0,차대차 - 기타,교차로운행방법위반,건조,맑음,교차로 - 교차로안,승용,여,60세,상해없음,승용,남,46세,경상