사고번호,사고일시,요일,시군구,사고내용,사망자수,중상자수,경상자수,부상신고자수,사고유형,법규위반,노면상태,기상상태,도로형태,가해운전자 차종,가해운전자 성별,가해운전자 연령,가해운전자 상해정도,피해운전자 차종,피해운전자 성별,피해운전자 연령,피해운전자 상해정도
2022020300100315,2022년 2월 3일 17시,목요일,전라남도 순천시 동외동,경상사고,0,0,2,0,차대차 - 측면충돌,직진우회전진행방해,건조,맑음,교차로 - 교차로안,승용,여,64세,경상,승용,남,41세,경상
2022020300100346,2022년 2월 3일 18시,목요일,전라남도 목포시 용해동,경상사고,0,0,1,0,차대차 - 정면충돌,안전운전불이행,건조,기타,주차장 - 주차장,승용,남,64세,상해없음,승용,남,41세,경상
2022020300100347,2022년 2월 3일 18시,목요일,전라남도 여수시 학동,경상사고,0,0,2,0,차대차 - 추돌,안전거리미확보,건조,맑음,교차로 - 교차로안,승용,여,53세,상해없음,승용,남,69세,경상
2022020300100348,2022년 2월 3일 18시,목요일,전라남도 곡성군 죽곡면,경상사고,0,0,1,0,차량단독 - 도로외이탈 - 기타,안전운전불이행,건조,맑음,단일로 - 기타,승용,남,49세,경상,,,,
2022020300100384,2022년 2월 3일 19시,목요일,전라남도 목포시 상동,경상사고,0,0,3,0,차대차 - 기타,직진우회전진행방해,건조,맑음,교차로 - 교차로안,승용,남,64세,경상,승용,남,38세,경상
2022020300100385,2022년 2월 3일 19시,목요일,전라남도 순천시 별량면,경상사고,0,0,2,0,차대차 - 추돌,안전운전불이행,건조,맑음,교차로 - 교차로부근,승용,남,59세,상해없음,승용,남,40세,경상
2022020300100422,2022년 2월 3일 21시,목요일,전라남도 목포시 산정동,경상사고,0,0,2,0,차대차 - 측면충돌,신호위반,건조,맑음,교차로 - 교차로부근,승용,여,43세,상해없음,승용,남,38세,경상
2022020400100026,2022년 2월 4일 06시,금요일,전라남도 장성군 남면,중상사고,0,1,0,0,차대차 - 기타,안전운전불이행,젖음/습기,눈,단일로 - 기타,화물,남,33세,상해없음,승용,남,42세,상해없음
2022020400100041,2022년 2월 4일 07시,금요일,전라남도 영암군 삼호읍,경상사고,0,0,1,0,차대차 - 추돌,안전거리미확보,건조,맑음,단일로 - 기타,승용,남,58세,상해없음,승용,남,43세,경상
2022020400100090,2022년 2월 4일 09시,금요일,전라남도 목포시 옥암동,경상사고,0,0,2,0,차대차 - 추돌,안전운전불이행,건조,맑음,단일로 - 기타,승용,남,60세,경상,승용,남,43세,경상
2022020400100145,2022년 2월 4일 11시,금요일,전라남도 장성군 진원면,경상사고,0,0,1,0,차대사람 - 기타,안전운전불이행,건조,맑음,기타 - 기타,화물,남,69세,상해없음,보행자,여,81세,경상
2022020400100177,2022년 2월 4일 12시,금요일,전라남도 목포시 용해동,경상사고,0,0,1,0,차대차 - 기타,신호위반,건조,맑음,교차로 - 교차로안,승용,여,39세,상해없음,승용,여,36세,경상
2022020400100201,2022년 2월 4일 13시,금요일,전라남도 여수시 여서동,경상사고,0,0,2,0,차대차 - 측면충돌,교차로운행방법위반,건조,맑음,교차로 - 교차로안,승용,남,71세,상해없음,승용,남,28세,경상
2022020400100252,2022년 2월 4일 15시,금요일,전라남도 광양시 중동,경상사고,0,0,1,0,차대차 - 정면충돌,교차로운행방법위반,건조,맑음,교차로 - 교차로안,승용,남,44세,상해없음,이륜,남,26세,경상
2022020400100282,2022년 2월 4일 16시,금요일,전라남도 여수시 신월동,경상사고,0,0,1,0,차대차 - 추돌,안전운전불이행,건조,맑음,단일로 - 기타,화물,남,38세,상해없음,이륜,남,42세,경상
2022020400100314,2022년 2월 4일 17시,금요일,전라남도 목포시 상동,경상사고,0,0,1,0,차대사람 - 차도통행중,안전운전불이행,건조,맑음,교차로 - 교차로부근,승용,여,60세,상해없음,보행자,남,47세,경상
2022020400100315,2022년 2월 4일 17시,금요일,전라남도 여수시 문수동,경상사고,0,0,1,0,차대사람 - 보도통행중,안전운전불이행,건조,맑음,단일로 - 기타,승용,남,36세,상해없음,보행자,남,55세,경상
2022020400100316,2022년 2월 4일 17시,금요일,전라남도 강진군 작천면,경상사고,0,0,1,0,차대차 - 측면충돌,안전운전불이행,건조,맑음,단일로 - 기타,승용,남,57세,상해없음,승용,여,54세,경상
2022020400100362,2022년 2월 4일 18시,금요일,전라남도 목포시 옥암동,경상사고,0,0,3,0,차대차 - 측면충돌,안전운전불이행,건조,맑음,단일로 - 기타,승용,여,44세,경상,승용,남,66세,경상
2022020400100363,2022년 2월 4일 18시,금요일,전라남도 순천시 영동,중상사고,0,1,0,0,차대사람 - 횡단중,보행자보호의무위반,건조,맑음,단일로 - 기타,승용,여,52세,상해없음,보행자,여,71세,중상
2022020400100364,2022년 2월 4일 18시,금요일,전라남도 장성군 진원면,중상사고,0,1,1,0,차대차 - 추돌,안전운전불이행,젖음/습기,눈,단일로 - 기타,승용,남,55세,상해없음,승용,여,49세,중상
2022020400100400,2022년 2월 4일 19시,금요일,전라남도 목포시 산정동,경상사고,0,0,3,0,차대차 - 측면충돌,신호위반,건조,맑음,교차로 - 교차로안,승용,여,29세,상해없음,승용,남,39세,경상
2022020400100401,2022년 2월 4일 19시,금요일,전라남도 목포시 용당동,중상사고,0,1,1,0,차대차 - 측면충돌,신호위반,건조,맑음,교차로 - 교차로부근,이륜,남,19세,중상,승용,여,62세,경상
2022020400100461,2022년 2월 4일 21시,금요일,전라남도 여수시 문수동,경상사고,0,0,1,0,차대차 - 측면충돌,안전운전불이행,건조,맑음,단일로 - 기타,기타불명,기타불명,미분류,기타불명,승합,남,21세,상해없음
2022020400100462,2022년 2월 4일 21시,금요일,전라남도 해남군 해남읍,경상사고,0,0,1,0,차대차 - 기타,신호위반,건조,맑음,교차로 - 교차로안,화물,남,65세,상해없음,승용,남,25세,경상
2022020500100011,2022년 2월 5일 00시,토요일,전라남도 여수시 선원동,경상사고,0,0,1,0,차대차 - 측면충돌,신호위반,건조,맑음,교차로 - 교차로안,승용,남,23세,상해없음,승용,남,64세,경상
2022020500100056,2022년 2월 5일 09시,토요일,전라남도 화순군 사평면,중상사고,0,1,2,0,차대차 - 측면충돌,안전운전불이행,서리/결빙,눈,단일로 - 기타,승용,여,55세,중상,승합,남,60세,경상
2022020500100095,2022년 2월 5일 11시,토요일,전라남도 해남군 해남읍,중상사고,0,1,0,0,차대사람 - 횡단중,안전운전불이행,젖음/습기,눈,기타 - 기타,승용,여,47세,상해없음,보행자,남,61세,중상
2022020500100116,2022년 2월 5일 12시,토요일,전라남도 무안군 삼향읍,경상사고,0,0,1,0,차대차 - 측면충돌,안전운전불이행,젖음/습기,눈,단일로 - 기타,승용,남,41세,상해없음,이륜,남,42세,경상
2022020500100146,2022년 2월 5일 13시,토요일,전라남도 목포시 상동,중상사고,0,1,0,0,차대차 - 측면충돌,안전운전불이행,건조,맑음,단일로 - 기타,승용,남,26세,상해없음,이륜,남,33세,중상
2022020500100147,2022년 2월 5일 13시,토요일,전라남도 목포시 옥암동,경상사고,0,0,1,0,차대차 - 기타,안전운전불이행,젖음/습기,흐림,교차로 - 교차로안,이륜,남,53세,경상,승용,여,52세,상해없음
2022020500100148,2022년 2월 5일 13시,토요일,전라남도 여수시 소호동,경상사고,0,0,1,0,차대차 - 기타,기타,건조,맑음,단일로 - 기타,원동기,남,25세,경상,승용,남,48세,상해없음
2022020500100149,2022년 2월 5일 13시,토요일,전라남도 순천시 조례동,경상사고,0,0,1,0,차대차 - 기타,안전운전불이행,건조,맑음,교차로 - 교차로부근,승용,남,25세,상해없음,이륜,남,26세,경상
2022020500100150,2022년 2월 5일 13시,토요일,전라남도 순천시 주암면,중상사고,0,2,0,0,차대차 - 정면충돌,중앙선침범,건조,맑음,단일로 - 기타,승용,남,40세,상해없음,승용,남,53세,중상
2022020500100175,2022년 2월 5일 14시,토요일,전라남도 광양시 성황동,경상사고,0,0,2,0,차대차 - 측면충돌,기타,건조,맑음,단일로 - 기타,승용,남,47세,상해없음,승용,남,70세,경상
2022020500100254,2022년 2월 5일 17시,토요일,전라남도 여수시 신기동,경상사고,0,0,1,0,차대차 - 측면충돌,교차로운행방법위반,건조,맑음,교차로 - 교차로안,승용,남,37세,상해없음,승용,남,49세,경상
2022020500100271,2022년 2월 5일 18시,토요일,전라남도 함평군 함평읍,경상사고,0,0,1,0,차대차 - 측면충돌,기타,젖음/습기,눈,교차로 - 교차로안,승용,남,26세,경상,승용,남,67세,상해없음
2022020500100272,2022년 2월 5일 18시,토요일,전라남도 담양군 담양읍,경상사고,0,0,1,0,차대사람 - 횡단중,보행자보호의무위반,젖음/습기,눈,교차로 - 교차로부근,승용,남,68세,상해없음,보행자,남,46세,경상
2022020600100028,2022년 2월 6일 09시,일요일,전라남도 강진군 강진읍,중상사고,0,1,0,0,차대차 - 측면충돌,안전거리미확보,건조,맑음,교차로 - 교차로안,승용,남,33세,상해없음,승합,남,48세,상해없음
2022020600100036,2022년 2월 6일 10시,일요일,전라남도 목포시 상동,경상사고,0,0,1,0,차대차 - 기타,안전운전불이행,건조,맑음,단일로 - 기타,승용,남,54세,상해없음,이륜,남,24세,경상
2022020600100037,2022년 2월 6일 10시,일요일,전라남도 순천시 조례동,경상사고,0,0,1,0,차대사람 - 기타,안전운전불이행,건조,맑음,단일로 - 기타,승용,남,62세,상해없음,보행자,여,72세,경상
2022020600100055,2022년 2월 6일 11시,일요일,전라남도 목포시 죽교동,경상사고,0,0,3,0,차대차 - 측면충돌,교차로운행방법위반,건조,맑음,교차로 - 교차로안,승용,여,53세,경상,승용,남,34세,경상
2022020600100109,2022년 2월 6일 14시,일요일,전라남도 구례군 광의면,경상사고,0,0,1,0,차대차 - 기타,안전운전불이행,적설,눈,단일로 - 기타,화물,남,58세,상해없음,승용,남,45세,상해없음
2022020600100132,2022년 2월 6일 15시,일요일,전라남도 고흥군 포두면,경상사고,0,0,3,0,차대차 - 기타,안전운전불이행,건조,맑음,단일로 - 기타,화물,여,61세,경상,화물,남,46세,경상
2022020600100133,2022년 2월 6일 15시,일요일,전라남도 해남군 산이면,경상사고,0,0,4,0,차대차 - 정면충돌,중앙선침범,건조,흐림,교차로 - 교차로부근,승합,여,32세,경상,화물,남,65세,경상
2022020600100153,2022년 2월 6일 16시,일요일,전라남도 영암군 삼호읍,경상사고,0,0,1,0,차대차 - 기타,신호위반,건조,맑음,교차로 - 교차로안,승용,남,35세,상해없음,화물,남,37세,경상
2022020600100154,2022년 2월 6일 16시,일요일,전라남도 광양시 광양읍,경상사고,0,0,1,0,차대차 - 측면충돌,교차로운행방법위반,건조,맑음,교차로 - 교차로안,승용,남,63세,상해없음,승용,여,24세,경상
2022020600100168,2022년 2월 6일 17시,일요일,전라남도 고흥군 고흥읍,부상신고사고,0,0,0,1,차대차 - 기타,안전운전불이행,건조,맑음,단일로 - 기타,승용,남,35세,부상신고,승용,여,57세,기타불명
2022020600100169,2022년 2월 6일 17시,일요일,전라남도 영암군 삼호읍,경상사고,0,0,1,0,차대차 - 후진중충돌,안전운전불이행,건조,맑음,단일로 - 기타,승용,남,59세,상해없음,승용,남,63세,상해없음
2022020600100220,2022년 2월 6일 19시,일요일,전라남도 영암군 영암읍,경상사고,0,0,1,0,차대차 - 측면충돌,안전운전불이행,건조,맑음,단일로 - 기타,승용,남,26세,상해없음,승합,남,64세,경상
2022020600100238,2022년 2월 6일 20시,일요일,전라남도 목포시 용당동,경상사고,0,0,3,0,차대차 - 추돌,안전운전불이행,건조,맑음,단일로 - 기타,승용,남,48세,상해없음,승용,남,47세,경상
2022020600100239,2022년 2월 6일 20시,일요일,전라남도 고흥군 포두면,경상사고,0,0,1,0,차량단독 - 기타,안전운전불이행,건조,맑음,기타 - 기타,화물,남,57세,상해없음,,,,
2022020600100271,2022년 2월 6일 22시,일요일,전라남도 여수시 신기동,경상사고,0,0,1,0,차대차 - 기타,신호위반,건조,맑음,교차로 - 교차로안,승용,남,31세,상해없음,승용,남,29세,경상
2022020700100067,2022년 2월 7일 08시,월요일,전라남도 여수시 여서동,중상사고,0,1,0,0,차대차 - 측면충돌,직진우회전진행방해,건조,맑음,교차로 - 교차로안,이륜,여,52세,중상,승용,여,44세,상해없음
2022020700100109,2022년 2월 7일 10시,월요일,전라남도 순천시 매곡동,경상사고,0,0,2,0,차대차 - 측면충돌,불법유턴,건조,맑음,교차로 - 교차로부근,승용,남,62세,상해없음,승용,남,51세,경상
2022020700100110,2022년 2월 7일 10시,월요일,전라남도 순천시 조례동,경상사고,0,0,1,0,차대차 - 기타,직진우회전진행방해,건조,맑음,교차로 - 교차로안,승용,여,61세,상해없음,승용,여,51세,경상
2022020700100111,2022년 2월 7일 10시,월요일,전라남도 나주시 대호동,경상사고,0,0,1,0,차대차 - 기타,신호위반,건조,맑음,교차로 - 교차로안,승용,남,53세,상해없음,승용,여,25세,경상
2022020700100192,2022년 2월 7일 14시,월요일,전라남도 목포시 용해동,경상사고,0,0,1,0,차대차 - 기타,교차로운행방법위반,건조,맑음,교차로 - 교차로부근,승용,여,32세,상해없음,승합,남,62세,경상
2022020700100215,2022년 2월 7일 15시,월요일,전라남도 광양시 진월면,경상사고,0,0,2,0,차대차 - 추돌,안전운전불이행,건조,맑음,단일로 - 기타,승용,남,23세,상해없음,승용,남,54세,경상
2022020700100242,2022년 2월 7일 16시,월요일,전라남도 신안군 압해읍,경상사고,0,0,2,0,차대차 - 추돌,안전운전불이행,건조,맑음,교차로 - 교차로안,승용,남,24세,상해없음,승용,남,65세,상해없음
2022020700100243,2022년 2월 7일 16시,월요일,전라남도 여수시 율촌면,중상사고,0,1,1,0,차대차 - 측면충돌,교차로운행방법위반,건조,맑음,교차로 - 교차로안,화물,남,24세,상해없음,건설기계,남,48세,경상
2022020700100270,2022년 2월 7일 17시,월요일,전라남도 목포시 동명동,경상사고,0,0,1,0,차대차 - 추돌,안전운전불이행,건조,맑음,교차로 - 교차로안,승용,남,52세,상해없음,승용,여,68세,경상
2022020700100271,2022년 2월 7일 17시,월요일,전라남도 여수시 문수동,경상사고,0,0,1,0,차대사람 - 횡단중,안전운전불이행,건조,맑음,교차로 - 교차로안,화물,남,50세,상해없음,보행자,여,53세,경상
2022020700100307,2022년 2월 7일 18시,월요일,전라남도 여수시 주삼동,경상사고,0,0,1,0,차대차 - 측면충돌,안전운전불이행,건조,맑음,교차로 - 교차로안,승용,남,17세,상해없음,승용,남,40세,경상
2022020700100324,2022년 2월 7일 19시,월요일,전라남도 목포시 상동,경상사고,0,0,1,0,차대차 - 기타,안전운전불이행,건조,맑음,교차로 - 교차로안,승합,남,60세,상해없음,화물,남,29세,경상
2022020700100340,2022년 2월 7일 20시,월요일,전라남도 순천시 왕지동,중상사고,0,2,3,0,차대차 - 정면충돌,신호위반,건조,맑음,교차로 - 교차로안,이륜,남,26세,중상,승용,남,24세,경상
2022020700100373,2022년 2월 7일 21시,월요일,전라남도 목포시 옥암동,경상사고,0,0,1,0,차대차 - 측면충돌,안전운전불이행,건조,맑음,단일로 - 기타,승용,남,37세,상해없음,승용,남,29세,경상
2022020700100374,2022년 2월 7일 21시,월요일,전라남도 여수시 덕충동,경상사고,0,0,1,0,차대차 - 측면충돌,안전운전불이행,건조,맑음,단일로 - 기타,승용,남,55세,상해없음,승용,남,72세,경상
2022020700100375,2022년 2월 7일 21시,월요일,전라남도 해남군 해남읍,경상사고,0,0,2,0,차대차 - 추돌,안전운전불이행,건조,맑음,단일로 - 기타,승용,남,51세,상해없음,화물,남,47세,경상
2022020700100376,2022년 2월 7일 21시,월요일,전라남도 광양시 중동,중상사고,0,1,0,0,차대사람 - 횡단중,안전운전불이행,건조,맑음,단일로 - 기타,승용,남,34세,상해없음,보행자,여,42세,중상
2022020800100006,2022년 2월 8일 00시,화요일,전라남도 순천시 조례동,경상사고,0,0,1,0,차대차 - 기타,안전운전불이행,건조,맑음,교차로 - 교차로부근,승용,남,52세,상해없음,승용,남,70세,경상
2022020800100041,2022년 2월 8일 06시,화요일,전라남도 나주시 빛가람동,경상사고,0,0,1,0,차대차 - 측면충돌,신호위반,건조,맑음,교차로 - 교차로안,승용,남,27세,상해없음,승용,여,27세,경상
2022020800100042,2022년 2월 8일 06시,화요일,전라남도 무안군 삼향읍,경상사고,0,0,1,0,차대사람 - 횡단중,보행자보호의무위반,건조,맑음,교차로 - 교차로안,승용,남,52세,상해없음,보행자,남,51세,경상
2022020800100043,2022년 2월 8일 06시,화요일,전라남도 무안군 삼향읍,중상사고,0,1,0,0,차대사람 - 횡단중,보행자보호의무위반,건조,맑음,교차로 - 교차로횡단보도내,승용,여,49세,상해없음,보행자,여,70세,중상
2022020800100044,2022년 2월 8일 06시,화요일,전라남도 광양시 광양읍,중상사고,0,1,2,1,차대차 - 측면충돌,교차로운행방법위반,건조,맑음,교차로 - 교차로안,화물,여,61세,부상신고,승용,여,18세,경상
2022020800100086,2022년 2월 8일 08시,화요일,전라남도 순천시 남정동,경상사고,0,0,1,0,차대사람 - 기타,안전운전불이행,건조,맑음,교차로 - 교차로안,승합,여,49세,상해없음,보행자,남,74세,경상
2022020800100087,2022년 2월 8일 08시,화요일,전라남도 고흥군 동일면,중상사고,0,1,0,0,차대차 - 기타,중앙선침범,건조,맑음,단일로 - 기타,승용,남,69세,상해없음,화물,남,36세,중상
2022020800100115,2022년 2월 8일 09시,화요일,전라남도 순천시 매곡동,경상사고,0,0,1,0,차대차 - 기타,교차로운행방법위반,건조,맑음,교차로 - 교차로부근,승용,여,64세,상해없음,승합,남,50세,상해없음
2022020800100133,2022년 2월 8일 10시,화요일,전라남도 목포시 용해동,경상사고,0,0,1,0,차대차 - 측면충돌,신호위반,건조,맑음,교차로 - 교차로안,승용,남,42세,상해없음,승용,남,38세,경상
2022020800100155,2022년 2월 8일 11시,화요일,전라남도 광양시 광영동,중상사고,0,1,0,0,차대사람 - 횡단중,안전운전불이행,건조,맑음,단일로 - 기타,건설기계,남,45세,상해없음,보행자,남,29세,중상
2022020800100174,2022년 2월 8일 12시,화요일,전라남도 목포시 용당동,부상신고사고,0,0,0,1,차대차 - 측면충돌,안전운전불이행,건조,맑음,교차로 - 교차로안,승용,남,71세,상해없음,이륜,남,20세,부상신고
2022020800100175,2022년 2월 8일 12시,화요일,전라남도 보성군 보성읍,경상사고,0,0,3,0,차대차 - 측면충돌,직진우회전진행방해,건조,맑음,교차로 - 교차로안,승용,남,63세,경상,화물,남,41세,경상
2022020800100203,2022년 2월 8일 13시,화요일,전라남도 순천시 조례동,경상사고,0,0,1,0,차대차 - 측면충돌,안전거리미확보,건조,맑음,교차로 - 교차로부근,승용,남,67세,상해없음,승용,여,25세,경상
2022020800100204,2022년 2월 8일 13시,화요일,전라남도 구례군 광의면,중상사고,0,1,2,0,차대차 - 측면충돌,직진우회전진행방해,건조,맑음,교차로 - 교차로안,승용,여,64세,경상,건설기계,남,61세,경상
2022020800100237,2022년 2월 8일 14시,화요일,전라남도 여수시 문수동,중상사고,0,1,0,0,차대차 - 정면충돌,안전운전불이행,건조,맑음,단일로 - 기타,승용,남,45세,상해없음,자전거,남,12세,중상
2022020800100273,2022년 2월 8일 15시,화요일,전라남도 여수시 돌산읍,부상신고사고,0,0,0,1,차량단독 - 공작물충돌,안전운전불이행,건조,맑음,교차로 - 교차로안,승용,남,18세,부상신고,,,,
2022020800100322,2022년 2월 8일 17시,화요일,전라남도 목포시 상동,경상사고,0,0,1,0,차대차 - 기타,안전운전불이행,건조,맑음,교차로 - 교차로안,이륜,남,20세,상해없음,이륜,남,41세,경상
2022020800100367,2022년 2월 8일 18시,화요일,전라남도 여수시 학동,경상사고,0,0,1,0,차대차 - 측면충돌,차로위반,건조,맑음,단일로 - 기타,승용,남,43세,상해없음,승용,남,37세,경상
2022020800100368,2022년 2월 8일 18시,화요일,전라남도 장성군 북일면,중상사고,0,1,0,0,차대차 - 기타,중앙선침범,건조,맑음,교차로 - 교차로안,화물,남,51세,상해없음,승용,여,56세,중상
2022020800100415,2022년 2월 8일 19시,화요일,전라남도 목포시 옥암동,경상사고,0,0,2,0,차대차 - 측면충돌,안전운전불이행,건조,기타,기타 - 기타,승용,남,18세,상해없음,승용,남,47세,상해없음
2022020800100416,2022년 2월 8일 19시,화요일,전라남도 광양시 중동,경상사고,0,0,1,1,차대사람 - 횡단중,신호위반,건조,맑음,교차로 - 교차로횡단보도내,이륜,남,47세,부상신고,보행자,여,25세,경상
2022020800100476,2022년 2월 8일 21시,화요일,전라남도 여수시 여서동,중상사고,0,1,0,0,차대차 - 측면충돌,교차로운행방법위반,건조,맑음,교차로 - 교차로안,승용,남,62세,상해없음,이륜,남,53세,중상
2022020800100477,2022년 2월 8일 21시,화요일,전라남도 광양시 광양읍,경상사고,0,0,3,0,차대차 - 추돌,안전운전불이행,건조,맑음,교차로 - 교차로부근,화물,남,53세,상해없음,승용,남,44세,경상
2022020800100520,2022년 2월 8일 23시,화요일,전라남도 해남군 마산면,중상사고,0,1,0,0,차대차 - 정면충돌,중앙선침범,건조,맑음,단일로 - 기타,승용,남,32세,상해없음,승용,남,46세,중상
2022020900100004,2022년 2월 9일 00시,수요일,전라남도 순천시 조곡동,경상사고,0,0,1,0,차대차 - 측면충돌,신호위반,건조,맑음,교차로 - 교차로안,승용,남,58세,상해없음,이륜,남,21세,경상
2022020900100013,2022년 2월 9일 01시,수요일,전라남도 나주시 동수동,경상사고,0,0,3,0,차대차 - 기타,신호위반,건조,흐림,교차로 - 교차로안,화물,남,57세,경상,승용,남,31세,경상
2022020900100042,2022년 2월 9일 06시,수요일,전라남도 완도군 완도읍,경상사고,0,0,1,0,차대차 - 기타,안전운전불이행,건조,맑음,단일로 - 기타,승합,남,59세,기타불명,이륜,남,82세,경상
2022020900100088,2022년 2월 9일 08시,수요일,전라남도 목포시 용당동,경상사고,0,0,2,0,차대차 - 추돌,안전운전불이행,건조,맑음,교차로 - 교차로부근,화물,남,52세,경상,승용,여,50세,경상
2022020900100089,2022년 2월 9일 08시,수요일,전라남도 목포시 대양동,경상사고,0,0,3,0,차대차 - 측면충돌,안전운전불이행,건조,맑음,단일로 - 기타,화물,남,32세,경상,승합,남,22세,경상
2022020900100090,2022년 2월 9일 08시,수요일,전라남도 고흥군 과역면,경상사고,0,0,2,0,차대차 - 측면충돌,기타,건조,맑음,교차로 - 교차로안,화물,여,58세,경상,화물,남,67세,경상
2022020900100091,2022년 2월 9일 08시,수요일,전라남도 무안군 삼향읍,경상사고,0,0,3,0,차대차 - 추돌,안전운전불이행,건조,맑음,교차로 - 교차로부근,승용,남,69세,경상,승용,남,62세,경상
2022020900100109,2022년 2월 9일 09시,수요일,전라남도 해남군 해남읍,경상사고,0,0,1,0,차대차 - 측면충돌,안전운전불이행,건조,맑음,교차로 - 교차로안,화물,남,42세,상해없음,승용,남,54세,경상
2022020900100133,2022년 2월 9일 10시,수요일,전라남도 목포시 용당동,중상사고,0,1,0,0,차대사람 - 기타,안전운전불이행,건조,맑음,교차로 - 교차로부근,승용,남,47세,상해없음,보행자,여,72세,중상
2022020900100220,2022년 2월 9일 13시,수요일,전라남도 담양군 고서면,경상사고,0,0,2,0,차대차 - 기타,중앙선침범,건조,맑음,단일로 - 기타,승용,남,76세,상해없음,승용,남,68세,경상
2022020900100221,2022년 2월 9일 13시,수요일,전라남도 완도군 완도읍,경상사고,0,0,1,0,차대차 - 후진중충돌,안전운전불이행,건조,맑음,단일로 - 기타,승용,여,33세,상해없음,승용,여,71세,경상
2022020900100271,2022년 2월 9일 15시,수요일,전라남도 목포시 용해동,경상사고,0,0,1,0,차대차 - 측면충돌,신호위반,건조,맑음,교차로 - 교차로안,승용,남,65세,상해없음,이륜,남,38세,경상
2022020900100332,2022년 2월 9일 17시,수요일,전라남도 여수시 오림동,경상사고,0,0,1,0,차대차 - 기타,교차로운행방법위반,건조,맑음,교차로 - 교차로안,승용,남,28세,상해없음,자전거,남,10세,경상
2022020900100370,2022년 2월 9일 18시,수요일,전라남도 해남군 마산면,경상사고,0,0,1,0,차대차 - 측면충돌,신호위반,건조,맑음,교차로 - 교차로안,화물,남,51세,상해없음,승용,여,57세,경상
2022020900100418,2022년 2월 9일 19시,수요일,전라남도 목포시 용당동,중상사고,0,1,0,0,차대차 - 측면충돌,안전운전불이행,건조,흐림,단일로 - 기타,승용,남,63세,상해없음,이륜,남,18세,중상
2022020900100419,2022년 2월 9일 19시,수요일,전라남도 목포시 상동,경상사고,0,0,2,0,차대차 - 측면충돌,신호위반,건조,맑음,교차로 - 교차로안,이륜,남,19세,경상,승용,여,57세,경상
2022020900100420,2022년 2월 9일 19시,수요일,전라남도 목포시 용해동,경상사고,0,0,1,0,차대차 - 측면충돌,안전운전불이행,건조,맑음,교차로 - 교차로부근,승용,남,52세,상해없음,승용,남,36세,경상
2022020900100421,2022년 2월 9일 19시,수요일,전라남도 순천시 연향동,경상사고,0,0,2,0,차대차 - 기타,안전운전불이행,건조,맑음,단일로 - 기타,승합,남,52세,상해없음,승용,남,52세,경상
2022020900100422,2022년 2월 9일 19시,수요일,전라남도 고흥군 고흥읍,경상사고,0,0,1,0,차대사람 - 기타,안전운전불이행,건조,맑음,기타 - 기타,승용,남,64세,상해없음,보행자,남,53세,경상
2022020900100423,2022년 2월 9일 19시,수요일,전라남도 함평군 해보면,중상사고,0,2,0,0,차대차 - 추돌,안전운전불이행,건조,맑음,단일로 - 기타,특수,남,48세,상해없음,이륜,남,37세,중상
2022020900100459,2022년 2월 9일 20시,수요일,전라남도 목포시 축복동1가,경상사고,0,0,1,0,차대차 - 추돌,안전운전불이행,건조,맑음,단일로 - 기타,승용,남,30세,상해없음,승용,여,47세,경상
2022020900100502,2022년 2월 9일 21시,수요일,전라남도 목포시 용해동,경상사고,0,0,1,0,차대차 - 측면충돌,신호위반,건조,맑음,교차로 - 교차로안,승합,남,27세,상해없음,승용,남,44세,경상
2022020900100533,2022년 2월 9일 23시,수요일,전라남도 순천시 조례동,경상사고,0,0,2,0,차대차 - 기타,안전운전불이행,건조,맑음,교차로 - 교차로안,이륜,남,51세,상해없음,승용,여,49세,경상
2022021000100027,2022년 2월 10일 06시,목요일,전라남도 강진군 병영면,경상사고,0,0,1,0,차량단독 - 공작물충돌,안전운전불이행,건조,맑음,단일로 - 기타,화물,남,83세,경상,,,,
2022021000100067,2022년 2월 10일 08시,목요일,전라남도 여수시 광무동,경상사고,0,0,1,0,차대사람 - 횡단중,안전운전불이행,건조,맑음,교차로 - 교차로횡단보도내,화물,남,59세,상해없음,보행자,여,64세,경상
2022021000100068,2022년 2월 10일 08시,목요일,전라남도 광양시 마동,경상사고,0,0,2,0,차대차 - 추돌,직진우회전진행방해,건조,맑음,교차로 - 교차로안,승용,여,55세,경상,승용,여,36세,경상
2022021000100094,2022년 2월 10일 09시,목요일,전라남도 장흥군 대덕읍,경상사고,0,0,1,0,차량단독 - 도로외이탈 - 추락,안전운전불이행,건조,맑음,기타 - 기타,화물,남,49세,경상,,,,
2022021000100158,2022년 2월 10일 11시,목요일,전라남도 목포시 산정동,중상사고,0,1,0,1,차대사람 - 횡단중,신호위반,건조,맑음,교차로 - 교차로횡단보도내,자전거,남,76세,부상신고,보행자,여,74세,중상
2022021000100159,2022년 2월 10일 11시,목요일,전라남도 여수시 소라면,중상사고,0,1,1,0,차대차 - 측면충돌,안전운전불이행,건조,맑음,교차로 - 교차로안,승용,여,52세,경상,승용,여,58세,중상
2022021000100160,2022년 2월 10일 11시,목요일,전라남도 여수시 신기동,중상사고,0,1,0,0,차대차 - 측면충돌,안전운전불이행,건조,맑음,교차로 - 교차로안,승용,여,57세,상해없음,이륜,남,37세,중상
2022021000100161,2022년 2월 10일 11시,목요일,전라남도 담양군 담양읍,중상사고,0,1,0,0,차량단독 - 공작물충돌,안전운전불이행,건조,맑음,교차로 - 교차로부근,이륜,남,72세,중상,,,,
2022021000100207,2022년 2월 10일 13시,목요일,전라남도 영암군 덕진면,사망사고,1,0,1,0,차대차 - 측면충돌,안전운전불이행,건조,맑음,교차로 - 교차로안,화물,남,70세,사망,화물,남,55세,경상