사고번호,사고일시,요일,시군구,사고내용,사망자수,중상자수,경상자수,부상신고자수,사고유형,법규위반,노면상태,기상상태,도로형태,가해운전자 차종,가해운전자 성별,가해운전자 연령,가해운전자 상해정도,피해운전자 차종,피해운전자 성별,피해운전자 연령,피해운전자 상해정도
2022021000100208,2022년 2월 10일 13시,목요일,전라남도 무안군 해제면,경상사고,0,0,1,0,차대차 - 측면충돌,안전운전불이행,건조,맑음,교차로 - 교차로안,승용,남,42세,상해없음,이륜,남,73세,경상
2022021000100245,2022년 2월 10일 14시,목요일,전라남도 여수시 웅천동,경상사고,0,0,5,0,차대차 - 측면충돌,신호위반,건조,맑음,교차로 - 교차로안,승용,남,60세,상해없음,승용,남,59세,경상
2022021000100300,2022년 2월 10일 16시,목요일,전라남도 여수시 주삼동,중상사고,0,1,4,0,차대차 - 기타,안전운전불이행,건조,맑음,단일로 - 기타,승용,남,55세,중상,승용,여,53세,경상
2022021000100301,2022년 2월 10일 16시,목요일,전라남도 순천시 해룡면,중상사고,0,1,1,0,차대차 - 측면충돌,안전운전불이행,건조,맑음,단일로 - 기타,승용,남,22세,경상,승용,남,43세,중상
2022021000100302,2022년 2월 10일 16시,목요일,전라남도 나주시 남평읍,경상사고,0,0,1,0,차대사람 - 횡단중,안전운전불이행,건조,맑음,교차로 - 교차로부근,승용,남,47세,상해없음,보행자,남,55세,경상
2022021000100327,2022년 2월 10일 17시,목요일,전라남도 장흥군 장평면,중상사고,0,1,0,0,차대차 - 추돌,불법유턴,건조,맑음,단일로 - 기타,사륜오토바이(ATV),남,82세,중상,화물,남,45세,상해없음
2022021000100363,2022년 2월 10일 18시,목요일,전라남도 무안군 삼향읍,경상사고,0,0,1,0,차대차 - 기타,안전운전불이행,건조,맑음,교차로 - 교차로안,승용,여,34세,상해없음,승용,여,29세,경상
2022021000100364,2022년 2월 10일 18시,목요일,전라남도 광양시 광양읍,경상사고,0,0,1,0,차대차 - 측면충돌,신호위반,건조,맑음,교차로 - 교차로부근,화물,남,51세,상해없음,승용,남,28세,경상
2022021000100467,2022년 2월 10일 21시,목요일,전라남도 여수시 웅천동,경상사고,0,0,1,0,차대차 - 측면충돌,신호위반,건조,맑음,교차로 - 교차로안,승용,남,22세,상해없음,승용,여,32세,경상
2022021100100018,2022년 2월 11일 05시,금요일,전라남도 순천시 서면,중상사고,0,1,0,0,차대차 - 측면충돌,안전운전불이행,건조,맑음,교차로 - 교차로부근,승용,남,23세,상해없음,자전거,남,49세,중상
2022021100100068,2022년 2월 11일 08시,금요일,전라남도 여수시 학동,경상사고,0,0,1,0,차대차 - 측면충돌,안전운전불이행,건조,맑음,단일로 - 기타,화물,남,66세,상해없음,승용,남,37세,경상
2022021100100125,2022년 2월 11일 10시,금요일,전라남도 순천시 별량면,경상사고,0,0,1,0,차대사람 - 기타,안전운전불이행,건조,맑음,단일로 - 기타,승용,여,33세,상해없음,보행자,남,84세,경상
2022021100100126,2022년 2월 11일 10시,금요일,전라남도 해남군 화산면,경상사고,0,0,1,0,차량단독 - 기타,안전운전불이행,건조,맑음,단일로 - 기타,사륜오토바이(ATV),여,86세,경상,,,,
2022021100100127,2022년 2월 11일 10시,금요일,전라남도 진도군 진도읍,사망사고,1,0,0,0,차대차 - 정면충돌,안전운전불이행,건조,맑음,단일로 - 기타,화물,남,70세,상해없음,이륜,남,83세,사망
2022021100100154,2022년 2월 11일 11시,금요일,전라남도 광양시 성황동,경상사고,0,0,1,0,차대차 - 추돌,안전운전불이행,건조,맑음,교차로 - 교차로부근,건설기계,남,38세,상해없음,화물,남,44세,경상
2022021100100187,2022년 2월 11일 12시,금요일,전라남도 여수시 공화동,경상사고,0,0,5,0,차대차 - 정면충돌,신호위반,건조,맑음,교차로 - 교차로안,승용,남,65세,상해없음,승합,남,50세,경상
2022021100100188,2022년 2월 11일 12시,금요일,전라남도 영암군 삼호읍,경상사고,0,0,2,0,차대차 - 추돌,안전운전불이행,건조,맑음,단일로 - 기타,이륜,남,19세,기타불명,승용,남,18세,경상
2022021100100235,2022년 2월 11일 14시,금요일,전라남도 강진군 대구면,중상사고,0,1,1,0,차대차 - 측면충돌,중앙선침범,건조,맑음,단일로 - 기타,승용,남,67세,중상,건설기계,남,56세,경상
2022021100100272,2022년 2월 11일 15시,금요일,전라남도 여수시 신기동,경상사고,0,0,1,0,차대사람 - 기타,안전운전불이행,건조,맑음,주차장 - 주차장,승용,남,80세,상해없음,보행자,여,55세,경상
2022021100100303,2022년 2월 11일 16시,금요일,전라남도 나주시 다시면,경상사고,0,0,1,0,차량단독 - 도로외이탈 - 기타,안전운전불이행,건조,맑음,단일로 - 기타,화물,남,59세,경상,,,,
2022021100100331,2022년 2월 11일 17시,금요일,전라남도 화순군 화순읍,경상사고,0,0,1,0,차대차 - 기타,불법유턴,건조,맑음,교차로 - 교차로횡단보도내,자전거,남,61세,경상,화물,남,64세,상해없음
2022021100100373,2022년 2월 11일 18시,금요일,전라남도 여수시 학동,경상사고,0,0,1,0,차대차 - 측면충돌,차로위반,건조,맑음,교차로 - 교차로안,승용,여,31세,상해없음,승용,여,65세,경상
2022021100100427,2022년 2월 11일 19시,금요일,전라남도 목포시 석현동,경상사고,0,0,2,0,차대차 - 측면충돌,안전운전불이행,건조,맑음,교차로 - 교차로부근,승용,여,44세,상해없음,승용,남,37세,경상
2022021100100428,2022년 2월 11일 19시,금요일,전라남도 영광군 군서면,중상사고,0,5,0,0,차대차 - 측면충돌,신호위반,건조,맑음,교차로 - 교차로안,화물,남,71세,상해없음,화물,남,63세,중상
2022021100100484,2022년 2월 11일 21시,금요일,전라남도 목포시 상동,사망사고,1,0,0,0,차대사람 - 차도통행중,안전운전불이행,건조,맑음,기타 - 기타,승용,남,37세,상해없음,보행자,남,41세,사망
2022021100100524,2022년 2월 11일 23시,금요일,전라남도 목포시 대양동,경상사고,0,0,1,0,차대차 - 측면충돌,안전운전불이행,건조,맑음,기타 - 기타,화물,남,46세,상해없음,승용,남,32세,경상
2022021100100525,2022년 2월 11일 23시,금요일,전라남도 무안군 삼향읍,중상사고,0,1,2,0,차대차 - 기타,신호위반,건조,맑음,교차로 - 교차로안,승용,남,48세,경상,승용,남,33세,경상
2022021200100041,2022년 2월 12일 06시,토요일,전라남도 순천시 풍덕동,경상사고,0,0,1,0,차대차 - 측면충돌,안전운전불이행,건조,맑음,교차로 - 교차로부근,승용,남,16세,상해없음,승용,남,34세,경상
2022021200100042,2022년 2월 12일 06시,토요일,전라남도 해남군 북평면,중상사고,0,1,1,0,차대사람 - 기타,안전운전불이행,건조,기타,단일로 - 기타,이륜,남,78세,경상,보행자,여,72세,중상
2022021200100068,2022년 2월 12일 09시,토요일,전라남도 구례군 마산면,경상사고,0,0,1,0,차대차 - 측면충돌,안전운전불이행,건조,맑음,단일로 - 기타,화물,남,43세,기타불명,이륜,남,79세,경상
2022021200100096,2022년 2월 12일 10시,토요일,전라남도 순천시 황전면,경상사고,0,0,2,0,차대차 - 기타,안전운전불이행,건조,맑음,기타 - 기타,화물,남,67세,상해없음,승용,남,60세,경상
2022021200100121,2022년 2월 12일 11시,토요일,전라남도 장흥군 장흥읍,중상사고,0,1,0,0,차대사람 - 길가장자리구역통행중,안전운전불이행,건조,맑음,단일로 - 기타,승용,남,76세,기타불명,보행자,여,69세,중상
2022021200100172,2022년 2월 12일 13시,토요일,전라남도 여수시 문수동,부상신고사고,0,0,0,1,차대차 - 기타,안전운전불이행,건조,맑음,단일로 - 기타,이륜,남,18세,부상신고,승용,남,55세,상해없음
2022021200100173,2022년 2월 12일 13시,토요일,전라남도 순천시 낙안면,경상사고,0,0,5,0,차대차 - 측면충돌,교차로운행방법위반,건조,맑음,교차로 - 교차로안,승용,남,68세,경상,승용,남,45세,경상
2022021200100174,2022년 2월 12일 13시,토요일,전라남도 순천시 홍내동,경상사고,0,0,1,0,차대차 - 기타,직진우회전진행방해,건조,맑음,교차로 - 교차로안,승용,여,26세,상해없음,승용,남,40세,경상
2022021200100229,2022년 2월 12일 15시,토요일,전라남도 목포시 연산동,경상사고,0,0,3,0,차대차 - 측면충돌,안전운전불이행,건조,맑음,단일로 - 기타,승용,여,42세,경상,이륜,남,38세,경상
2022021200100260,2022년 2월 12일 16시,토요일,전라남도 순천시 해룡면,경상사고,0,0,4,0,차대차 - 측면충돌,차로위반,건조,맑음,단일로 - 기타,특수,남,62세,상해없음,승용,남,62세,경상
2022021200100261,2022년 2월 12일 16시,토요일,전라남도 해남군 해남읍,경상사고,0,0,1,0,차대차 - 측면충돌,기타,건조,맑음,교차로 - 교차로안,이륜,남,23세,경상,승용,여,43세,상해없음
2022021200100283,2022년 2월 12일 17시,토요일,전라남도 목포시 산정동,중상사고,0,1,0,0,차대차 - 기타,안전운전불이행,건조,맑음,교차로 - 교차로부근,승용,남,50세,상해없음,이륜,남,47세,중상
2022021200100284,2022년 2월 12일 17시,토요일,전라남도 영광군 홍농읍,중상사고,0,1,0,0,차대차 - 측면충돌,직진우회전진행방해,건조,맑음,교차로 - 교차로안,승용,여,58세,중상,승합,남,51세,상해없음
2022021300100048,2022년 2월 13일 10시,일요일,전라남도 무안군 삼향읍,경상사고,0,0,1,0,차대사람 - 기타,신호위반,건조,맑음,기타 - 기타,승용,남,21세,상해없음,보행자,여,41세,경상
2022021300100085,2022년 2월 13일 12시,일요일,전라남도 목포시 대양동,사망사고,1,0,0,0,차대차 - 측면충돌,안전운전불이행,건조,맑음,단일로 - 기타,원동기,남,65세,사망,화물,남,49세,상해없음
2022021300100098,2022년 2월 13일 13시,일요일,전라남도 여수시 고소동,경상사고,0,0,2,0,차대차 - 측면충돌,안전운전불이행,건조,맑음,단일로 - 기타,승용,남,64세,기타불명,승용,여,24세,경상
2022021300100122,2022년 2월 13일 14시,일요일,전라남도 순천시 연향동,중상사고,0,1,2,0,차대차 - 측면충돌,안전운전불이행,건조,맑음,단일로 - 기타,승용,남,15세,상해없음,이륜,남,37세,중상
2022021300100176,2022년 2월 13일 16시,일요일,전라남도 무안군 삼향읍,경상사고,0,0,2,0,차대차 - 추돌,안전운전불이행,건조,맑음,교차로 - 교차로부근,승용,여,44세,상해없음,승용,남,31세,경상
2022021300100177,2022년 2월 13일 16시,일요일,전라남도 무안군 현경면,중상사고,0,1,2,0,차대차 - 측면충돌,안전운전불이행,건조,맑음,교차로 - 교차로부근,화물,여,63세,상해없음,승용,여,55세,경상
2022021300100304,2022년 2월 13일 21시,일요일,전라남도 목포시 호남동,경상사고,0,0,2,0,차대차 - 추돌,안전운전불이행,건조,맑음,단일로 - 기타,승용,여,38세,상해없음,승용,여,21세,경상
2022021300100305,2022년 2월 13일 21시,일요일,전라남도 여수시 충무동,경상사고,0,0,1,0,차대차 - 측면충돌,안전운전불이행,건조,맑음,교차로 - 교차로안,승용,남,26세,상해없음,자전거,여,62세,경상
2022021300100316,2022년 2월 13일 22시,일요일,전라남도 강진군 신전면,부상신고사고,0,0,0,1,차대차 - 측면충돌,안전운전불이행,건조,맑음,단일로 - 기타,승용,남,21세,상해없음,화물,남,48세,부상신고
2022021300100328,2022년 2월 13일 23시,일요일,전라남도 광양시 마동,경상사고,0,0,1,0,차대차 - 측면충돌,안전운전불이행,건조,맑음,교차로 - 교차로부근,승용,남,58세,상해없음,이륜,남,19세,경상
2022021400100009,2022년 2월 14일 01시,월요일,전라남도 목포시 죽동,경상사고,0,0,1,0,차대차 - 기타,안전운전불이행,건조,맑음,교차로 - 교차로안,승용,여,19세,기타불명,승용,남,37세,경상
2022021400100011,2022년 2월 14일 02시,월요일,전라남도 강진군 성전면,부상신고사고,0,0,0,1,차량단독 - 전도전복 - 전도,안전운전불이행,건조,기타,단일로 - 기타,이륜,남,52세,부상신고,,,,
2022021400100014,2022년 2월 14일 04시,월요일,전라남도 목포시 용해동,중상사고,0,2,0,0,차대차 - 측면충돌,기타,건조,맑음,교차로 - 교차로안,화물,남,55세,상해없음,화물,남,60세,중상
2022021400100038,2022년 2월 14일 06시,월요일,전라남도 여수시 여서동,중상사고,0,1,0,0,차대사람 - 횡단중,보행자보호의무위반,건조,맑음,교차로 - 교차로횡단보도내,승용,남,61세,상해없음,보행자,남,75세,중상
2022021400100058,2022년 2월 14일 07시,월요일,전라남도 무안군 무안읍,경상사고,0,0,1,0,차대차 - 기타,교차로운행방법위반,건조,맑음,교차로 - 교차로안,승용,남,77세,상해없음,승용,남,59세,상해없음
2022021400100059,2022년 2월 14일 07시,월요일,전라남도 광양시 광영동,경상사고,0,0,1,0,차대차 - 추돌,안전거리미확보,건조,흐림,교차로 - 교차로부근,승용,남,58세,상해없음,이륜,남,39세,경상
2022021400100100,2022년 2월 14일 09시,월요일,전라남도 순천시 조례동,부상신고사고,0,0,0,1,차대사람 - 기타,안전운전불이행,건조,맑음,단일로 - 기타,승용,남,19세,상해없음,보행자,남,53세,부상신고
2022021400100101,2022년 2월 14일 09시,월요일,전라남도 무안군 삼향읍,경상사고,0,0,1,0,차대차 - 측면충돌,안전운전불이행,건조,맑음,단일로 - 기타,승용,여,35세,상해없음,승용,여,46세,경상
2022021400100128,2022년 2월 14일 10시,월요일,전라남도 여수시 신기동,경상사고,0,0,1,0,차대차 - 측면충돌,안전운전불이행,건조,맑음,교차로 - 교차로안,승용,여,55세,상해없음,화물,남,66세,경상
2022021400100129,2022년 2월 14일 10시,월요일,전라남도 곡성군 오산면,경상사고,0,0,2,0,차대차 - 측면충돌,직진우회전진행방해,건조,맑음,교차로 - 교차로안,승용,여,64세,경상,화물,남,29세,경상
2022021400100159,2022년 2월 14일 11시,월요일,전라남도 순천시 덕암동,경상사고,0,0,1,0,차대차 - 측면충돌,교차로운행방법위반,건조,맑음,교차로 - 교차로안,승용,남,78세,상해없음,이륜,남,37세,경상
2022021400100160,2022년 2월 14일 11시,월요일,전라남도 곡성군 삼기면,중상사고,0,5,0,0,차대사람 - 기타,안전운전불이행,건조,맑음,단일로 - 기타,원동기,여,76세,중상,보행자,여,67세,중상
2022021400100187,2022년 2월 14일 12시,월요일,전라남도 영암군 영암읍,경상사고,0,0,1,0,차대차 - 측면충돌,안전운전불이행,건조,맑음,교차로 - 교차로부근,화물,남,66세,기타불명,승용,여,59세,경상
2022021400100188,2022년 2월 14일 12시,월요일,전라남도 담양군 가사문학면,경상사고,0,0,2,0,차대차 - 측면충돌,안전운전불이행,건조,맑음,교차로 - 교차로안,승용,여,56세,상해없음,화물,남,67세,경상
2022021400100248,2022년 2월 14일 14시,월요일,전라남도 목포시 상동,경상사고,0,0,1,0,차대차 - 추돌,안전운전불이행,건조,맑음,단일로 - 기타,승용,남,69세,상해없음,승용,여,66세,경상
2022021400100249,2022년 2월 14일 14시,월요일,전라남도 순천시 송광면,사망사고,1,1,0,0,차량단독 - 기타,안전운전불이행,건조,맑음,단일로 - 기타,승용,남,79세,상해없음,,,,
2022021400100250,2022년 2월 14일 14시,월요일,전라남도 영광군 법성면,중상사고,0,1,0,0,차대차 - 기타,안전운전불이행,건조,맑음,교차로 - 교차로안,승용,여,59세,상해없음,이륜,남,84세,중상
2022021400100319,2022년 2월 14일 16시,월요일,전라남도 영광군 법성면,중상사고,0,1,0,0,차대사람 - 기타,안전운전불이행,건조,맑음,단일로 - 기타,화물,남,48세,상해없음,보행자,여,72세,중상
2022021400100344,2022년 2월 14일 17시,월요일,전라남도 목포시 용해동,경상사고,0,0,1,0,차대차 - 측면충돌,안전운전불이행,건조,맑음,단일로 - 기타,승용,남,38세,상해없음,승용,남,45세,경상
2022021400100383,2022년 2월 14일 18시,월요일,전라남도 여수시 여서동,경상사고,0,0,1,0,차대차 - 측면충돌,안전운전불이행,건조,맑음,교차로 - 교차로안,승용,여,40세,상해없음,승용,여,29세,경상
2022021400100384,2022년 2월 14일 18시,월요일,전라남도 나주시 남평읍,중상사고,0,1,1,0,차대차 - 기타,안전운전불이행,건조,맑음,교차로 - 교차로안,승용,여,55세,중상,화물,남,66세,경상
2022021400100465,2022년 2월 14일 21시,월요일,전라남도 여수시 신기동,경상사고,0,0,1,0,차대차 - 추돌,안전운전불이행,건조,맑음,단일로 - 기타,승용,남,59세,상해없음,승용,남,52세,경상
2022021400100466,2022년 2월 14일 21시,월요일,전라남도 여수시 충무동,경상사고,0,0,1,0,차량단독 - 기타,안전운전불이행,건조,맑음,교차로 - 교차로안,승용,남,60세,상해없음,,,,
2022021400100467,2022년 2월 14일 21시,월요일,전라남도 무안군 무안읍,경상사고,0,0,1,0,차대차 - 기타,안전운전불이행,건조,맑음,단일로 - 기타,화물,남,49세,상해없음,화물,남,41세,경상
2022021500100023,2022년 2월 15일 06시,화요일,전라남도 여수시 학동,경상사고,0,0,1,0,차대차 - 측면충돌,안전운전불이행,건조,맑음,교차로 - 교차로횡단보도내,승용,남,57세,상해없음,개인형이동수단(PM),여,30세,경상
2022021500100119,2022년 2월 15일 11시,화요일,전라남도 여수시 돌산읍,경상사고,0,0,2,0,차대차 - 기타,중앙선침범,건조,맑음,단일로 - 기타,승용,여,46세,상해없음,화물,남,30세,경상
2022021500100146,2022년 2월 15일 12시,화요일,전라남도 광양시 중동,경상사고,0,0,2,0,차대차 - 측면충돌,교차로운행방법위반,건조,맑음,교차로 - 교차로안,승용,여,53세,경상,승용,여,61세,경상
2022021500100176,2022년 2월 15일 13시,화요일,전라남도 목포시 상동,경상사고,0,0,1,0,차대차 - 측면충돌,신호위반,건조,맑음,단일로 - 터널,승용,여,52세,상해없음,승용,남,62세,경상
2022021500100177,2022년 2월 15일 13시,화요일,전라남도 함평군 함평읍,경상사고,0,0,2,0,차대차 - 측면충돌,직진우회전진행방해,건조,맑음,교차로 - 교차로안,승용,남,76세,상해없음,승용,남,52세,경상
2022021500100230,2022년 2월 15일 15시,화요일,전라남도 무안군 현경면,경상사고,0,0,1,0,차대차 - 측면충돌,기타,건조,맑음,교차로 - 교차로안,화물,남,54세,상해없음,화물,남,22세,경상
2022021500100259,2022년 2월 15일 16시,화요일,전라남도 목포시 옥암동,경상사고,0,0,2,0,차대차 - 측면충돌,안전운전불이행,건조,맑음,교차로 - 교차로안,승용,여,47세,기타불명,승용,남,22세,경상
2022021500100260,2022년 2월 15일 16시,화요일,전라남도 나주시 산포면,중상사고,0,2,0,0,차대차 - 정면충돌,중앙선침범,건조,맑음,단일로 - 기타,승용,남,67세,상해없음,승용,여,31세,중상
2022021500100261,2022년 2월 15일 16시,화요일,전라남도 고흥군 도양읍,경상사고,0,0,1,0,차대차 - 기타,안전운전불이행,건조,맑음,교차로 - 교차로안,승용,남,25세,상해없음,이륜,남,60세,경상
2022021500100291,2022년 2월 15일 17시,화요일,전라남도 여수시 국동,중상사고,0,1,0,0,차대차 - 측면충돌,안전운전불이행,건조,맑음,단일로 - 기타,승용,남,66세,상해없음,이륜,남,24세,중상
2022021500100416,2022년 2월 15일 21시,화요일,전라남도 여수시 돌산읍,경상사고,0,0,1,0,차대사람 - 기타,안전운전불이행,건조,맑음,단일로 - 기타,승용,남,46세,상해없음,보행자,남,19세,경상
2022021500100417,2022년 2월 15일 21시,화요일,전라남도 순천시 풍덕동,중상사고,0,1,0,0,차대사람 - 횡단중,보행자보호의무위반,건조,맑음,교차로 - 교차로부근,승용,남,53세,상해없음,보행자,여,52세,중상
2022021500100443,2022년 2월 15일 22시,화요일,전라남도 목포시 옥암동,경상사고,0,0,1,0,차대차 - 추돌,안전운전불이행,건조,맑음,교차로 - 교차로부근,승용,남,24세,상해없음,승용,남,29세,경상
2022021500100444,2022년 2월 15일 22시,화요일,전라남도 해남군 산이면,경상사고,0,0,2,0,차대차 - 정면충돌,중앙선침범,건조,맑음,단일로 - 기타,승용,남,44세,상해없음,승용,남,39세,경상
2022021500100445,2022년 2월 15일 22시,화요일,전라남도 영암군 시종면,경상사고,0,0,1,0,차량단독 - 도로외이탈 - 추락,안전운전불이행,서리/결빙,눈,단일로 - 기타,화물,남,45세,경상,,,,
2022021600100009,2022년 2월 16일 05시,수요일,전라남도 목포시 용해동,경상사고,0,0,1,0,차대차 - 측면충돌,신호위반,젖음/습기,눈,교차로 - 교차로안,승용,남,49세,상해없음,화물,남,53세,경상
2022021600100025,2022년 2월 16일 06시,수요일,전라남도 목포시 달동,중상사고,0,1,0,0,차대차 - 정면충돌,안전운전불이행,서리/결빙,눈,기타 - 기타,화물,남,61세,상해없음,화물,남,47세,중상
2022021600100026,2022년 2월 16일 06시,수요일,전라남도 곡성군 오산면,부상신고사고,0,0,0,1,차량단독 - 도로외이탈 - 기타,안전운전불이행,적설,눈,기타 - 기타,승용,남,36세,부상신고,,,,
2022021600100027,2022년 2월 16일 06시,수요일,전라남도 광양시 광영동,중상사고,0,1,1,0,차대차 - 추돌,안전운전불이행,건조,기타,단일로 - 기타,승용,여,54세,중상,화물,남,30세,경상
2022021600100063,2022년 2월 16일 08시,수요일,전라남도 목포시 산정동,중상사고,0,1,0,0,차대사람 - 기타,안전운전불이행,건조,맑음,교차로 - 교차로안,승용,여,39세,상해없음,보행자,여,87세,중상
2022021600100078,2022년 2월 16일 09시,수요일,전라남도 목포시 상동,중상사고,0,1,0,0,차대사람 - 기타,안전운전불이행,건조,맑음,교차로 - 교차로부근,승용,남,58세,상해없음,보행자,남,71세,중상
2022021600100079,2022년 2월 16일 09시,수요일,전라남도 구례군 토지면,중상사고,0,1,0,0,차대차 - 측면충돌,직진우회전진행방해,건조,흐림,교차로 - 교차로안,화물,여,72세,기타불명,승용,여,70세,중상
2022021600100123,2022년 2월 16일 11시,수요일,전라남도 목포시 상동,경상사고,0,0,1,0,차대차 - 측면충돌,안전운전불이행,건조,맑음,교차로 - 교차로안,승용,여,24세,경상,승용,남,50세,상해없음
2022021600100124,2022년 2월 16일 11시,수요일,전라남도 여수시 미평동,중상사고,0,1,0,0,차량단독 - 기타,안전운전불이행,건조,맑음,단일로 - 기타,승합,남,50세,상해없음,,,,
2022021600100143,2022년 2월 16일 12시,수요일,전라남도 순천시 왕지동,경상사고,0,0,1,0,차대차 - 측면충돌,안전거리미확보,건조,맑음,교차로 - 교차로부근,승용,남,58세,상해없음,승용,남,61세,상해없음
2022021600100144,2022년 2월 16일 12시,수요일,전라남도 담양군 담양읍,경상사고,0,0,1,0,차대차 - 정면충돌,안전운전불이행,젖음/습기,눈,단일로 - 기타,화물,남,58세,상해없음,이륜,남,27세,경상
2022021600100198,2022년 2월 16일 14시,수요일,전라남도 나주시 빛가람동,경상사고,0,0,1,0,차대사람 - 기타,안전운전불이행,기타,눈,주차장 - 주차장,화물,남,38세,상해없음,보행자,여,23세,경상
2022021600100226,2022년 2월 16일 15시,수요일,전라남도 순천시 연향동,경상사고,0,0,6,0,차대차 - 측면충돌,중앙선침범,건조,맑음,교차로 - 교차로부근,승용,남,21세,상해없음,승용,남,62세,경상
2022021600100256,2022년 2월 16일 16시,수요일,전라남도 목포시 옥암동,경상사고,0,0,1,0,차대차 - 추돌,안전운전불이행,건조,맑음,교차로 - 교차로부근,승용,남,29세,상해없음,화물,남,36세,경상
2022021600100257,2022년 2월 16일 16시,수요일,전라남도 무안군 삼향읍,경상사고,0,0,3,0,차대차 - 측면충돌,안전운전불이행,건조,맑음,교차로 - 교차로안,승용,남,21세,상해없음,승용,남,27세,경상
2022021600100258,2022년 2월 16일 16시,수요일,전라남도 광양시 중동,경상사고,0,0,1,0,차대차 - 추돌,안전거리미확보,건조,맑음,교차로 - 교차로부근,승용,여,48세,상해없음,승용,여,42세,경상
2022021600100285,2022년 2월 16일 17시,수요일,전라남도 여수시 둔덕동,중상사고,0,1,0,0,차대차 - 추돌,안전운전불이행,건조,맑음,교차로 - 교차로부근,이륜,남,67세,중상,승용,여,48세,상해없음
2022021600100322,2022년 2월 16일 18시,수요일,전라남도 여수시 웅천동,경상사고,0,0,1,0,차대차 - 정면충돌,신호위반,건조,맑음,교차로 - 교차로안,승용,남,56세,상해없음,승용,남,58세,경상
2022021600100323,2022년 2월 16일 18시,수요일,전라남도 장성군 장성읍,경상사고,0,0,1,0,차대사람 - 보도통행중,안전운전불이행,건조,기타,단일로 - 기타,승합,남,64세,상해없음,보행자,여,49세,경상
2022021600100366,2022년 2월 16일 19시,수요일,전라남도 목포시 옥암동,경상사고,0,0,1,0,차대차 - 기타,신호위반,건조,맑음,교차로 - 교차로안,승용,남,18세,상해없음,승용,남,53세,경상
2022021600100396,2022년 2월 16일 20시,수요일,전라남도 목포시 용당동,중상사고,0,1,0,0,차대차 - 측면충돌,안전운전불이행,기타,기타,교차로 - 교차로안,승용,남,48세,상해없음,이륜,남,18세,중상
2022021600100397,2022년 2월 16일 20시,수요일,전라남도 광양시 금호동,부상신고사고,0,0,0,1,차대차 - 측면충돌,기타,건조,맑음,교차로 - 교차로안,승용,남,23세,부상신고,특수,남,59세,상해없음
2022021600100460,2022년 2월 16일 22시,수요일,전라남도 목포시 산정동,경상사고,0,0,2,0,차대차 - 정면충돌,신호위반,적설,눈,교차로 - 교차로안,승용,남,51세,상해없음,승용,여,20세,경상
2022021700100010,2022년 2월 17일 01시,목요일,전라남도 순천시 조례동,경상사고,0,0,1,0,차대차 - 기타,중앙선침범,건조,맑음,기타 - 기타,승용,남,72세,상해없음,이륜,남,24세,경상
2022021700100026,2022년 2월 17일 06시,목요일,전라남도 순천시 해룡면,경상사고,0,0,2,0,차대차 - 측면충돌,안전운전불이행,건조,맑음,교차로 - 교차로안,승용,여,38세,경상,승용,남,51세,경상
2022021700100027,2022년 2월 17일 06시,목요일,전라남도 담양군 담양읍,경상사고,0,0,1,0,차대차 - 측면충돌,신호위반,서리/결빙,눈,교차로 - 교차로안,화물,남,42세,상해없음,승합,남,34세,경상
2022021700100041,2022년 2월 17일 07시,목요일,전라남도 목포시 대양동,경상사고,0,0,2,0,차대차 - 추돌,안전운전불이행,건조,맑음,단일로 - 기타,승용,남,58세,경상,승용,남,48세,경상
2022021700100126,2022년 2월 17일 10시,목요일,전라남도 여수시 웅천동,경상사고,0,0,1,0,차대차 - 측면충돌,안전운전불이행,건조,맑음,교차로 - 교차로안,승용,여,27세,상해없음,승용,남,67세,경상
2022021700100161,2022년 2월 17일 11시,목요일,전라남도 완도군 보길면,중상사고,0,1,4,0,차대차 - 정면충돌,중앙선침범,건조,맑음,단일로 - 기타,화물,남,70세,기타불명,화물,남,80세,중상
2022021700100181,2022년 2월 17일 12시,목요일,전라남도 목포시 중앙동1가,중상사고,0,1,0,0,차대사람 - 기타,안전운전불이행,건조,맑음,단일로 - 기타,승용,여,46세,상해없음,보행자,여,49세,중상
2022021700100182,2022년 2월 17일 12시,목요일,전라남도 광양시 옥곡면,경상사고,0,0,1,0,차대차 - 측면충돌,신호위반,건조,맑음,교차로 - 교차로안,승용,남,24세,상해없음,승용,여,51세,경상
2022021700100203,2022년 2월 17일 13시,목요일,전라남도 화순군 사평면,중상사고,0,2,0,0,차량단독 - 기타,안전운전불이행,건조,맑음,단일로 - 기타,승용,남,79세,중상,,,,
2022021700100234,2022년 2월 17일 14시,목요일,전라남도 순천시 매곡동,중상사고,0,1,0,0,차대차 - 기타,직진우회전진행방해,건조,맑음,교차로 - 교차로안,이륜,남,33세,중상,승용,여,50세,상해없음
2022021700100235,2022년 2월 17일 14시,목요일,전라남도 담양군 담양읍,경상사고,0,0,1,0,차대차 - 측면충돌,직진우회전진행방해,건조,맑음,교차로 - 교차로안,승용,남,33세,상해없음,승용,여,34세,경상
2022021700100236,2022년 2월 17일 14시,목요일,전라남도 광양시 도이동,경상사고,0,0,1,0,차대차 - 추돌,안전거리미확보,건조,맑음,교차로 - 교차로부근,특수,남,39세,상해없음,특수,남,58세,경상