사고번호,사고일시,요일,시군구,사고내용,사망자수,중상자수,경상자수,부상신고자수,사고유형,법규위반,노면상태,기상상태,도로형태,가해운전자 차종,가해운전자 성별,가해운전자 연령,가해운전자 상해정도,피해운전자 차종,피해운전자 성별,피해운전자 연령,피해운전자 상해정도
2022021700100264,2022년 2월 17일 15시,목요일,전라남도 목포시 남교동,경상사고,0,0,1,0,차대차 - 측면충돌,안전운전불이행,건조,맑음,교차로 - 교차로부근,승용,남,51세,상해없음,승용,여,52세,경상
2022021700100287,2022년 2월 17일 16시,목요일,전라남도 목포시 산정동,경상사고,0,0,2,0,차대차 - 측면충돌,신호위반,건조,맑음,교차로 - 교차로안,승용,여,51세,상해없음,승용,남,30세,경상
2022021700100288,2022년 2월 17일 16시,목요일,전라남도 순천시 야흥동,경상사고,0,0,3,0,차대차 - 기타,중앙선침범,건조,맑음,기타 - 기타,승용,여,52세,상해없음,승용,남,36세,경상
2022021700100289,2022년 2월 17일 16시,목요일,전라남도 해남군 해남읍,중상사고,0,1,0,0,차대차 - 측면충돌,교차로운행방법위반,건조,맑음,교차로 - 교차로안,승용,남,31세,기타불명,이륜,남,71세,중상
2022021700100290,2022년 2월 17일 16시,목요일,전라남도 강진군 강진읍,경상사고,0,0,1,0,차대차 - 측면충돌,신호위반,건조,맑음,교차로 - 교차로안,승용,남,75세,상해없음,승용,남,24세,경상
2022021700100318,2022년 2월 17일 17시,목요일,전라남도 곡성군 오산면,경상사고,0,0,2,0,차대차 - 기타,직진우회전진행방해,건조,맑음,교차로 - 교차로안,승용,남,35세,경상,화물,남,66세,경상
2022021700100319,2022년 2월 17일 17시,목요일,전라남도 완도군 완도읍,경상사고,0,0,1,0,차대차 - 측면충돌,직진우회전진행방해,건조,맑음,교차로 - 교차로안,승용,남,70세,상해없음,승용,여,23세,경상
2022021700100320,2022년 2월 17일 17시,목요일,전라남도 광양시 광양읍,중상사고,0,1,0,0,차대사람 - 횡단중,보행자보호의무위반,건조,맑음,교차로 - 교차로횡단보도내,승용,남,63세,상해없음,보행자,남,62세,중상
2022021700100380,2022년 2월 17일 19시,목요일,전라남도 화순군 화순읍,경상사고,0,0,1,0,차대차 - 측면충돌,교차로운행방법위반,건조,맑음,교차로 - 교차로안,승용,남,44세,상해없음,이륜,남,56세,경상
2022021700100381,2022년 2월 17일 19시,목요일,전라남도 광양시 중동,경상사고,0,0,1,0,차대차 - 기타,신호위반,건조,맑음,교차로 - 교차로안,승용,남,19세,상해없음,승용,남,41세,경상
2022021700100486,2022년 2월 17일 23시,목요일,전라남도 순천시 덕월동,경상사고,0,0,1,0,차대차 - 기타,교차로운행방법위반,건조,맑음,교차로 - 교차로안,화물,남,65세,상해없음,승용,여,58세,경상
2022021800100010,2022년 2월 18일 01시,금요일,전라남도 목포시 옥암동,중상사고,0,1,0,0,차량단독 - 기타,안전운전불이행,건조,맑음,교차로 - 교차로안,승용,남,32세,중상,,,,
2022021800100086,2022년 2월 18일 08시,금요일,전라남도 순천시 석현동,경상사고,0,0,1,0,차대차 - 추돌,안전운전불이행,건조,맑음,단일로 - 기타,화물,남,69세,상해없음,승용,남,51세,경상
2022021800100111,2022년 2월 18일 09시,금요일,전라남도 목포시 산정동,경상사고,0,0,1,0,차대차 - 측면충돌,신호위반,건조,맑음,교차로 - 교차로안,승합,여,49세,상해없음,승용,남,67세,경상
2022021800100112,2022년 2월 18일 09시,금요일,전라남도 고흥군 풍양면,중상사고,0,1,0,0,차대사람 - 기타,안전운전불이행,건조,맑음,교차로 - 교차로부근,화물,남,46세,상해없음,보행자,남,87세,중상
2022021800100139,2022년 2월 18일 10시,금요일,전라남도 신안군 하의면,중상사고,0,1,0,0,차대차 - 기타,교차로운행방법위반,건조,맑음,교차로 - 교차로안,화물,남,65세,상해없음,승용,남,30세,중상
2022021800100140,2022년 2월 18일 10시,금요일,전라남도 여수시 소호동,경상사고,0,0,1,0,차대차 - 추돌,신호위반,건조,맑음,교차로 - 교차로안,승용,남,30세,상해없음,승용,여,26세,경상
2022021800100171,2022년 2월 18일 11시,금요일,전라남도 순천시 연향동,부상신고사고,0,0,0,1,차대차 - 기타,교차로운행방법위반,건조,맑음,교차로 - 교차로안,승용,여,64세,상해없음,승합,남,60세,상해없음
2022021800100205,2022년 2월 18일 12시,금요일,전라남도 여수시 선원동,경상사고,0,0,1,0,차대사람 - 기타,안전운전불이행,건조,맑음,단일로 - 기타,화물,남,78세,상해없음,보행자,남,50세,경상
2022021800100206,2022년 2월 18일 12시,금요일,전라남도 나주시 왕곡면,중상사고,0,4,1,0,차대차 - 측면충돌,신호위반,건조,맑음,교차로 - 교차로안,화물,남,63세,중상,승합,남,39세,중상
2022021800100226,2022년 2월 18일 13시,금요일,전라남도 순천시 서면,경상사고,0,0,4,0,차대차 - 정면충돌,안전거리미확보,건조,맑음,교차로 - 교차로부근,화물,남,53세,경상,승용,남,80세,경상
2022021800100252,2022년 2월 18일 14시,금요일,전라남도 목포시 용해동,경상사고,0,0,2,0,차대차 - 기타,신호위반,건조,맑음,교차로 - 교차로안,승용,여,53세,상해없음,이륜,남,24세,경상
2022021800100283,2022년 2월 18일 15시,금요일,전라남도 순천시 가곡동,경상사고,0,0,1,0,차대사람 - 기타,안전운전불이행,건조,맑음,교차로 - 교차로안,승용,남,42세,상해없음,보행자,여,71세,경상
2022021800100314,2022년 2월 18일 16시,금요일,전라남도 고흥군 고흥읍,중상사고,0,1,0,0,차대사람 - 기타,안전운전불이행,건조,맑음,단일로 - 기타,승용,여,40세,상해없음,보행자,여,82세,중상
2022021800100343,2022년 2월 18일 17시,금요일,전라남도 여수시 수정동,중상사고,0,1,0,0,차대차 - 측면충돌,차로위반,건조,맑음,교차로 - 교차로부근,승합,남,41세,상해없음,이륜,남,29세,중상
2022021800100344,2022년 2월 18일 17시,금요일,전라남도 여수시 소라면,중상사고,0,1,0,0,차대차 - 기타,신호위반,건조,맑음,교차로 - 교차로안,승용,남,44세,상해없음,승용,남,69세,중상
2022021800100383,2022년 2월 18일 18시,금요일,전라남도 목포시 상동,경상사고,0,0,1,0,차대차 - 정면충돌,안전운전불이행,건조,맑음,단일로 - 기타,이륜,남,42세,상해없음,승용,여,48세,경상
2022021800100384,2022년 2월 18일 18시,금요일,전라남도 화순군 화순읍,중상사고,0,1,0,0,차대사람 - 기타,안전운전불이행,건조,맑음,단일로 - 기타,승용,여,45세,상해없음,보행자,여,83세,중상
2022021800100419,2022년 2월 18일 19시,금요일,전라남도 목포시 용해동,경상사고,0,0,1,0,차대차 - 측면충돌,신호위반,건조,기타,교차로 - 교차로안,승용,남,60세,상해없음,승용,남,38세,경상
2022021800100420,2022년 2월 18일 19시,금요일,전라남도 무안군 삼향읍,경상사고,0,0,1,0,차대차 - 정면충돌,신호위반,건조,맑음,교차로 - 교차로안,승용,여,46세,상해없음,특수,남,41세,경상
2022021800100478,2022년 2월 18일 21시,금요일,전라남도 무안군 삼향읍,경상사고,0,0,1,0,차대차 - 추돌,신호위반,건조,맑음,교차로 - 교차로부근,화물,남,59세,상해없음,승용,남,19세,경상
2022021800100479,2022년 2월 18일 21시,금요일,전라남도 광양시 중동,경상사고,0,0,1,0,차대차 - 추돌,안전운전불이행,건조,맑음,기타 - 기타,승용,남,36세,상해없음,승용,여,51세,경상
2022021800100504,2022년 2월 18일 22시,금요일,전라남도 여수시 소라면,경상사고,0,0,2,0,차대차 - 추돌,중앙선침범,건조,맑음,단일로 - 기타,승용,여,55세,경상,승용,남,45세,경상
2022021800100519,2022년 2월 18일 23시,금요일,전라남도 순천시 해룡면,경상사고,0,0,3,0,차대차 - 측면충돌,안전운전불이행,건조,맑음,단일로 - 기타,승용,남,58세,상해없음,화물,남,35세,경상
2022021900100006,2022년 2월 19일 00시,토요일,전라남도 강진군 강진읍,사망사고,1,0,0,0,차량단독 - 공작물충돌,안전운전불이행,건조,맑음,단일로 - 기타,이륜,남,21세,사망,,,,
2022021900100007,2022년 2월 19일 00시,토요일,전라남도 무안군 삼향읍,경상사고,0,0,4,0,차대차 - 추돌,신호위반,건조,맑음,교차로 - 교차로안,승용,남,53세,상해없음,승용,여,29세,경상
2022021900100058,2022년 2월 19일 08시,토요일,전라남도 영광군 군남면,중상사고,0,2,0,0,차대차 - 측면충돌,중앙선침범,건조,맑음,교차로 - 교차로안,화물,남,70세,중상,화물,남,59세,중상
2022021900100086,2022년 2월 19일 10시,토요일,전라남도 장흥군 관산읍,경상사고,0,0,1,0,차대차 - 추돌,안전거리미확보,건조,맑음,단일로 - 기타,화물,남,77세,상해없음,승용,여,58세,경상
2022021900100146,2022년 2월 19일 12시,토요일,전라남도 목포시 옥암동,경상사고,0,0,2,0,차대차 - 측면충돌,안전운전불이행,건조,맑음,단일로 - 기타,승용,여,68세,경상,승용,남,54세,경상
2022021900100147,2022년 2월 19일 12시,토요일,전라남도 영암군 신북면,경상사고,0,0,1,0,차대차 - 추돌,안전운전불이행,건조,맑음,교차로 - 교차로부근,승용,여,55세,상해없음,승합,남,52세,상해없음
2022021900100148,2022년 2월 19일 12시,토요일,전라남도 광양시 진월면,경상사고,0,0,1,0,차대차 - 기타,차로위반,건조,맑음,단일로 - 기타,승용,남,76세,상해없음,승용,남,65세,상해없음
2022021900100166,2022년 2월 19일 13시,토요일,전라남도 곡성군 석곡면,경상사고,0,0,1,0,차대차 - 기타,차로위반,건조,맑음,단일로 - 기타,승용,남,34세,상해없음,승용,여,25세,경상
2022021900100227,2022년 2월 19일 15시,토요일,전라남도 해남군 해남읍,경상사고,0,0,1,0,차대차 - 기타,차로위반,건조,흐림,단일로 - 기타,화물,남,63세,상해없음,승용,남,26세,경상
2022021900100249,2022년 2월 19일 16시,토요일,전라남도 여수시 신기동,중상사고,0,2,2,0,차대차 - 측면충돌,교차로운행방법위반,건조,맑음,교차로 - 교차로안,승용,남,52세,상해없음,승용,남,67세,경상
2022021900100348,2022년 2월 19일 19시,토요일,전라남도 여수시 화장동,경상사고,0,0,1,0,차대차 - 측면충돌,안전거리미확보,건조,맑음,단일로 - 기타,승용,남,32세,상해없음,이륜,남,35세,경상
2022021900100372,2022년 2월 19일 20시,토요일,전라남도 여수시 소호동,중상사고,0,1,0,0,차대차 - 측면충돌,안전운전불이행,건조,맑음,단일로 - 기타,승용,남,69세,상해없음,원동기,남,18세,중상
2022021900100373,2022년 2월 19일 20시,토요일,전라남도 여수시 공화동,경상사고,0,0,1,0,차대차 - 추돌,안전운전불이행,건조,맑음,교차로 - 교차로안,이륜,남,35세,상해없음,승용,남,50세,경상
2022022000100005,2022년 2월 20일 00시,일요일,전라남도 목포시 용해동,경상사고,0,0,3,0,차대차 - 기타,안전운전불이행,건조,맑음,주차장 - 주차장,승용,남,19세,상해없음,승용,남,37세,상해없음
2022022000100128,2022년 2월 20일 13시,일요일,전라남도 순천시 조례동,경상사고,0,0,2,0,차대차 - 추돌,안전운전불이행,건조,맑음,단일로 - 기타,승용,여,53세,상해없음,승용,남,36세,경상
2022022000100182,2022년 2월 20일 15시,일요일,전라남도 순천시 해룡면,경상사고,0,0,1,0,차대차 - 추돌,안전운전불이행,건조,맑음,교차로 - 교차로안,승용,남,46세,상해없음,승용,남,34세,경상
2022022000100183,2022년 2월 20일 15시,일요일,전라남도 순천시 해룡면,중상사고,0,1,3,0,차대차 - 기타,직진우회전진행방해,건조,맑음,교차로 - 교차로안,승용,남,21세,경상,승용,남,60세,상해없음
2022022000100204,2022년 2월 20일 16시,일요일,전라남도 여수시 오림동,경상사고,0,0,2,0,차대차 - 측면충돌,교차로운행방법위반,건조,맑음,교차로 - 교차로안,승용,남,39세,기타불명,승용,여,33세,경상
2022022000100205,2022년 2월 20일 16시,일요일,전라남도 장성군 남면,경상사고,0,0,1,0,차량단독 - 공작물충돌,안전운전불이행,건조,맑음,단일로 - 기타,승용,남,49세,경상,,,,
2022022000100251,2022년 2월 20일 18시,일요일,전라남도 목포시 산정동,경상사고,0,0,1,0,차대차 - 기타,신호위반,건조,맑음,교차로 - 교차로안,이륜,남,21세,상해없음,이륜,남,37세,경상
2022022000100252,2022년 2월 20일 18시,일요일,전라남도 순천시 주암면,중상사고,0,1,1,0,차대차 - 정면충돌,중앙선침범,건조,맑음,단일로 - 기타,승용,남,48세,경상,승용,남,45세,중상
2022022000100275,2022년 2월 20일 19시,일요일,전라남도 목포시 상동,경상사고,0,0,1,0,차대차 - 측면충돌,안전운전불이행,건조,맑음,교차로 - 교차로안,승용,남,66세,상해없음,승용,여,59세,경상
2022022000100296,2022년 2월 20일 20시,일요일,전라남도 목포시 호남동,경상사고,0,0,1,0,차대차 - 추돌,안전운전불이행,건조,맑음,단일로 - 기타,승용,남,31세,상해없음,화물,남,67세,경상
2022022000100297,2022년 2월 20일 20시,일요일,전라남도 장흥군 관산읍,경상사고,0,0,1,0,차대차 - 추돌,안전거리미확보,건조,맑음,단일로 - 기타,승용,여,36세,상해없음,승용,남,60세,경상
2022022000100353,2022년 2월 20일 23시,일요일,전라남도 여수시 신기동,경상사고,0,0,1,0,차대차 - 후진중충돌,안전운전불이행,건조,맑음,단일로 - 기타,승용,여,43세,상해없음,승용,남,27세,경상
2022022100100005,2022년 2월 21일 00시,월요일,전라남도 목포시 산정동,중상사고,0,1,0,0,차대차 - 측면충돌,안전거리미확보,건조,맑음,단일로 - 기타,승용,남,19세,상해없음,이륜,남,25세,중상
2022022100100014,2022년 2월 21일 02시,월요일,전라남도 목포시 옥암동,중상사고,0,1,0,0,차량단독 - 공작물충돌,기타,건조,기타,교차로 - 교차로안,승용,여,49세,중상,,,,
2022022100100018,2022년 2월 21일 04시,월요일,전라남도 여수시 서교동,경상사고,0,0,1,0,차대차 - 기타,신호위반,건조,맑음,교차로 - 교차로안,승용,남,33세,상해없음,승용,남,61세,경상
2022022100100051,2022년 2월 21일 07시,월요일,전라남도 목포시 산정동,경상사고,0,0,2,0,차대차 - 기타,안전운전불이행,건조,맑음,단일로 - 기타,화물,남,58세,상해없음,화물,남,50세,경상
2022022100100078,2022년 2월 21일 08시,월요일,전라남도 광양시 광양읍,경상사고,0,0,1,0,차대차 - 측면충돌,교차로운행방법위반,건조,맑음,교차로 - 교차로안,승용,남,30세,상해없음,승용,여,46세,경상
2022022100100128,2022년 2월 21일 10시,월요일,전라남도 여수시 학동,경상사고,0,0,2,0,차대차 - 추돌,안전거리미확보,건조,맑음,교차로 - 교차로안,승용,여,23세,상해없음,승용,남,24세,경상
2022022100100129,2022년 2월 21일 10시,월요일,전라남도 여수시 화치동,경상사고,0,0,1,0,차대차 - 측면충돌,안전운전불이행,건조,맑음,단일로 - 기타,화물,남,59세,상해없음,화물,남,33세,경상
2022022100100130,2022년 2월 21일 10시,월요일,전라남도 장흥군 장평면,중상사고,0,1,0,0,차대차 - 추돌,기타,건조,맑음,교차로 - 교차로부근,화물,남,29세,상해없음,이륜,남,65세,중상
2022022100100158,2022년 2월 21일 11시,월요일,전라남도 순천시 장천동,중상사고,0,1,0,0,차대차 - 기타,안전운전불이행,건조,맑음,단일로 - 기타,자전거,남,82세,중상,특수,남,48세,상해없음
2022022100100159,2022년 2월 21일 11시,월요일,전라남도 순천시 연향동,경상사고,0,0,1,0,차대차 - 측면충돌,안전운전불이행,건조,맑음,단일로 - 기타,화물,남,56세,상해없음,승용,여,53세,경상
2022022100100160,2022년 2월 21일 11시,월요일,전라남도 장흥군 장흥읍,경상사고,0,0,1,0,차대차 - 정면충돌,안전운전불이행,건조,맑음,교차로 - 교차로부근,승용,남,40세,상해없음,승용,여,42세,경상
2022022100100161,2022년 2월 21일 11시,월요일,전라남도 장흥군 대덕읍,경상사고,0,0,1,0,차대차 - 측면충돌,교차로운행방법위반,건조,맑음,단일로 - 기타,화물,남,52세,경상,승합,남,67세,상해없음
2022022100100162,2022년 2월 21일 11시,월요일,전라남도 영광군 영광읍,중상사고,0,1,1,0,차대차 - 기타,안전운전불이행,건조,맑음,단일로 - 기타,승용,남,27세,상해없음,이륜,남,76세,경상
2022022100100163,2022년 2월 21일 11시,월요일,전라남도 강진군 군동면,경상사고,0,0,1,0,차대차 - 측면충돌,안전운전불이행,건조,맑음,기타 - 기타,승용,여,55세,상해없음,승용,여,24세,경상
2022022100100190,2022년 2월 21일 12시,월요일,전라남도 목포시 산정동,경상사고,0,0,1,0,차대차 - 측면충돌,안전운전불이행,건조,맑음,교차로 - 교차로안,이륜,남,17세,경상,승용,여,47세,상해없음
2022022100100191,2022년 2월 21일 12시,월요일,전라남도 순천시 연향동,경상사고,0,0,1,0,차대사람 - 기타,안전운전불이행,건조,맑음,단일로 - 기타,승용,여,58세,상해없음,보행자,여,35세,경상
2022022100100227,2022년 2월 21일 13시,월요일,전라남도 나주시 대호동,경상사고,0,0,1,0,차대차 - 측면충돌,교차로운행방법위반,적설,맑음,교차로 - 교차로안,승용,남,80세,상해없음,승용,남,37세,경상
2022022100100259,2022년 2월 21일 14시,월요일,전라남도 목포시 용당동,중상사고,0,1,0,0,차대차 - 정면충돌,중앙선침범,건조,맑음,단일로 - 기타,개인형이동수단(PM),남,81세,중상,승용,여,42세,상해없음
2022022100100260,2022년 2월 21일 14시,월요일,전라남도 목포시 상동,경상사고,0,0,1,0,차대차 - 기타,신호위반,건조,맑음,교차로 - 교차로안,승용,남,32세,상해없음,승용,남,59세,상해없음
2022022100100261,2022년 2월 21일 14시,월요일,전라남도 나주시 빛가람동,중상사고,0,1,0,0,차대차 - 측면충돌,안전운전불이행,건조,맑음,교차로 - 교차로부근,승용,여,53세,상해없음,이륜,남,47세,중상
2022022100100296,2022년 2월 21일 15시,월요일,전라남도 여수시 안산동,중상사고,0,1,0,0,차대차 - 기타,안전운전불이행,건조,맑음,교차로 - 교차로안,화물,남,63세,상해없음,이륜,남,55세,중상
2022022100100298,2022년 2월 21일 15시,월요일,전라남도 광양시 중동,경상사고,0,0,2,2,차대차 - 기타,안전거리미확보,건조,맑음,교차로 - 교차로부근,승합,남,61세,부상신고,승용,남,41세,기타불명
2022022100100337,2022년 2월 21일 16시,월요일,전라남도 목포시 옥암동,중상사고,0,1,0,0,차대사람 - 기타,안전운전불이행,건조,맑음,단일로 - 기타,승용,남,37세,상해없음,보행자,여,9세,중상
2022022100100338,2022년 2월 21일 16시,월요일,전라남도 신안군 자은면,중상사고,0,1,0,0,차대차 - 정면충돌,안전운전불이행,건조,맑음,단일로 - 기타,이륜,남,67세,중상,화물,남,30세,상해없음
2022022100100367,2022년 2월 21일 17시,월요일,전라남도 영암군 삼호읍,경상사고,0,0,1,0,차대차 - 측면충돌,안전운전불이행,건조,맑음,교차로 - 교차로안,승용,남,45세,상해없음,승용,남,31세,경상
2022022100100446,2022년 2월 21일 19시,월요일,전라남도 목포시 상동,중상사고,0,1,1,0,차대사람 - 기타,기타,건조,맑음,기타 - 기타,화물,남,30세,경상,보행자,남,48세,중상
2022022100100447,2022년 2월 21일 19시,월요일,전라남도 순천시 주암면,경상사고,0,0,4,0,차대차 - 측면충돌,안전운전불이행,건조,맑음,단일로 - 기타,승용,남,18세,상해없음,승용,여,25세,경상
2022022100100471,2022년 2월 21일 20시,월요일,전라남도 영암군 서호면,경상사고,0,0,1,0,차대차 - 측면충돌,차로위반,건조,맑음,단일로 - 기타,승용,여,61세,상해없음,승용,남,62세,경상
2022022100100523,2022년 2월 21일 22시,월요일,전라남도 목포시 용해동,중상사고,0,1,0,0,차대차 - 측면충돌,안전운전불이행,건조,맑음,교차로 - 교차로부근,승용,남,43세,상해없음,승용,남,63세,상해없음
2022022100100524,2022년 2월 21일 22시,월요일,전라남도 순천시 해룡면,경상사고,0,0,1,0,차대차 - 측면충돌,안전운전불이행,건조,맑음,교차로 - 교차로안,승용,남,38세,상해없음,승용,남,40세,경상
2022022200100004,2022년 2월 22일 00시,화요일,전라남도 목포시 산정동,경상사고,0,0,3,0,차대차 - 측면충돌,안전운전불이행,건조,맑음,교차로 - 교차로안,승용,남,61세,상해없음,승용,남,23세,경상
2022022200100030,2022년 2월 22일 06시,화요일,전라남도 순천시 덕월동,경상사고,0,0,1,0,차대사람 - 기타,신호위반,기타,맑음,교차로 - 교차로횡단보도내,승용,남,32세,상해없음,보행자,남,26세,경상
2022022200100118,2022년 2월 22일 10시,화요일,전라남도 영암군 영암읍,중상사고,0,1,1,0,차대차 - 측면충돌,직진우회전진행방해,건조,맑음,교차로 - 교차로안,승용,여,55세,중상,승용,여,67세,경상
2022022200100119,2022년 2월 22일 10시,화요일,전라남도 담양군 고서면,경상사고,0,0,1,0,차대차 - 측면충돌,안전운전불이행,건조,맑음,기타 - 기타,승용,여,65세,기타불명,승용,여,41세,경상
2022022200100148,2022년 2월 22일 11시,화요일,전라남도 여수시 주삼동,경상사고,0,0,1,0,차대차 - 측면충돌,교차로운행방법위반,건조,맑음,교차로 - 교차로안,승용,남,65세,상해없음,승용,남,54세,경상
2022022200100179,2022년 2월 22일 12시,화요일,전라남도 여수시 학동,중상사고,0,1,0,0,차대차 - 기타,안전운전불이행,건조,맑음,교차로 - 교차로안,승용,남,28세,상해없음,이륜,남,22세,중상
2022022200100180,2022년 2월 22일 12시,화요일,전라남도 순천시 연향동,경상사고,0,0,1,0,차대사람 - 기타,보행자보호의무위반,건조,맑음,교차로 - 교차로횡단보도내,승용,남,71세,상해없음,보행자,남,35세,경상
2022022200100181,2022년 2월 22일 12시,화요일,전라남도 화순군 화순읍,중상사고,0,1,0,0,차대차 - 측면충돌,안전거리미확보,건조,맑음,단일로 - 기타,승용,남,29세,상해없음,이륜,남,37세,중상
2022022200100215,2022년 2월 22일 13시,화요일,전라남도 여수시 신기동,경상사고,0,0,2,0,차대차 - 측면충돌,안전운전불이행,건조,맑음,교차로 - 교차로안,이륜,남,26세,상해없음,승용,남,52세,경상
2022022200100247,2022년 2월 22일 14시,화요일,전라남도 신안군 도초면,중상사고,0,1,0,0,차대차 - 기타,안전운전불이행,건조,맑음,단일로 - 기타,화물,남,55세,상해없음,화물,여,52세,중상
2022022200100248,2022년 2월 22일 14시,화요일,전라남도 여수시 신기동,경상사고,0,0,2,0,차대차 - 측면충돌,차로위반,건조,맑음,단일로 - 기타,승합,여,57세,상해없음,승용,남,61세,경상
2022022200100249,2022년 2월 22일 14시,화요일,전라남도 여수시 중흥동,경상사고,0,0,1,0,차대차 - 측면충돌,안전운전불이행,건조,맑음,교차로 - 교차로안,화물,남,69세,상해없음,승용,여,56세,경상
2022022200100250,2022년 2월 22일 14시,화요일,전라남도 여수시 월내동,중상사고,0,1,0,0,차대차 - 측면충돌,교차로운행방법위반,건조,맑음,교차로 - 교차로안,승합,남,53세,상해없음,화물,남,46세,상해없음
2022022200100251,2022년 2월 22일 14시,화요일,전라남도 순천시 장천동,경상사고,0,0,1,0,차대차 - 기타,안전운전불이행,건조,맑음,교차로 - 교차로안,개인형이동수단(PM),남,40세,경상,화물,남,51세,상해없음
2022022200100252,2022년 2월 22일 14시,화요일,전라남도 나주시 산정동,중상사고,0,1,0,0,차대사람 - 기타,안전운전불이행,건조,맑음,기타 - 기타,화물,남,52세,상해없음,보행자,여,79세,중상
2022022200100297,2022년 2월 22일 16시,화요일,전라남도 영암군 도포면,경상사고,0,0,1,0,차대차 - 측면충돌,안전운전불이행,건조,맑음,단일로 - 기타,승용,남,26세,경상,화물,남,58세,상해없음
2022022200100335,2022년 2월 22일 17시,화요일,전라남도 목포시 상동,경상사고,0,0,1,0,차대사람 - 기타,안전운전불이행,건조,맑음,단일로 - 기타,기타불명,기타불명,미분류,기타불명,보행자,남,47세,경상
2022022200100336,2022년 2월 22일 17시,화요일,전라남도 목포시 산정동,경상사고,0,0,1,0,차대차 - 측면충돌,안전운전불이행,건조,맑음,교차로 - 교차로안,승용,여,47세,상해없음,화물,남,48세,경상
2022022200100365,2022년 2월 22일 18시,화요일,전라남도 목포시 상동,경상사고,0,0,1,0,차대차 - 측면충돌,안전운전불이행,건조,맑음,기타 - 기타,승용,남,26세,상해없음,승용,남,54세,경상
2022022200100435,2022년 2월 22일 20시,화요일,전라남도 목포시 산정동,경상사고,0,0,1,0,차대차 - 기타,안전운전불이행,건조,맑음,교차로 - 교차로부근,승용,남,53세,상해없음,이륜,남,24세,경상
2022022200100436,2022년 2월 22일 20시,화요일,전라남도 장성군 장성읍,경상사고,0,0,1,0,차대차 - 추돌,안전운전불이행,건조,맑음,단일로 - 기타,이륜,남,18세,경상,화물,남,43세,기타불명
2022022200100458,2022년 2월 22일 21시,화요일,전라남도 화순군 화순읍,경상사고,0,0,2,0,차대차 - 측면충돌,안전거리미확보,건조,맑음,단일로 - 기타,승용,남,50세,상해없음,승합,여,34세,경상
2022022300100011,2022년 2월 23일 05시,수요일,전라남도 여수시 충무동,중상사고,0,2,0,0,차대차 - 정면충돌,교차로운행방법위반,건조,맑음,교차로 - 교차로안,승용,남,55세,상해없음,이륜,남,68세,중상
2022022300100012,2022년 2월 23일 05시,수요일,전라남도 광양시 광양읍,경상사고,0,0,3,0,차대차 - 추돌,안전운전불이행,건조,맑음,교차로 - 교차로부근,승용,여,39세,상해없음,승합,여,47세,경상
2022022300100079,2022년 2월 23일 09시,수요일,전라남도 강진군 강진읍,경상사고,0,0,2,0,차대차 - 추돌,안전운전불이행,건조,맑음,단일로 - 기타,승용,남,27세,상해없음,승용,여,25세,경상
2022022300100123,2022년 2월 23일 11시,수요일,전라남도 목포시 상동,중상사고,0,1,0,0,차대사람 - 보도통행중,보행자보호의무위반,건조,맑음,교차로 - 교차로횡단보도내,화물,남,22세,상해없음,보행자,여,81세,중상
2022022300100124,2022년 2월 23일 11시,수요일,전라남도 목포시 연산동,경상사고,0,0,1,0,차대사람 - 기타,안전운전불이행,건조,맑음,기타 - 기타,승용,여,42세,상해없음,보행자,여,83세,경상
2022022300100125,2022년 2월 23일 11시,수요일,전라남도 여수시 학동,경상사고,0,0,1,0,차대사람 - 차도통행중,안전운전불이행,건조,맑음,단일로 - 기타,승용,남,39세,상해없음,보행자,남,74세,경상
2022022300100126,2022년 2월 23일 11시,수요일,전라남도 여수시 여서동,경상사고,0,0,1,0,차대차 - 측면충돌,안전운전불이행,건조,맑음,교차로 - 교차로안,승용,남,55세,상해없음,승용,여,36세,경상
2022022300100127,2022년 2월 23일 11시,수요일,전라남도 해남군 현산면,경상사고,0,0,1,0,차대차 - 측면충돌,안전운전불이행,건조,맑음,교차로 - 교차로부근,원동기,남,61세,경상,화물,남,61세,상해없음
2022022300100150,2022년 2월 23일 12시,수요일,전라남도 목포시 용해동,경상사고,0,0,1,0,차대차 - 후진중충돌,안전운전불이행,건조,맑음,주차장 - 주차장,화물,남,37세,기타불명,승용,여,42세,경상
2022022300100151,2022년 2월 23일 12시,수요일,전라남도 완도군 군외면,중상사고,0,1,0,0,차량단독 - 공작물충돌,안전운전불이행,건조,맑음,단일로 - 교량,승용,남,27세,중상,,,,
2022022300100186,2022년 2월 23일 13시,수요일,전라남도 여수시 신기동,중상사고,0,1,0,0,차대차 - 기타,안전거리미확보,건조,맑음,단일로 - 기타,자전거,남,68세,중상,승용,여,52세,상해없음
2022022300100187,2022년 2월 23일 13시,수요일,전라남도 여수시 학동,경상사고,0,0,1,0,차대차 - 측면충돌,교차로운행방법위반,건조,맑음,교차로 - 교차로부근,승용,남,22세,상해없음,승용,여,47세,경상
2022022300100221,2022년 2월 23일 14시,수요일,전라남도 여수시 웅천동,경상사고,0,0,1,0,차대차 - 측면충돌,신호위반,건조,맑음,교차로 - 교차로안,승용,여,31세,상해없음,승용,남,42세,경상
2022022300100277,2022년 2월 23일 16시,수요일,전라남도 신안군 압해읍,경상사고,0,0,2,0,차대차 - 측면충돌,안전운전불이행,건조,맑음,교차로 - 교차로안,승용,남,69세,경상,화물,여,68세,경상