사고번호,사고일시,요일,시군구,사고내용,사망자수,중상자수,경상자수,부상신고자수,사고유형,법규위반,노면상태,기상상태,도로형태,가해운전자 차종,가해운전자 성별,가해운전자 연령,가해운전자 상해정도,피해운전자 차종,피해운전자 성별,피해운전자 연령,피해운전자 상해정도
2022022300100278,2022년 2월 23일 16시,수요일,전라남도 여수시 신월동,경상사고,0,0,1,0,차대사람 - 길가장자리구역통행중,안전운전불이행,기타,맑음,단일로 - 기타,개인형이동수단(PM),남,42세,상해없음,보행자,여,54세,경상
2022022300100313,2022년 2월 23일 17시,수요일,전라남도 목포시 죽교동,경상사고,0,0,1,0,차대차 - 추돌,안전운전불이행,건조,맑음,단일로 - 기타,승용,남,62세,상해없음,승용,남,44세,경상
2022022300100314,2022년 2월 23일 17시,수요일,전라남도 여수시 학동,경상사고,0,0,2,0,차대차 - 측면충돌,안전운전불이행,건조,맑음,단일로 - 기타,승용,남,37세,상해없음,승용,여,31세,경상
2022022300100359,2022년 2월 23일 18시,수요일,전라남도 여수시 덕충동,경상사고,0,0,1,0,차대차 - 추돌,안전운전불이행,건조,맑음,교차로 - 교차로안,승용,남,53세,상해없음,승용,여,31세,경상
2022022300100360,2022년 2월 23일 18시,수요일,전라남도 나주시 대호동,중상사고,0,1,0,0,차대차 - 기타,안전운전불이행,건조,맑음,단일로 - 기타,승용,여,62세,상해없음,승용,여,41세,중상
2022022300100386,2022년 2월 23일 19시,수요일,전라남도 목포시 산정동,경상사고,0,0,4,0,차대차 - 측면충돌,신호위반,건조,맑음,기타 - 기타,승용,남,40세,상해없음,승용,남,51세,경상
2022022300100454,2022년 2월 23일 22시,수요일,전라남도 목포시 석현동,경상사고,0,0,2,0,차대차 - 측면충돌,안전운전불이행,건조,맑음,교차로 - 교차로안,승용,여,24세,경상,승용,남,57세,상해없음
2022022300100455,2022년 2월 23일 22시,수요일,전라남도 여수시 여서동,경상사고,0,0,2,0,차대차 - 기타,안전운전불이행,건조,기타,교차로 - 교차로안,승용,여,66세,기타불명,승용,남,59세,경상
2022022400100013,2022년 2월 24일 03시,목요일,전라남도 영광군 법성면,경상사고,0,0,1,0,차량단독 - 공작물충돌,안전운전불이행,건조,맑음,교차로 - 교차로안,승용,남,43세,경상,,,,
2022022400100033,2022년 2월 24일 06시,목요일,전라남도 광양시 금호동,경상사고,0,0,2,0,차대차 - 측면충돌,안전거리미확보,건조,맑음,단일로 - 기타,승용,남,44세,경상,승용,남,57세,경상
2022022400100084,2022년 2월 24일 08시,목요일,전라남도 여수시 웅천동,경상사고,0,0,1,0,차대차 - 측면충돌,안전운전불이행,건조,맑음,단일로 - 기타,화물,남,51세,상해없음,승용,여,40세,경상
2022022400100135,2022년 2월 24일 10시,목요일,전라남도 목포시 상동,경상사고,0,0,1,0,차대사람 - 횡단중,보행자보호의무위반,건조,맑음,단일로 - 기타,승용,남,67세,상해없음,보행자,남,11세,경상
2022022400100136,2022년 2월 24일 10시,목요일,전라남도 광양시 태인동,경상사고,0,0,2,0,차대차 - 측면충돌,교차로운행방법위반,건조,맑음,교차로 - 교차로안,승용,여,51세,경상,승용,남,33세,경상
2022022400100199,2022년 2월 24일 12시,목요일,전라남도 장흥군 관산읍,중상사고,0,1,0,0,차대차 - 측면충돌,안전운전불이행,건조,맑음,단일로 - 기타,이륜,남,77세,중상,화물,남,41세,상해없음
2022022400100250,2022년 2월 24일 14시,목요일,전라남도 고흥군 금산면,경상사고,0,0,1,0,차대차 - 기타,교차로운행방법위반,건조,맑음,교차로 - 교차로안,이륜,남,66세,경상,화물,남,52세,상해없음
2022022400100251,2022년 2월 24일 14시,목요일,전라남도 고흥군 도양읍,경상사고,0,0,1,0,차대차 - 측면충돌,신호위반,건조,맑음,교차로 - 교차로안,승용,남,60세,상해없음,승용,남,71세,경상
2022022400100252,2022년 2월 24일 14시,목요일,전라남도 강진군 강진읍,부상신고사고,0,0,0,1,차량단독 - 기타,기타,건조,맑음,교차로 - 교차로안,승용,남,79세,부상신고,,,,
2022022400100288,2022년 2월 24일 15시,목요일,전라남도 고흥군 도양읍,경상사고,0,0,1,0,차대사람 - 기타,안전운전불이행,건조,맑음,교차로 - 교차로안,화물,남,30세,상해없음,보행자,남,79세,경상
2022022400100289,2022년 2월 24일 15시,목요일,전라남도 장성군 남면,중상사고,0,1,1,0,차대차 - 기타,안전운전불이행,건조,맑음,단일로 - 기타,화물,남,52세,중상,화물,남,31세,경상
2022022400100290,2022년 2월 24일 15시,목요일,전라남도 무안군 현경면,경상사고,0,0,1,0,차대차 - 측면충돌,신호위반,건조,맑음,교차로 - 교차로안,화물,남,75세,상해없음,화물,남,74세,경상
2022022400100320,2022년 2월 24일 16시,목요일,전라남도 장성군 장성읍,경상사고,0,0,1,0,차대차 - 정면충돌,안전운전불이행,건조,맑음,교차로 - 교차로안,승용,여,62세,기타불명,승용,여,34세,경상
2022022400100321,2022년 2월 24일 16시,목요일,전라남도 곡성군 오곡면,경상사고,0,0,2,0,차대차 - 측면충돌,안전운전불이행,건조,맑음,단일로 - 기타,승용,여,24세,경상,특수,남,49세,경상
2022022400100359,2022년 2월 24일 17시,목요일,전라남도 해남군 해남읍,중상사고,0,1,0,0,차대차 - 측면충돌,직진우회전진행방해,건조,맑음,교차로 - 교차로안,승용,남,27세,상해없음,이륜,남,18세,중상
2022022400100360,2022년 2월 24일 17시,목요일,전라남도 화순군 화순읍,경상사고,0,0,2,1,차대차 - 기타,안전거리미확보,건조,맑음,교차로 - 교차로부근,승용,남,25세,부상신고,승용,여,61세,경상
2022022400100434,2022년 2월 24일 19시,목요일,전라남도 목포시 용해동,경상사고,0,0,1,0,차대차 - 추돌,안전운전불이행,건조,맑음,교차로 - 교차로안,승용,여,47세,상해없음,승용,여,48세,경상
2022022400100435,2022년 2월 24일 19시,목요일,전라남도 순천시 조례동,중상사고,0,1,0,0,차대사람 - 횡단중,보행자보호의무위반,건조,맑음,교차로 - 교차로안,승용,여,19세,상해없음,보행자,남,74세,중상
2022022400100467,2022년 2월 24일 20시,목요일,전라남도 순천시 해룡면,중상사고,0,1,0,0,차대차 - 측면충돌,안전운전불이행,건조,맑음,단일로 - 기타,승용,여,35세,상해없음,자전거,여,16세,중상
2022022400100518,2022년 2월 24일 22시,목요일,전라남도 여수시 선원동,중상사고,0,1,0,0,차대사람 - 보도통행중,안전운전불이행,건조,맑음,기타 - 기타,개인형이동수단(PM),남,46세,상해없음,보행자,남,40세,중상
2022022400100519,2022년 2월 24일 22시,목요일,전라남도 나주시 산포면,중상사고,0,2,0,0,차량단독 - 도로외이탈 - 추락,안전운전불이행,건조,맑음,단일로 - 기타,승용,여,52세,중상,,,,
2022022400100520,2022년 2월 24일 22시,목요일,전라남도 보성군 회천면,경상사고,0,0,1,0,차량단독 - 공작물충돌,안전운전불이행,건조,맑음,단일로 - 기타,승용,여,61세,경상,,,,
2022022500100011,2022년 2월 25일 02시,금요일,전라남도 여수시 신월동,경상사고,0,0,3,0,차대차 - 추돌,안전운전불이행,건조,맑음,교차로 - 교차로부근,승용,남,39세,상해없음,승용,남,40세,경상
2022022500100015,2022년 2월 25일 03시,금요일,전라남도 여수시 적량동,경상사고,0,0,1,0,차대차 - 측면충돌,중앙선침범,건조,맑음,단일로 - 기타,승용,남,33세,상해없음,화물,남,27세,경상
2022022500100035,2022년 2월 25일 06시,금요일,전라남도 순천시 대룡동,경상사고,0,0,1,0,차대차 - 기타,중앙선침범,건조,맑음,교차로 - 교차로부근,화물,남,64세,상해없음,원동기,여,65세,경상
2022022500100036,2022년 2월 25일 06시,금요일,전라남도 장성군 장성읍,경상사고,0,0,1,0,차대사람 - 기타,안전운전불이행,건조,맑음,단일로 - 기타,자전거,남,65세,상해없음,보행자,남,50세,경상
2022022500100052,2022년 2월 25일 07시,금요일,전라남도 순천시 조례동,경상사고,0,0,1,0,차대차 - 기타,안전운전불이행,건조,맑음,기타 - 기타,승용,남,76세,상해없음,화물,남,22세,경상
2022022500100086,2022년 2월 25일 08시,금요일,전라남도 순천시 풍덕동,경상사고,0,0,1,0,차대차 - 기타,안전거리미확보,건조,맑음,단일로 - 고가도로위,승용,남,41세,상해없음,화물,남,64세,경상
2022022500100087,2022년 2월 25일 08시,금요일,전라남도 강진군 성전면,경상사고,0,0,4,0,차대차 - 추돌,안전운전불이행,건조,맑음,단일로 - 기타,화물,남,48세,상해없음,화물,남,60세,경상
2022022500100116,2022년 2월 25일 09시,금요일,전라남도 목포시 호남동,중상사고,0,1,0,0,차대사람 - 차도통행중,안전운전불이행,건조,맑음,교차로 - 교차로부근,승합,남,52세,상해없음,보행자,여,81세,중상
2022022500100117,2022년 2월 25일 09시,금요일,전라남도 여수시 화장동,경상사고,0,0,2,0,차대차 - 추돌,안전운전불이행,건조,맑음,단일로 - 기타,승용,남,52세,상해없음,화물,남,39세,경상
2022022500100118,2022년 2월 25일 09시,금요일,전라남도 여수시 소라면,경상사고,0,0,1,0,차대차 - 기타,교차로운행방법위반,건조,맑음,교차로 - 교차로안,승용,여,30세,상해없음,승용,남,23세,경상
2022022500100119,2022년 2월 25일 09시,금요일,전라남도 영암군 영암읍,경상사고,0,0,1,0,차대차 - 측면충돌,신호위반,건조,맑음,교차로 - 교차로안,승용,남,81세,상해없음,화물,남,71세,경상
2022022500100120,2022년 2월 25일 09시,금요일,전라남도 진도군 진도읍,중상사고,0,1,0,0,차대사람 - 횡단중,안전운전불이행,건조,맑음,교차로 - 교차로안,승용,남,50세,상해없음,보행자,여,65세,중상
2022022500100151,2022년 2월 25일 10시,금요일,전라남도 여수시 화장동,경상사고,0,0,2,0,차대차 - 측면충돌,안전운전불이행,건조,맑음,교차로 - 교차로부근,승용,여,67세,경상,승용,여,48세,경상
2022022500100152,2022년 2월 25일 10시,금요일,전라남도 장성군 동화면,중상사고,0,2,2,0,차대차 - 추돌,안전운전불이행,건조,맑음,단일로 - 기타,화물,남,32세,중상,화물,남,63세,중상
2022022500100222,2022년 2월 25일 12시,금요일,전라남도 순천시 조곡동,경상사고,0,0,1,0,차대차 - 기타,교차로운행방법위반,건조,맑음,교차로 - 교차로안,승용,남,74세,상해없음,개인형이동수단(PM),남,40세,경상
2022022500100223,2022년 2월 25일 12시,금요일,전라남도 장성군 남면,경상사고,0,0,2,0,차대차 - 측면충돌,안전운전불이행,건조,맑음,단일로 - 기타,승용,남,39세,상해없음,승용,남,29세,경상
2022022500100281,2022년 2월 25일 14시,금요일,전라남도 여수시 서교동,경상사고,0,0,1,0,차대차 - 측면충돌,안전운전불이행,건조,맑음,단일로 - 기타,승합,남,59세,기타불명,승용,여,51세,경상
2022022500100282,2022년 2월 25일 14시,금요일,전라남도 고흥군 과역면,사망사고,1,0,0,0,차량단독 - 기타,안전운전불이행,건조,맑음,교차로 - 교차로안,원동기,남,82세,사망,,,,
2022022500100311,2022년 2월 25일 15시,금요일,전라남도 곡성군 곡성읍,중상사고,0,1,0,0,차대차 - 측면충돌,중앙선침범,건조,맑음,교차로 - 교차로부근,원동기,여,79세,중상,승용,남,52세,상해없음
2022022500100338,2022년 2월 25일 16시,금요일,전라남도 담양군 담양읍,사망사고,1,0,0,0,차대차 - 측면충돌,안전운전불이행,건조,맑음,단일로 - 기타,이륜,남,85세,사망,승용,남,72세,상해없음
2022022500100378,2022년 2월 25일 17시,금요일,전라남도 여수시 관문동,중상사고,0,1,0,0,차대차 - 기타,안전운전불이행,건조,맑음,단일로 - 기타,승합,남,49세,상해없음,자전거,남,77세,중상
2022022500100379,2022년 2월 25일 17시,금요일,전라남도 화순군 화순읍,경상사고,0,0,1,0,차대사람 - 기타,안전운전불이행,건조,맑음,단일로 - 기타,승용,여,51세,상해없음,보행자,여,8세,경상
2022022500100430,2022년 2월 25일 18시,금요일,전라남도 장성군 장성읍,경상사고,0,0,1,0,차대차 - 측면충돌,안전운전불이행,건조,맑음,교차로 - 교차로안,승용,여,49세,상해없음,승용,남,51세,경상
2022022500100431,2022년 2월 25일 18시,금요일,전라남도 무안군 삼향읍,경상사고,0,0,1,0,차대사람 - 기타,안전운전불이행,건조,맑음,단일로 - 기타,승용,남,46세,상해없음,보행자,남,20세,경상
2022022500100519,2022년 2월 25일 21시,금요일,전라남도 여수시 오림동,중상사고,0,1,0,0,차대사람 - 보도통행중,안전운전불이행,건조,맑음,단일로 - 기타,기타불명,기타불명,미분류,기타불명,보행자,여,39세,중상
2022022500100553,2022년 2월 25일 22시,금요일,전라남도 목포시 상동,경상사고,0,0,2,0,차대차 - 추돌,안전운전불이행,건조,맑음,교차로 - 교차로부근,승용,남,40세,기타불명,승용,여,27세,경상
2022022500100554,2022년 2월 25일 22시,금요일,전라남도 목포시 상동,경상사고,0,0,1,0,차대차 - 기타,신호위반,건조,맑음,교차로 - 교차로안,화물,남,44세,상해없음,승용,남,30세,경상
2022022600100062,2022년 2월 26일 07시,토요일,전라남도 화순군 도곡면,경상사고,0,0,4,0,차대차 - 측면충돌,교차로운행방법위반,건조,맑음,교차로 - 교차로안,승용,남,32세,상해없음,화물,남,64세,경상
2022022600100077,2022년 2월 26일 08시,토요일,전라남도 여수시 학동,경상사고,0,0,1,0,차대차 - 측면충돌,교차로운행방법위반,건조,맑음,교차로 - 교차로안,승용,남,25세,상해없음,승용,여,47세,경상
2022022600100078,2022년 2월 26일 08시,토요일,전라남도 영광군 홍농읍,중상사고,0,1,1,0,차대차 - 측면충돌,교차로운행방법위반,건조,맑음,교차로 - 교차로안,승용,여,43세,상해없음,화물,남,68세,상해없음
2022022600100089,2022년 2월 26일 09시,토요일,전라남도 여수시 소라면,경상사고,0,0,1,0,차대차 - 측면충돌,신호위반,건조,맑음,교차로 - 교차로안,승용,남,63세,상해없음,승용,남,23세,경상
2022022600100113,2022년 2월 26일 10시,토요일,전라남도 목포시 용당동,부상신고사고,0,0,0,1,차대사람 - 기타,안전운전불이행,건조,맑음,기타 - 기타,기타불명,기타불명,미분류,기타불명,보행자,여,69세,부상신고
2022022600100134,2022년 2월 26일 11시,토요일,전라남도 여수시 신기동,경상사고,0,0,1,0,차대차 - 추돌,안전운전불이행,건조,맑음,교차로 - 교차로부근,승용,남,31세,상해없음,승용,여,40세,경상
2022022600100135,2022년 2월 26일 11시,토요일,전라남도 강진군 작천면,중상사고,0,2,4,0,차대차 - 측면충돌,직진우회전진행방해,건조,맑음,교차로 - 교차로안,승용,남,79세,상해없음,승용,남,44세,경상
2022022600100166,2022년 2월 26일 12시,토요일,전라남도 여수시 선원동,경상사고,0,0,1,0,차대차 - 추돌,교차로운행방법위반,건조,맑음,단일로 - 기타,승용,남,62세,상해없음,승용,여,37세,경상
2022022600100167,2022년 2월 26일 12시,토요일,전라남도 광양시 광양읍,중상사고,0,1,0,0,차대차 - 측면충돌,직진우회전진행방해,건조,맑음,교차로 - 교차로부근,승용,남,44세,상해없음,이륜,남,25세,중상
2022022600100201,2022년 2월 26일 13시,토요일,전라남도 신안군 압해읍,경상사고,0,0,3,0,차대차 - 추돌,안전거리미확보,건조,맑음,교차로 - 교차로부근,화물,남,41세,경상,승용,남,48세,경상
2022022600100202,2022년 2월 26일 13시,토요일,전라남도 강진군 성전면,경상사고,0,0,2,0,차대차 - 측면충돌,중앙선침범,건조,맑음,단일로 - 기타,화물,남,78세,상해없음,승합,여,56세,경상
2022022600100203,2022년 2월 26일 13시,토요일,전라남도 강진군 강진읍,중상사고,0,1,0,0,차대사람 - 차도통행중,안전운전불이행,건조,맑음,단일로 - 기타,화물,남,71세,상해없음,보행자,남,66세,중상
2022022600100204,2022년 2월 26일 13시,토요일,전라남도 무안군 삼향읍,중상사고,0,1,0,0,차대차 - 추돌,안전운전불이행,건조,맑음,교차로 - 교차로부근,승용,남,25세,상해없음,이륜,남,49세,중상
2022022600100235,2022년 2월 26일 14시,토요일,전라남도 담양군 담양읍,경상사고,0,0,1,0,차대차 - 기타,안전운전불이행,건조,맑음,기타 - 기타,승용,남,38세,기타불명,승용,남,56세,상해없음
2022022600100259,2022년 2월 26일 15시,토요일,전라남도 목포시 석현동,경상사고,0,0,2,0,차대차 - 측면충돌,안전운전불이행,건조,맑음,교차로 - 교차로부근,승용,남,74세,상해없음,승용,남,32세,경상
2022022600100283,2022년 2월 26일 16시,토요일,전라남도 여수시 돌산읍,경상사고,0,0,3,0,차대차 - 측면충돌,안전운전불이행,건조,맑음,단일로 - 기타,승용,남,29세,기타불명,승용,남,38세,경상
2022022600100284,2022년 2월 26일 16시,토요일,전라남도 완도군 청산면,경상사고,0,0,3,0,차대차 - 기타,안전운전불이행,건조,맑음,단일로 - 기타,화물,남,56세,상해없음,승합,남,45세,상해없음
2022022600100285,2022년 2월 26일 16시,토요일,전라남도 광양시 중동,경상사고,0,0,1,0,차대차 - 측면충돌,직진우회전진행방해,건조,맑음,교차로 - 교차로안,화물,남,81세,경상,승용,남,59세,상해없음
2022022600100286,2022년 2월 26일 16시,토요일,전라남도 곡성군 삼기면,중상사고,0,1,0,0,차대차 - 기타,안전거리미확보,건조,맑음,단일로 - 기타,승용,남,56세,상해없음,승용,여,58세,중상
2022022600100353,2022년 2월 26일 18시,토요일,전라남도 목포시 옥암동,경상사고,0,0,2,1,차대차 - 기타,안전운전불이행,건조,맑음,기타 - 기타,이륜,남,22세,부상신고,승용,남,52세,경상
2022022600100355,2022년 2월 26일 18시,토요일,전라남도 순천시 오천동,경상사고,0,0,3,0,차대차 - 추돌,안전운전불이행,건조,흐림,교차로 - 교차로부근,승합,남,64세,상해없음,화물,남,55세,경상
2022022600100432,2022년 2월 26일 20시,토요일,전라남도 무안군 현경면,중상사고,0,1,2,0,차대차 - 추돌,안전운전불이행,건조,맑음,교차로 - 교차로안,승용,남,55세,상해없음,화물,남,55세,경상
2022022600100480,2022년 2월 26일 22시,토요일,전라남도 여수시 돌산읍,경상사고,0,0,1,0,차대차 - 기타,안전운전불이행,건조,맑음,단일로 - 기타,승용,남,25세,상해없음,이륜,남,29세,경상
2022022700100031,2022년 2월 27일 07시,일요일,전라남도 광양시 중동,경상사고,0,0,1,0,차대차 - 기타,신호위반,건조,맑음,교차로 - 교차로안,승용,남,38세,기타불명,자전거,남,52세,경상
2022022700100050,2022년 2월 27일 09시,일요일,전라남도 진도군 진도읍,경상사고,0,0,2,0,차대차 - 측면충돌,중앙선침범,건조,맑음,단일로 - 기타,화물,여,68세,경상,승용,남,54세,경상
2022022700100065,2022년 2월 27일 10시,일요일,전라남도 목포시 용당동,중상사고,0,1,1,0,차대차 - 측면충돌,교차로운행방법위반,건조,맑음,교차로 - 교차로안,승용,남,62세,경상,승용,여,74세,중상
2022022700100066,2022년 2월 27일 10시,일요일,전라남도 영암군 학산면,경상사고,0,0,2,0,차대차 - 측면충돌,안전운전불이행,건조,맑음,교차로 - 교차로안,승용,남,61세,상해없음,승용,여,49세,경상
2022022700100140,2022년 2월 27일 13시,일요일,전라남도 여수시 수정동,경상사고,0,0,2,0,차대차 - 측면충돌,안전운전불이행,건조,맑음,단일로 - 기타,승용,여,37세,상해없음,승용,남,43세,경상
2022022700100141,2022년 2월 27일 13시,일요일,전라남도 순천시 풍덕동,중상사고,0,1,0,0,차대차 - 기타,직진우회전진행방해,건조,맑음,교차로 - 교차로안,승용,남,40세,상해없음,이륜,남,57세,중상
2022022700100142,2022년 2월 27일 13시,일요일,전라남도 함평군 손불면,부상신고사고,0,0,0,1,차대차 - 측면충돌,안전운전불이행,건조,맑음,교차로 - 교차로안,승용,남,56세,부상신고,승용,남,41세,상해없음
2022022700100169,2022년 2월 27일 14시,일요일,전라남도 여수시 교동,경상사고,0,0,1,0,차대사람 - 기타,안전운전불이행,건조,맑음,단일로 - 기타,승용,남,60세,상해없음,보행자,여,27세,경상
2022022700100213,2022년 2월 27일 15시,일요일,전라남도 목포시 광동3가,경상사고,0,0,1,0,차대차 - 후진중충돌,안전운전불이행,건조,맑음,단일로 - 기타,승용,남,57세,상해없음,승용,남,22세,경상
2022022700100236,2022년 2월 27일 16시,일요일,전라남도 나주시 봉황면,경상사고,0,0,1,0,차량단독 - 공작물충돌,안전운전불이행,건조,맑음,단일로 - 기타,화물,남,68세,경상,,,,
2022022700100253,2022년 2월 27일 17시,일요일,전라남도 순천시 해룡면,경상사고,0,0,1,0,차대차 - 추돌,안전운전불이행,건조,맑음,단일로 - 기타,화물,남,56세,상해없음,승용,여,52세,경상
2022022700100276,2022년 2월 27일 18시,일요일,전라남도 화순군 화순읍,중상사고,0,1,0,0,차대차 - 측면충돌,직진우회전진행방해,건조,맑음,교차로 - 교차로안,승용,여,24세,상해없음,이륜,남,38세,중상
2022022700100277,2022년 2월 27일 18시,일요일,전라남도 영암군 삼호읍,경상사고,0,0,2,0,차대차 - 측면충돌,안전운전불이행,건조,맑음,교차로 - 교차로안,승용,남,47세,상해없음,승용,남,27세,경상
2022022700100301,2022년 2월 27일 19시,일요일,전라남도 목포시 상동,경상사고,0,0,2,0,차대차 - 후진중충돌,안전운전불이행,건조,맑음,기타 - 기타,승용,남,24세,기타불명,승용,남,21세,경상
2022022700100302,2022년 2월 27일 19시,일요일,전라남도 순천시 해룡면,중상사고,0,1,0,0,차대차 - 측면충돌,중앙선침범,건조,맑음,교차로 - 교차로부근,승용,남,82세,상해없음,이륜,남,59세,중상
2022022800100053,2022년 2월 28일 07시,월요일,전라남도 목포시 해안동3가,경상사고,0,0,1,0,차대차 - 측면충돌,교차로운행방법위반,건조,맑음,교차로 - 교차로안,이륜,남,63세,경상,승용,남,56세,상해없음
2022022800100054,2022년 2월 28일 07시,월요일,전라남도 순천시 풍덕동,사망사고,1,0,0,0,차대사람 - 횡단중,신호위반,건조,맑음,단일로 - 기타,화물,남,61세,상해없음,보행자,여,53세,사망
2022022800100055,2022년 2월 28일 07시,월요일,전라남도 구례군 산동면,경상사고,0,0,1,0,차량단독 - 기타,안전운전불이행,서리/결빙,맑음,단일로 - 기타,화물,남,38세,경상,,,,
2022022800100072,2022년 2월 28일 08시,월요일,전라남도 목포시 석현동,경상사고,0,0,3,0,차대차 - 기타,안전운전불이행,건조,맑음,교차로 - 교차로안,승용,남,29세,경상,승용,여,36세,경상
2022022800100073,2022년 2월 28일 08시,월요일,전라남도 순천시 별량면,경상사고,0,0,1,0,차대차 - 추돌,안전거리미확보,건조,맑음,단일로 - 기타,승용,남,64세,상해없음,승용,여,32세,경상
2022022800100101,2022년 2월 28일 09시,월요일,전라남도 목포시 옥암동,경상사고,0,0,2,0,차대차 - 측면충돌,안전운전불이행,건조,맑음,교차로 - 교차로안,승용,여,44세,경상,승용,남,32세,경상
2022022800100102,2022년 2월 28일 09시,월요일,전라남도 강진군 군동면,경상사고,0,0,1,0,차대차 - 기타,중앙선침범,건조,맑음,단일로 - 기타,자전거,남,18세,경상,화물,남,56세,상해없음
2022022800100122,2022년 2월 28일 10시,월요일,전라남도 고흥군 고흥읍,경상사고,0,0,1,0,차대차 - 측면충돌,안전운전불이행,건조,맑음,단일로 - 기타,화물,남,75세,상해없음,승용,여,66세,경상
2022022800100155,2022년 2월 28일 11시,월요일,전라남도 순천시 별량면,중상사고,0,1,3,0,차대차 - 측면충돌,안전운전불이행,건조,맑음,교차로 - 교차로부근,화물,여,62세,중상,화물,여,53세,경상
2022022800100156,2022년 2월 28일 11시,월요일,전라남도 고흥군 도양읍,중상사고,0,1,0,0,차대사람 - 기타,안전운전불이행,건조,맑음,기타 - 기타,승용,남,63세,상해없음,보행자,남,76세,중상
2022022800100157,2022년 2월 28일 11시,월요일,전라남도 영광군 영광읍,중상사고,0,1,0,0,차대사람 - 횡단중,안전운전불이행,건조,맑음,교차로 - 교차로안,승용,남,41세,상해없음,보행자,여,77세,중상
2022022800100158,2022년 2월 28일 11시,월요일,전라남도 강진군 강진읍,부상신고사고,0,0,0,1,차대차 - 측면충돌,안전운전불이행,건조,맑음,교차로 - 교차로안,승용,남,66세,상해없음,이륜,남,89세,부상신고
2022022800100189,2022년 2월 28일 12시,월요일,전라남도 광양시 광영동,부상신고사고,0,0,0,2,차대차 - 측면충돌,교차로운행방법위반,건조,맑음,교차로 - 교차로안,승용,남,65세,부상신고,승용,남,49세,부상신고
2022022800100215,2022년 2월 28일 13시,월요일,전라남도 순천시 조례동,경상사고,0,0,2,0,차대사람 - 횡단중,보행자보호의무위반,건조,맑음,교차로 - 교차로횡단보도내,승용,남,47세,상해없음,보행자,여,34세,경상
2022022800100216,2022년 2월 28일 13시,월요일,전라남도 광양시 광양읍,중상사고,0,1,0,0,차대사람 - 횡단중,보행자보호의무위반,건조,맑음,단일로 - 기타,승용,남,56세,상해없음,보행자,남,12세,중상
2022022800100256,2022년 2월 28일 14시,월요일,전라남도 순천시 조례동,경상사고,0,0,2,0,차대차 - 측면충돌,직진우회전진행방해,건조,맑음,교차로 - 교차로안,승용,여,48세,상해없음,승합,남,67세,경상
2022022800100257,2022년 2월 28일 14시,월요일,전라남도 해남군 해남읍,경상사고,0,0,1,0,차대차 - 후진중충돌,안전운전불이행,건조,맑음,단일로 - 기타,화물,남,79세,상해없음,승용,여,76세,경상
2022022800100294,2022년 2월 28일 15시,월요일,전라남도 순천시 조례동,중상사고,0,1,0,0,차대사람 - 차도통행중,안전운전불이행,건조,맑음,단일로 - 기타,승용,여,52세,상해없음,보행자,여,23세,중상
2022022800100327,2022년 2월 28일 16시,월요일,전라남도 목포시 산정동,경상사고,0,0,2,0,차대차 - 측면충돌,안전운전불이행,건조,맑음,단일로 - 기타,승용,남,79세,기타불명,승용,남,37세,경상
2022022800100409,2022년 2월 28일 18시,월요일,전라남도 광양시 중동,중상사고,0,1,0,0,차대차 - 측면충돌,안전운전불이행,건조,맑음,교차로 - 교차로안,승용,남,39세,상해없음,원동기,남,42세,중상
2022022800100449,2022년 2월 28일 19시,월요일,전라남도 영암군 삼호읍,사망사고,1,0,0,0,차대차 - 측면충돌,직진우회전진행방해,건조,맑음,교차로 - 교차로안,승용,남,30세,기타불명,이륜,남,44세,사망
2022022800100450,2022년 2월 28일 19시,월요일,전라남도 장성군 장성읍,중상사고,0,1,0,0,차대사람 - 횡단중,안전운전불이행,건조,기타,단일로 - 기타,이륜,남,37세,상해없음,보행자,여,79세,중상
2022022800100547,2022년 2월 28일 23시,월요일,전라남도 여수시 웅천동,중상사고,0,1,0,0,차대차 - 추돌,안전운전불이행,건조,맑음,교차로 - 교차로횡단보도내,승용,남,60세,상해없음,개인형이동수단(PM),남,16세,중상
2022030100100011,2022년 3월 1일 03시,화요일,전라남도 여수시 월내동,경상사고,0,0,1,0,차대차 - 정면충돌,중앙선침범,건조,맑음,단일로 - 기타,승용,남,36세,상해없음,건설기계,남,56세,경상
2022030100100075,2022년 3월 1일 10시,화요일,전라남도 순천시 동외동,경상사고,0,0,1,0,차대차 - 측면충돌,안전운전불이행,건조,맑음,단일로 - 기타,화물,남,77세,상해없음,승용,여,42세,경상
2022030100100115,2022년 3월 1일 12시,화요일,전라남도 여수시 중앙동,경상사고,0,0,1,0,차대사람 - 보도통행중,안전운전불이행,건조,맑음,단일로 - 기타,승용,남,48세,상해없음,보행자,남,35세,경상
2022030100100136,2022년 3월 1일 13시,화요일,전라남도 강진군 성전면,경상사고,0,0,1,0,차대차 - 추돌,안전운전불이행,건조,맑음,단일로 - 기타,승용,남,67세,상해없음,승용,여,38세,경상
2022030100100137,2022년 3월 1일 13시,화요일,전라남도 구례군 간전면,중상사고,0,1,0,0,차량단독 - 전도전복 - 전도,안전운전불이행,기타,맑음,단일로 - 기타,농기계,남,83세,상해없음,,,,
2022030100100161,2022년 3월 1일 14시,화요일,전라남도 여수시 오림동,중상사고,0,1,0,0,차대차 - 측면충돌,안전거리미확보,건조,맑음,단일로 - 기타,승용,남,56세,상해없음,이륜,남,49세,중상