사고번호,사고일시,요일,시군구,사고내용,사망자수,중상자수,경상자수,부상신고자수,사고유형,법규위반,노면상태,기상상태,도로형태,가해운전자 차종,가해운전자 성별,가해운전자 연령,가해운전자 상해정도,피해운전자 차종,피해운전자 성별,피해운전자 연령,피해운전자 상해정도
2022030800100192,2022년 3월 8일 13시,화요일,전라남도 목포시 산정동,경상사고,0,0,2,0,차대차 - 측면충돌,안전운전불이행,건조,맑음,기타 - 기타,승용,남,59세,상해없음,화물,남,19세,경상
2022030800100193,2022년 3월 8일 13시,화요일,전라남도 나주시 금성동,경상사고,0,0,1,0,차대사람 - 기타,안전운전불이행,건조,맑음,교차로 - 교차로안,승용,남,60세,상해없음,보행자,남,83세,경상
2022030800100194,2022년 3월 8일 13시,화요일,전라남도 구례군 마산면,경상사고,0,0,2,0,차대차 - 측면충돌,안전운전불이행,건조,맑음,교차로 - 교차로안,이륜,남,79세,경상,승용,남,47세,상해없음
2022030800100221,2022년 3월 8일 14시,화요일,전라남도 목포시 옥암동,경상사고,0,0,2,0,차대차 - 추돌,안전운전불이행,건조,맑음,기타 - 기타,승용,여,32세,경상,승용,여,63세,경상
2022030800100222,2022년 3월 8일 14시,화요일,전라남도 순천시 조례동,경상사고,0,0,2,0,차대차 - 기타,안전운전불이행,건조,맑음,단일로 - 기타,이륜,남,20세,경상,승용,남,35세,경상
2022030800100253,2022년 3월 8일 15시,화요일,전라남도 무안군 해제면,경상사고,0,0,1,0,차대차 - 측면충돌,안전운전불이행,건조,맑음,교차로 - 교차로안,건설기계,남,39세,경상,승용,남,67세,상해없음
2022030800100285,2022년 3월 8일 16시,화요일,전라남도 목포시 상동,경상사고,0,0,1,0,차대차 - 기타,안전운전불이행,건조,맑음,교차로 - 교차로부근,화물,남,42세,상해없음,승용,여,47세,경상
2022030800100286,2022년 3월 8일 16시,화요일,전라남도 광양시 도이동,경상사고,0,0,2,0,차대차 - 측면충돌,직진우회전진행방해,건조,맑음,교차로 - 교차로안,특수,남,41세,경상,화물,남,52세,경상
2022030800100321,2022년 3월 8일 17시,화요일,전라남도 해남군 해남읍,경상사고,0,0,2,0,차대차 - 기타,안전운전불이행,건조,맑음,교차로 - 교차로안,화물,남,47세,경상,승용,여,63세,경상
2022030800100322,2022년 3월 8일 17시,화요일,전라남도 광양시 태인동,경상사고,0,0,3,1,차대차 - 측면충돌,안전거리미확보,건조,맑음,단일로 - 기타,승용,여,65세,부상신고,승용,남,61세,경상
2022030800100323,2022년 3월 8일 17시,화요일,전라남도 광양시 광양읍,경상사고,0,0,2,0,차대차 - 측면충돌,차로위반,건조,맑음,단일로 - 기타,승용,여,55세,경상,특수,남,57세,상해없음
2022030800100354,2022년 3월 8일 18시,화요일,전라남도 목포시 용당동,경상사고,0,0,1,0,차대차 - 기타,안전운전불이행,건조,맑음,교차로 - 교차로안,이륜,남,31세,경상,승용,남,48세,상해없음
2022030800100355,2022년 3월 8일 18시,화요일,전라남도 광양시 중동,경상사고,0,0,1,0,차대차 - 측면충돌,교차로운행방법위반,건조,맑음,교차로 - 교차로안,승용,여,55세,상해없음,승용,남,64세,경상
2022030800100356,2022년 3월 8일 18시,화요일,전라남도 나주시 문평면,경상사고,0,0,1,0,차대차 - 추돌,안전운전불이행,건조,맑음,단일로 - 기타,승용,남,29세,상해없음,승용,여,33세,경상
2022030800100391,2022년 3월 8일 19시,화요일,전라남도 목포시 상동,경상사고,0,0,3,0,차대차 - 기타,안전운전불이행,건조,맑음,교차로 - 교차로안,화물,남,74세,경상,승용,남,22세,경상
2022030800100392,2022년 3월 8일 19시,화요일,전라남도 여수시 문수동,경상사고,0,0,1,0,차대차 - 측면충돌,안전운전불이행,건조,맑음,교차로 - 교차로부근,승용,남,43세,상해없음,승합,남,55세,경상
2022030800100481,2022년 3월 8일 23시,화요일,전라남도 순천시 용당동,경상사고,0,0,1,3,차대차 - 추돌,안전운전불이행,건조,맑음,단일로 - 기타,승용,여,18세,상해없음,승용,남,63세,상해없음
2022030900100011,2022년 3월 9일 00시,수요일,전라남도 여수시 덕충동,중상사고,0,1,0,0,차대차 - 측면충돌,신호위반,건조,맑음,교차로 - 교차로안,승용,남,66세,상해없음,승용,남,67세,중상
2022030900100031,2022년 3월 9일 02시,수요일,전라남도 여수시 덕충동,부상신고사고,0,0,0,1,차량단독 - 기타,안전운전불이행,건조,맑음,교차로 - 교차로부근,이륜,남,16세,부상신고,,,,
2022030900100050,2022년 3월 9일 06시,수요일,전라남도 순천시 별량면,중상사고,0,1,0,0,차대차 - 정면충돌,중앙선침범,건조,맑음,교차로 - 교차로부근,승용,남,48세,상해없음,승용,남,61세,중상
2022030900100080,2022년 3월 9일 09시,수요일,전라남도 강진군 강진읍,중상사고,0,1,0,0,차대차 - 기타,안전운전불이행,건조,맑음,단일로 - 기타,이륜,남,72세,중상,승용,남,71세,상해없음
2022030900100177,2022년 3월 9일 13시,수요일,전라남도 여수시 낙포동,경상사고,0,0,2,0,차대차 - 추돌,안전운전불이행,건조,맑음,단일로 - 기타,화물,남,57세,상해없음,승용,남,49세,경상
2022030900100178,2022년 3월 9일 13시,수요일,전라남도 담양군 창평면,부상신고사고,0,0,0,1,차량단독 - 기타,안전운전불이행,건조,맑음,단일로 - 기타,승용,남,60세,부상신고,,,,
2022030900100179,2022년 3월 9일 13시,수요일,전라남도 광양시 광양읍,부상신고사고,0,0,0,1,차대차 - 기타,안전거리미확보,건조,맑음,단일로 - 기타,이륜,남,33세,상해없음,자전거,남,80세,부상신고
2022030900100219,2022년 3월 9일 14시,수요일,전라남도 고흥군 도덕면,중상사고,0,1,0,0,차대사람 - 기타,안전운전불이행,건조,맑음,단일로 - 기타,승용,남,68세,상해없음,보행자,남,87세,중상
2022030900100242,2022년 3월 9일 15시,수요일,전라남도 순천시 풍덕동,경상사고,0,0,1,0,차대사람 - 기타,안전운전불이행,건조,맑음,기타 - 기타,자전거,남,50세,상해없음,보행자,여,71세,경상
2022030900100243,2022년 3월 9일 15시,수요일,전라남도 장흥군 장흥읍,경상사고,0,0,1,0,차대차 - 측면충돌,직진우회전진행방해,건조,맑음,교차로 - 교차로안,승용,여,59세,상해없음,승용,남,29세,경상
2022030900100257,2022년 3월 9일 16시,수요일,전라남도 여수시 소라면,경상사고,0,0,1,0,차대차 - 측면충돌,안전운전불이행,건조,맑음,단일로 - 기타,화물,남,56세,상해없음,화물,여,45세,경상
2022030900100258,2022년 3월 9일 16시,수요일,전라남도 여수시 교동,중상사고,0,2,0,0,차대사람 - 횡단중,안전운전불이행,건조,맑음,단일로 - 기타,이륜,남,24세,중상,보행자,여,58세,중상
2022030900100259,2022년 3월 9일 16시,수요일,전라남도 해남군 해남읍,경상사고,0,0,1,0,차대차 - 측면충돌,교차로운행방법위반,건조,맑음,교차로 - 교차로안,이륜,남,27세,경상,승용,여,70세,상해없음
2022030900100310,2022년 3월 9일 18시,수요일,전라남도 여수시 여서동,경상사고,0,0,1,0,차대차 - 기타,차로위반,건조,맑음,단일로 - 기타,이륜,남,54세,상해없음,승용,남,55세,경상
2022030900100338,2022년 3월 9일 19시,수요일,전라남도 순천시 왕지동,중상사고,0,1,1,0,차대차 - 기타,교차로운행방법위반,건조,맑음,교차로 - 교차로안,승용,남,36세,상해없음,승용,여,27세,경상
2022030900100365,2022년 3월 9일 20시,수요일,전라남도 여수시 신기동,중상사고,0,1,0,0,차대사람 - 횡단중,보행자보호의무위반,건조,맑음,교차로 - 교차로안,화물,남,64세,상해없음,보행자,남,61세,중상
2022030900100380,2022년 3월 9일 21시,수요일,전라남도 목포시 용해동,사망사고,1,0,0,0,차대사람 - 차도통행중,안전운전불이행,건조,맑음,단일로 - 기타,승용,남,72세,상해없음,보행자,남,65세,사망
2022031000100009,2022년 3월 10일 01시,목요일,전라남도 순천시 별량면,경상사고,0,0,1,0,차량단독 - 전도전복 - 전도,안전운전불이행,건조,맑음,기타 - 기타,특수,남,57세,경상,,,,
2022031000100027,2022년 3월 10일 05시,목요일,전라남도 영암군 삼호읍,경상사고,0,0,2,0,차대차 - 측면충돌,안전운전불이행,건조,맑음,교차로 - 교차로부근,승용,남,65세,상해없음,승용,남,20세,경상
2022031000100040,2022년 3월 10일 06시,목요일,전라남도 광양시 마동,경상사고,0,0,1,0,차대차 - 측면충돌,직진우회전진행방해,건조,맑음,교차로 - 교차로안,화물,남,67세,상해없음,승용,여,48세,경상
2022031000100083,2022년 3월 10일 08시,목요일,전라남도 영암군 삼호읍,부상신고사고,0,0,0,1,차대차 - 추돌,안전운전불이행,건조,맑음,교차로 - 교차로부근,자전거,남,46세,부상신고,승용,남,31세,상해없음
2022031000100106,2022년 3월 10일 09시,목요일,전라남도 강진군 강진읍,사망사고,1,0,0,0,차대차 - 측면충돌,안전운전불이행,건조,맑음,교차로 - 교차로안,건설기계,남,55세,상해없음,이륜,남,77세,사망
2022031000100129,2022년 3월 10일 10시,목요일,전라남도 여수시 화장동,경상사고,0,0,1,0,차대차 - 측면충돌,교차로운행방법위반,건조,맑음,교차로 - 교차로안,승용,여,59세,상해없음,승용,여,62세,경상
2022031000100130,2022년 3월 10일 10시,목요일,전라남도 나주시 이창동,중상사고,0,1,0,0,차대차 - 측면충돌,직진우회전진행방해,건조,맑음,교차로 - 교차로안,원동기,남,81세,상해없음,화물,남,66세,상해없음
2022031000100131,2022년 3월 10일 10시,목요일,전라남도 무안군 무안읍,경상사고,0,0,2,0,차대차 - 측면충돌,안전운전불이행,건조,맑음,교차로 - 교차로안,승용,남,76세,상해없음,화물,남,74세,경상
2022031000100132,2022년 3월 10일 10시,목요일,전라남도 광양시 도이동,경상사고,0,0,1,0,차대차 - 추돌,안전거리미확보,건조,맑음,단일로 - 기타,이륜,남,80세,경상,이륜,남,37세,상해없음
2022031000100133,2022년 3월 10일 10시,목요일,전라남도 담양군 담양읍,경상사고,0,0,3,0,차대차 - 추돌,안전운전불이행,건조,맑음,단일로 - 터널,승용,남,62세,경상,승용,여,47세,경상
2022031000100178,2022년 3월 10일 12시,목요일,전라남도 목포시 대안동,경상사고,0,0,2,0,차대차 - 측면충돌,안전운전불이행,건조,맑음,단일로 - 기타,승용,남,64세,상해없음,화물,남,22세,경상
2022031000100230,2022년 3월 10일 14시,목요일,전라남도 강진군 강진읍,경상사고,0,0,2,0,차대차 - 기타,중앙선침범,건조,맑음,단일로 - 기타,승용,여,56세,경상,화물,남,38세,경상
2022031000100287,2022년 3월 10일 16시,목요일,전라남도 순천시 인제동,경상사고,0,0,1,0,차대차 - 추돌,안전운전불이행,건조,맑음,교차로 - 교차로부근,승용,남,57세,상해없음,승용,남,48세,경상
2022031000100315,2022년 3월 10일 17시,목요일,전라남도 화순군 화순읍,경상사고,0,0,1,0,차대차 - 측면충돌,교차로운행방법위반,건조,맑음,교차로 - 교차로부근,화물,남,36세,상해없음,승용,여,27세,경상
2022031000100343,2022년 3월 10일 18시,목요일,전라남도 여수시 웅천동,경상사고,0,0,1,0,차대차 - 측면충돌,신호위반,건조,맑음,교차로 - 교차로안,승용,남,62세,상해없음,이륜,남,32세,경상
2022031000100344,2022년 3월 10일 18시,목요일,전라남도 나주시 성북동,중상사고,0,1,0,0,차대차 - 기타,신호위반,건조,맑음,교차로 - 교차로안,승용,남,70세,상해없음,이륜,남,71세,중상
2022031000100423,2022년 3월 10일 22시,목요일,전라남도 목포시 대양동,경상사고,0,0,3,0,차대차 - 기타,안전운전불이행,건조,기타,기타 - 기타,승용,남,44세,상해없음,승용,남,52세,경상
2022031000100431,2022년 3월 10일 23시,목요일,전라남도 목포시 달동,경상사고,0,0,1,0,차량단독 - 공작물충돌,안전운전불이행,건조,맑음,단일로 - 교량,승용,남,21세,경상,,,,
2022031000100432,2022년 3월 10일 23시,목요일,전라남도 여수시 신기동,중상사고,0,1,0,0,차대차 - 측면충돌,신호위반,건조,맑음,교차로 - 교차로안,승용,남,29세,상해없음,승용,남,27세,중상
2022031100100034,2022년 3월 11일 06시,금요일,전라남도 나주시 빛가람동,중상사고,0,2,9,0,차대차 - 기타,신호위반,건조,맑음,교차로 - 교차로안,승합,남,38세,중상,승합,남,63세,경상
2022031100100035,2022년 3월 11일 06시,금요일,전라남도 광양시 광영동,경상사고,0,0,1,0,차대차 - 측면충돌,안전운전불이행,건조,맑음,단일로 - 기타,화물,남,47세,상해없음,승용,여,27세,경상
2022031100100052,2022년 3월 11일 07시,금요일,전라남도 화순군 동면,경상사고,0,0,1,0,차대차 - 추돌,안전운전불이행,건조,맑음,단일로 - 기타,승용,남,64세,상해없음,승용,남,70세,경상
2022031100100053,2022년 3월 11일 07시,금요일,전라남도 강진군 칠량면,경상사고,0,0,1,0,차대차 - 측면충돌,중앙선침범,건조,맑음,단일로 - 기타,화물,남,50세,상해없음,승용,남,48세,경상
2022031100100074,2022년 3월 11일 08시,금요일,전라남도 순천시 금곡동,경상사고,0,0,2,0,차대차 - 측면충돌,안전운전불이행,건조,맑음,단일로 - 기타,승용,여,47세,상해없음,승용,여,46세,경상
2022031100100075,2022년 3월 11일 08시,금요일,전라남도 장성군 북일면,경상사고,0,0,1,0,차대차 - 측면충돌,안전운전불이행,건조,맑음,단일로 - 기타,건설기계,남,29세,상해없음,승용,여,59세,경상
2022031100100076,2022년 3월 11일 08시,금요일,전라남도 강진군 군동면,경상사고,0,0,2,0,차대차 - 측면충돌,직진우회전진행방해,건조,맑음,교차로 - 교차로안,승용,남,28세,경상,승용,남,69세,경상
2022031100100099,2022년 3월 11일 09시,금요일,전라남도 해남군 화산면,경상사고,0,0,4,0,차대차 - 추돌,안전운전불이행,건조,맑음,단일로 - 기타,화물,남,70세,상해없음,승용,남,69세,경상
2022031100100100,2022년 3월 11일 09시,금요일,전라남도 해남군 화산면,경상사고,0,0,1,0,차대차 - 기타,기타,건조,맑음,교차로 - 교차로부근,화물,남,56세,상해없음,승용,남,28세,상해없음
2022031100100126,2022년 3월 11일 10시,금요일,전라남도 목포시 석현동,경상사고,0,0,1,0,차대차 - 측면충돌,안전운전불이행,건조,맑음,단일로 - 기타,승용,남,70세,상해없음,화물,남,55세,상해없음
2022031100100127,2022년 3월 11일 10시,금요일,전라남도 고흥군 도화면,중상사고,0,1,0,0,차대사람 - 기타,안전운전불이행,건조,맑음,기타 - 기타,승용,여,64세,상해없음,보행자,여,74세,중상
2022031100100186,2022년 3월 11일 12시,금요일,전라남도 여수시 소라면,중상사고,0,1,0,0,차대차 - 정면충돌,안전운전불이행,건조,맑음,기타 - 기타,자전거,여,48세,상해없음,자전거,남,60세,중상
2022031100100214,2022년 3월 11일 13시,금요일,전라남도 여수시 광무동,경상사고,0,0,2,0,차대차 - 측면충돌,안전운전불이행,건조,맑음,교차로 - 교차로부근,승용,여,55세,상해없음,승용,남,39세,경상
2022031100100244,2022년 3월 11일 14시,금요일,전라남도 목포시 용해동,경상사고,0,0,1,0,차대차 - 측면충돌,신호위반,건조,맑음,교차로 - 교차로안,승용,남,60세,상해없음,승용,남,30세,경상
2022031100100303,2022년 3월 11일 16시,금요일,전라남도 순천시 중앙동,경상사고,0,0,1,0,차대차 - 기타,직진우회전진행방해,건조,맑음,교차로 - 교차로안,승용,여,70세,상해없음,승용,여,63세,경상
2022031100100304,2022년 3월 11일 16시,금요일,전라남도 순천시 연향동,경상사고,0,0,2,0,차대차 - 추돌,안전운전불이행,건조,맑음,교차로 - 교차로부근,승용,여,63세,상해없음,승용,남,25세,경상
2022031100100305,2022년 3월 11일 16시,금요일,전라남도 강진군 마량면,중상사고,0,1,2,0,차대차 - 측면충돌,직진우회전진행방해,건조,맑음,교차로 - 교차로안,승용,남,75세,경상,화물,남,65세,경상
2022031100100367,2022년 3월 11일 18시,금요일,전라남도 목포시 상동,중상사고,0,1,0,0,차대차 - 측면충돌,기타,건조,맑음,교차로 - 교차로부근,이륜,남,26세,중상,승용,남,45세,상해없음
2022031100100368,2022년 3월 11일 18시,금요일,전라남도 여수시 봉강동,중상사고,0,1,0,0,차량단독 - 전도전복 - 전도,안전운전불이행,젖음/습기,흐림,단일로 - 기타,이륜,남,37세,중상,,,,
2022031100100402,2022년 3월 11일 19시,금요일,전라남도 순천시 왕지동,경상사고,0,0,3,0,차대차 - 측면충돌,신호위반,건조,맑음,교차로 - 교차로안,승용,남,72세,상해없음,승용,여,36세,경상
2022031100100403,2022년 3월 11일 19시,금요일,전라남도 순천시 조례동,경상사고,0,0,1,0,차대차 - 기타,안전거리미확보,건조,맑음,교차로 - 교차로안,승용,남,37세,상해없음,이륜,남,48세,경상
2022031100100429,2022년 3월 11일 20시,금요일,전라남도 나주시 빛가람동,경상사고,0,0,1,0,차대차 - 후진중충돌,안전운전불이행,건조,맑음,단일로 - 기타,승용,여,51세,상해없음,승용,남,39세,경상
2022031100100458,2022년 3월 11일 21시,금요일,전라남도 나주시 남평읍,경상사고,0,0,2,0,차대차 - 측면충돌,신호위반,건조,맑음,교차로 - 교차로안,승용,남,66세,경상,승용,남,58세,경상
2022031100100459,2022년 3월 11일 21시,금요일,전라남도 나주시 빛가람동,경상사고,0,0,3,0,차대차 - 측면충돌,신호위반,건조,맑음,교차로 - 교차로안,승용,남,61세,상해없음,승용,남,28세,경상
2022031200100005,2022년 3월 12일 00시,토요일,전라남도 장성군 북일면,경상사고,0,0,1,0,차량단독 - 도로외이탈 - 추락,안전운전불이행,건조,맑음,교차로 - 교차로안,승용,여,42세,경상,,,,
2022031200100037,2022년 3월 12일 07시,토요일,전라남도 영암군 덕진면,부상신고사고,0,0,0,1,차량단독 - 공작물충돌,안전운전불이행,건조,맑음,단일로 - 기타,농기계,남,46세,부상신고,,,,
2022031200100046,2022년 3월 12일 08시,토요일,전라남도 장성군 동화면,경상사고,0,0,1,0,차대차 - 측면충돌,안전운전불이행,건조,맑음,교차로 - 교차로부근,화물,남,57세,상해없음,화물,남,47세,경상
2022031200100060,2022년 3월 12일 09시,토요일,전라남도 신안군 지도읍,중상사고,0,1,0,0,차대차 - 추돌,안전운전불이행,건조,맑음,단일로 - 기타,화물,남,43세,상해없음,사륜오토바이(ATV),남,81세,중상
2022031200100079,2022년 3월 12일 10시,토요일,전라남도 순천시 해룡면,경상사고,0,0,3,0,차대차 - 측면충돌,기타,건조,맑음,교차로 - 교차로안,화물,남,66세,상해없음,승합,남,48세,경상
2022031200100080,2022년 3월 12일 10시,토요일,전라남도 함평군 나산면,경상사고,0,0,2,0,차대차 - 추돌,안전운전불이행,건조,맑음,단일로 - 기타,건설기계,남,66세,상해없음,화물,남,53세,경상
2022031200100081,2022년 3월 12일 10시,토요일,전라남도 진도군 지산면,경상사고,0,0,1,0,차대차 - 추돌,안전운전불이행,건조,맑음,단일로 - 지하차도(도로)내,이륜,여,35세,상해없음,승용,여,55세,경상
2022031200100110,2022년 3월 12일 11시,토요일,전라남도 강진군 군동면,경상사고,0,0,1,0,차대차 - 측면충돌,중앙선침범,건조,맑음,단일로 - 기타,화물,남,66세,상해없음,승용,남,64세,상해없음
2022031200100136,2022년 3월 12일 12시,토요일,전라남도 순천시 풍덕동,경상사고,0,0,1,0,차대차 - 측면충돌,안전운전불이행,건조,맑음,교차로 - 교차로안,승용,남,73세,상해없음,이륜,남,30세,경상
2022031200100137,2022년 3월 12일 12시,토요일,전라남도 영암군 삼호읍,경상사고,0,0,1,0,차대차 - 측면충돌,직진우회전진행방해,건조,맑음,교차로 - 교차로안,화물,남,65세,상해없음,승용,여,32세,경상
2022031200100173,2022년 3월 12일 13시,토요일,전라남도 여수시 교동,경상사고,0,0,1,0,차대사람 - 기타,안전운전불이행,젖음/습기,맑음,기타 - 기타,승용,남,49세,상해없음,보행자,여,61세,경상
2022031200100204,2022년 3월 12일 14시,토요일,전라남도 장흥군 용산면,경상사고,0,0,2,0,차대차 - 추돌,안전거리미확보,건조,맑음,단일로 - 기타,화물,남,70세,경상,승용,남,40세,경상
2022031200100230,2022년 3월 12일 15시,토요일,전라남도 고흥군 도양읍,경상사고,0,0,1,0,차대차 - 측면충돌,신호위반,건조,맑음,교차로 - 교차로안,화물,남,67세,상해없음,화물,남,59세,경상
2022031200100253,2022년 3월 12일 16시,토요일,전라남도 순천시 상사면,경상사고,0,0,1,0,차대차 - 측면충돌,중앙선침범,건조,맑음,교차로 - 교차로안,화물,남,66세,상해없음,이륜,남,33세,경상
2022031200100290,2022년 3월 12일 17시,토요일,전라남도 화순군 화순읍,경상사고,0,0,1,0,차대차 - 추돌,안전거리미확보,건조,맑음,교차로 - 교차로부근,승용,여,47세,상해없음,승용,여,38세,경상
2022031200100291,2022년 3월 12일 17시,토요일,전라남도 광양시 중동,경상사고,0,0,1,0,차대차 - 추돌,안전거리미확보,건조,맑음,교차로 - 교차로안,승용,남,35세,상해없음,이륜,남,41세,경상
2022031200100326,2022년 3월 12일 18시,토요일,전라남도 목포시 용당동,경상사고,0,0,2,0,차대차 - 기타,안전운전불이행,건조,맑음,교차로 - 교차로안,승용,남,53세,상해없음,승용,남,30세,경상
2022031200100327,2022년 3월 12일 18시,토요일,전라남도 여수시 만흥동,경상사고,0,0,2,0,차대차 - 기타,안전운전불이행,건조,맑음,단일로 - 기타,승용,여,54세,상해없음,승용,여,28세,경상
2022031200100360,2022년 3월 12일 19시,토요일,전라남도 목포시 용당동,중상사고,0,1,0,0,차대사람 - 기타,안전운전불이행,건조,맑음,기타 - 기타,승합,남,62세,상해없음,보행자,여,70세,중상
2022031200100396,2022년 3월 12일 20시,토요일,전라남도 순천시 조곡동,경상사고,0,0,5,0,차대차 - 측면충돌,중앙선침범,건조,맑음,단일로 - 기타,승용,남,50세,상해없음,승용,남,59세,경상
2022031200100397,2022년 3월 12일 20시,토요일,전라남도 광양시 광양읍,경상사고,0,0,2,0,차대차 - 측면충돌,직진우회전진행방해,건조,기타,교차로 - 교차로안,승용,남,26세,상해없음,화물,남,37세,경상
2022031200100447,2022년 3월 12일 22시,토요일,전라남도 광양시 광양읍,중상사고,0,1,0,0,차대차 - 측면충돌,안전운전불이행,건조,맑음,단일로 - 기타,승용,남,60세,상해없음,이륜,남,22세,중상
2022031200100481,2022년 3월 12일 23시,토요일,전라남도 목포시 옥암동,경상사고,0,0,1,0,차대차 - 추돌,안전운전불이행,건조,맑음,교차로 - 교차로부근,승용,남,20세,상해없음,승용,여,45세,경상
2022031200100482,2022년 3월 12일 23시,토요일,전라남도 여수시 웅천동,경상사고,0,0,1,0,차대차 - 추돌,안전운전불이행,건조,맑음,교차로 - 교차로부근,승용,남,39세,기타불명,승용,남,33세,경상
2022031200100483,2022년 3월 12일 23시,토요일,전라남도 영암군 삼호읍,경상사고,0,0,2,0,차대차 - 측면충돌,중앙선침범,건조,맑음,단일로 - 기타,화물,남,57세,상해없음,승용,남,27세,경상
2022031200100484,2022년 3월 12일 23시,토요일,전라남도 장성군 서삼면,경상사고,0,0,1,0,차량단독 - 공작물충돌,안전운전불이행,건조,맑음,단일로 - 기타,승용,남,34세,경상,,,,
2022031300100111,2022년 3월 13일 13시,일요일,전라남도 담양군 담양읍,경상사고,0,0,2,0,차대차 - 측면충돌,안전운전불이행,건조,맑음,교차로 - 교차로안,승용,남,52세,상해없음,승용,여,62세,경상
2022031300100112,2022년 3월 13일 13시,일요일,전라남도 광양시 광양읍,부상신고사고,0,0,0,1,차대차 - 기타,안전운전불이행,젖음/습기,흐림,교차로 - 교차로안,승용,남,57세,상해없음,이륜,남,31세,부상신고
2022031300100140,2022년 3월 13일 14시,일요일,전라남도 곡성군 삼기면,경상사고,0,0,1,0,차대차 - 추돌,안전운전불이행,젖음/습기,비,교차로 - 교차로안,승용,남,46세,상해없음,승용,여,36세,경상
2022031300100161,2022년 3월 13일 15시,일요일,전라남도 목포시 용해동,경상사고,0,0,1,0,차대차 - 측면충돌,신호위반,건조,맑음,교차로 - 교차로안,승용,남,69세,상해없음,승용,남,47세,경상
2022031300100180,2022년 3월 13일 16시,일요일,전라남도 광양시 마동,경상사고,0,0,1,0,차대차 - 측면충돌,안전운전불이행,젖음/습기,비,단일로 - 기타,승용,남,65세,상해없음,승용,여,54세,경상
2022031300100234,2022년 3월 13일 18시,일요일,전라남도 해남군 해남읍,부상신고사고,0,0,0,1,차대사람 - 기타,안전운전불이행,젖음/습기,흐림,단일로 - 기타,화물,남,48세,상해없음,보행자,남,70세,부상신고
2022031300100235,2022년 3월 13일 18시,일요일,전라남도 강진군 작천면,경상사고,0,0,1,0,차대사람 - 차도통행중,안전운전불이행,건조,맑음,교차로 - 교차로안,화물,남,63세,상해없음,보행자,여,77세,경상
2022031300100254,2022년 3월 13일 19시,일요일,전라남도 순천시 해룡면,경상사고,0,0,1,0,차대차 - 측면충돌,신호위반,건조,맑음,교차로 - 교차로안,승용,여,45세,상해없음,승용,여,47세,경상
2022031400100009,2022년 3월 14일 03시,월요일,전라남도 목포시 상동,중상사고,0,1,0,0,차량단독 - 전도전복 - 전도,안전운전불이행,젖음/습기,비,단일로 - 기타,이륜,남,36세,중상,,,,
2022031400100059,2022년 3월 14일 08시,월요일,전라남도 목포시 죽교동,경상사고,0,0,2,0,차대차 - 정면충돌,안전운전불이행,건조,맑음,단일로 - 기타,승용,남,60세,경상,승용,남,69세,경상
2022031400100060,2022년 3월 14일 08시,월요일,전라남도 화순군 도곡면,경상사고,0,0,1,0,차대사람 - 기타,안전운전불이행,건조,맑음,단일로 - 기타,승용,남,62세,상해없음,보행자,남,60세,경상
2022031400100115,2022년 3월 14일 10시,월요일,전라남도 광양시 다압면,경상사고,0,0,1,0,차대사람 - 기타,안전운전불이행,젖음/습기,비,기타 - 기타,승용,남,52세,상해없음,보행자,남,68세,경상
2022031400100116,2022년 3월 14일 10시,월요일,전라남도 구례군 용방면,중상사고,0,1,2,0,차대차 - 기타,직진우회전진행방해,건조,흐림,교차로 - 교차로안,화물,남,35세,상해없음,화물,남,45세,경상
2022031400100149,2022년 3월 14일 11시,월요일,전라남도 담양군 봉산면,중상사고,0,1,0,0,차대사람 - 기타,안전운전불이행,젖음/습기,흐림,단일로 - 기타,승용,남,50세,상해없음,보행자,남,36세,중상
2022031400100180,2022년 3월 14일 12시,월요일,전라남도 담양군 봉산면,중상사고,0,1,1,0,차대차 - 추돌,기타,건조,맑음,단일로 - 기타,승용,여,42세,경상,화물,남,48세,중상
2022031400100212,2022년 3월 14일 13시,월요일,전라남도 나주시 세지면,부상신고사고,0,0,0,1,차량단독 - 공작물충돌,안전운전불이행,젖음/습기,비,단일로 - 기타,승용,여,32세,부상신고,,,,
2022031400100213,2022년 3월 14일 13시,월요일,전라남도 보성군 벌교읍,중상사고,0,1,0,0,차대사람 - 횡단중,보행자보호의무위반,건조,맑음,교차로 - 교차로안,화물,여,57세,상해없음,보행자,남,74세,중상
2022031400100228,2022년 3월 14일 14시,월요일,전라남도 여수시 소라면,경상사고,0,0,2,0,차대차 - 측면충돌,안전운전불이행,건조,맑음,기타 - 기타,승용,남,42세,상해없음,승용,여,30세,경상
2022031400100257,2022년 3월 14일 15시,월요일,전라남도 목포시 상동,경상사고,0,0,2,0,차대차 - 기타,차로위반,젖음/습기,흐림,교차로 - 교차로부근,승용,남,58세,상해없음,화물,남,31세,경상
2022031400100277,2022년 3월 14일 16시,월요일,전라남도 여수시 신기동,경상사고,0,0,1,0,차대차 - 측면충돌,안전운전불이행,건조,맑음,교차로 - 교차로안,이륜,남,75세,경상,화물,남,66세,상해없음
2022031400100278,2022년 3월 14일 16시,월요일,전라남도 나주시 노안면,경상사고,0,0,1,0,차대차 - 측면충돌,직진우회전진행방해,젖음/습기,비,교차로 - 교차로안,승용,여,60세,상해없음,자전거,남,61세,경상
2022031400100333,2022년 3월 14일 18시,월요일,전라남도 보성군 득량면,경상사고,0,0,1,0,차대차 - 정면충돌,중앙선침범,젖음/습기,비,교차로 - 교차로안,화물,남,61세,상해없음,승용,여,55세,경상