사고번호,사고일시,요일,시군구,사고내용,사망자수,중상자수,경상자수,부상신고자수,사고유형,법규위반,노면상태,기상상태,도로형태,가해운전자 차종,가해운전자 성별,가해운전자 연령,가해운전자 상해정도,피해운전자 차종,피해운전자 성별,피해운전자 연령,피해운전자 상해정도
2022031400100367,2022년 3월 14일 19시,월요일,전라남도 광양시 중동,중상사고,0,1,0,0,차대차 - 기타,교차로운행방법위반,건조,맑음,교차로 - 교차로부근,승용,남,29세,상해없음,이륜,남,47세,중상
2022031400100368,2022년 3월 14일 19시,월요일,전라남도 광양시 진월면,경상사고,0,0,1,0,차대차 - 측면충돌,중앙선침범,건조,맑음,단일로 - 기타,승용,남,53세,상해없음,승용,여,48세,경상
2022031400100417,2022년 3월 14일 21시,월요일,전라남도 나주시 송월동,경상사고,0,0,1,0,차대차 - 추돌,안전운전불이행,건조,맑음,단일로 - 기타,승용,남,53세,상해없음,승합,남,45세,경상
2022031400100432,2022년 3월 14일 22시,월요일,전라남도 나주시 대호동,경상사고,0,0,1,0,차대차 - 추돌,안전운전불이행,건조,맑음,단일로 - 기타,승용,남,43세,상해없음,승용,남,31세,경상
2022031400100445,2022년 3월 14일 23시,월요일,전라남도 순천시 조례동,중상사고,0,2,2,0,차대차 - 정면충돌,신호위반,건조,맑음,교차로 - 교차로안,이륜,남,19세,중상,승용,남,70세,경상
2022031400100446,2022년 3월 14일 23시,월요일,전라남도 해남군 해남읍,경상사고,0,0,1,0,차대차 - 측면충돌,안전운전불이행,건조,맑음,단일로 - 기타,화물,남,59세,상해없음,승용,여,60세,경상
2022031400100447,2022년 3월 14일 23시,월요일,전라남도 해남군 해남읍,경상사고,0,0,2,0,차대사람 - 기타,안전운전불이행,건조,맑음,단일로 - 기타,이륜,남,21세,경상,보행자,남,68세,경상
2022031500100014,2022년 3월 15일 04시,화요일,전라남도 목포시 해안동1가,중상사고,0,1,0,0,차대사람 - 기타,안전운전불이행,건조,기타,교차로 - 교차로부근,승용,남,35세,상해없음,보행자,여,82세,중상
2022031500100031,2022년 3월 15일 06시,화요일,전라남도 여수시 선원동,경상사고,0,0,1,0,차대차 - 측면충돌,안전운전불이행,건조,맑음,교차로 - 교차로안,승용,남,68세,상해없음,승용,남,35세,경상
2022031500100083,2022년 3월 15일 08시,화요일,전라남도 광양시 진월면,사망사고,1,0,0,0,차량단독 - 전도전복 - 전도,안전운전불이행,건조,맑음,기타 - 기타,특수,남,64세,사망,,,,
2022031500100107,2022년 3월 15일 09시,화요일,전라남도 여수시 여서동,경상사고,0,0,1,0,차대차 - 측면충돌,안전운전불이행,건조,맑음,교차로 - 교차로안,승합,남,48세,상해없음,승용,여,35세,경상
2022031500100132,2022년 3월 15일 10시,화요일,전라남도 순천시 낙안면,중상사고,0,1,0,0,차대차 - 측면충돌,교차로운행방법위반,건조,맑음,교차로 - 교차로안,승용,남,60세,상해없음,이륜,여,58세,중상
2022031500100161,2022년 3월 15일 11시,화요일,전라남도 목포시 용당동,경상사고,0,0,2,0,차대차 - 측면충돌,직진우회전진행방해,건조,맑음,교차로 - 교차로안,승용,남,61세,경상,승용,남,59세,경상
2022031500100162,2022년 3월 15일 11시,화요일,전라남도 영암군 신북면,경상사고,0,0,2,0,차대차 - 추돌,안전운전불이행,건조,맑음,단일로 - 기타,화물,남,37세,상해없음,승용,여,52세,경상
2022031500100191,2022년 3월 15일 12시,화요일,전라남도 나주시 중앙동,중상사고,0,1,0,0,차대사람 - 기타,안전운전불이행,건조,맑음,단일로 - 기타,승합,남,47세,상해없음,보행자,남,81세,중상
2022031500100236,2022년 3월 15일 14시,화요일,전라남도 여수시 학동,경상사고,0,0,1,0,차대차 - 후진중충돌,안전운전불이행,건조,맑음,기타 - 기타,화물,남,50세,상해없음,승용,남,45세,경상
2022031500100265,2022년 3월 15일 15시,화요일,전라남도 화순군 한천면,경상사고,0,0,4,0,차대차 - 측면충돌,직진우회전진행방해,건조,맑음,교차로 - 교차로안,승용,남,62세,경상,화물,여,62세,경상
2022031500100289,2022년 3월 15일 16시,화요일,전라남도 여수시 소호동,경상사고,0,0,1,0,차대차 - 기타,안전운전불이행,건조,맑음,단일로 - 기타,기타불명,남,56세,경상,승합,남,59세,상해없음
2022031500100290,2022년 3월 15일 16시,화요일,전라남도 여수시 덕충동,경상사고,0,0,1,0,차대차 - 기타,안전거리미확보,건조,맑음,단일로 - 기타,화물,남,62세,상해없음,승용,남,32세,경상
2022031500100313,2022년 3월 15일 17시,화요일,전라남도 목포시 석현동,경상사고,0,0,1,0,차대차 - 기타,안전운전불이행,건조,맑음,교차로 - 교차로안,승용,남,64세,상해없음,승용,남,22세,경상
2022031500100314,2022년 3월 15일 17시,화요일,전라남도 영암군 삼호읍,경상사고,0,0,3,0,차대차 - 측면충돌,안전운전불이행,건조,맑음,교차로 - 교차로안,승용,남,41세,경상,승용,남,34세,경상
2022031500100411,2022년 3월 15일 20시,화요일,전라남도 보성군 조성면,부상신고사고,0,0,0,1,차대차 - 추돌,안전운전불이행,건조,맑음,단일로 - 기타,승용,남,47세,부상신고,화물,남,66세,상해없음
2022031500100412,2022년 3월 15일 20시,화요일,전라남도 광양시 진상면,사망사고,1,0,0,0,차대사람 - 길가장자리구역통행중,안전운전불이행,건조,맑음,단일로 - 기타,승합,남,65세,상해없음,보행자,남,55세,사망
2022031500100430,2022년 3월 15일 21시,화요일,전라남도 순천시 풍덕동,경상사고,0,0,1,0,차대차 - 측면충돌,안전운전불이행,건조,맑음,교차로 - 교차로안,승용,여,55세,경상,승용,남,33세,상해없음
2022031500100456,2022년 3월 15일 23시,화요일,전라남도 여수시 여서동,경상사고,0,0,2,0,차대차 - 측면충돌,교차로운행방법위반,건조,맑음,교차로 - 교차로안,화물,남,59세,상해없음,승합,남,60세,경상
2022031600100018,2022년 3월 16일 04시,수요일,전라남도 함평군 손불면,중상사고,0,1,0,0,차대사람 - 횡단중,안전운전불이행,건조,맑음,단일로 - 기타,화물,남,60세,상해없음,보행자,여,82세,중상
2022031600100034,2022년 3월 16일 06시,수요일,전라남도 장흥군 장흥읍,경상사고,0,0,2,0,차대차 - 측면충돌,교차로운행방법위반,건조,맑음,교차로 - 교차로안,승용,여,24세,경상,승용,남,65세,경상
2022031600100035,2022년 3월 16일 06시,수요일,전라남도 영암군 학산면,경상사고,0,0,4,0,차대차 - 측면충돌,안전운전불이행,건조,맑음,단일로 - 기타,승용,남,28세,상해없음,승용,남,57세,경상
2022031600100055,2022년 3월 16일 07시,수요일,전라남도 담양군 담양읍,경상사고,0,0,1,0,차대차 - 추돌,안전거리미확보,건조,맑음,교차로 - 교차로부근,승용,남,58세,상해없음,승용,남,28세,경상
2022031600100084,2022년 3월 16일 08시,수요일,전라남도 함평군 함평읍,경상사고,0,0,1,1,차대차 - 측면충돌,안전거리미확보,건조,맑음,단일로 - 기타,승용,여,34세,부상신고,승용,여,65세,경상
2022031600100131,2022년 3월 16일 10시,수요일,전라남도 여수시 덕충동,중상사고,0,1,1,0,차대차 - 추돌,안전운전불이행,건조,맑음,교차로 - 교차로안,승용,남,64세,상해없음,승용,여,39세,경상
2022031600100132,2022년 3월 16일 10시,수요일,전라남도 함평군 해보면,경상사고,0,0,2,0,차대차 - 추돌,안전운전불이행,건조,맑음,단일로 - 기타,화물,남,43세,상해없음,승용,남,67세,경상
2022031600100229,2022년 3월 16일 14시,수요일,전라남도 장성군 장성읍,중상사고,0,1,0,0,차대사람 - 기타,안전운전불이행,건조,맑음,교차로 - 교차로안,승용,여,48세,상해없음,보행자,남,48세,중상
2022031600100230,2022년 3월 16일 14시,수요일,전라남도 완도군 완도읍,경상사고,0,0,1,0,차대사람 - 기타,안전운전불이행,건조,맑음,단일로 - 기타,화물,남,52세,상해없음,보행자,남,74세,경상
2022031600100257,2022년 3월 16일 15시,수요일,전라남도 해남군 해남읍,경상사고,0,0,1,0,차대차 - 측면충돌,직진우회전진행방해,건조,맑음,교차로 - 교차로안,승용,여,35세,상해없음,승용,남,57세,경상
2022031600100320,2022년 3월 16일 17시,수요일,전라남도 목포시 산정동,경상사고,0,0,1,0,차대사람 - 기타,안전운전불이행,건조,맑음,단일로 - 기타,개인형이동수단(PM),남,13세,상해없음,보행자,남,45세,경상
2022031600100352,2022년 3월 16일 18시,수요일,전라남도 여수시 신기동,중상사고,0,1,0,0,차대차 - 측면충돌,안전운전불이행,건조,맑음,교차로 - 교차로안,승용,남,61세,상해없음,이륜,남,23세,중상
2022031600100423,2022년 3월 16일 21시,수요일,전라남도 무안군 무안읍,경상사고,0,0,1,0,차대사람 - 기타,안전운전불이행,건조,맑음,교차로 - 교차로부근,화물,남,54세,상해없음,보행자,남,55세,경상
2022031700100024,2022년 3월 17일 05시,목요일,전라남도 여수시 율촌면,경상사고,0,0,1,0,차대차 - 측면충돌,교차로운행방법위반,건조,맑음,단일로 - 기타,특수,남,49세,상해없음,승용,남,37세,경상
2022031700100093,2022년 3월 17일 09시,목요일,전라남도 영광군 군서면,중상사고,0,1,0,0,차대차 - 측면충돌,안전운전불이행,건조,맑음,교차로 - 교차로부근,승용,여,65세,상해없음,이륜,남,80세,중상
2022031700100133,2022년 3월 17일 11시,목요일,전라남도 순천시 생목동,중상사고,0,1,0,0,차대차 - 기타,안전운전불이행,건조,맑음,교차로 - 교차로부근,승용,여,61세,상해없음,이륜,남,27세,중상
2022031700100134,2022년 3월 17일 11시,목요일,전라남도 담양군 담양읍,경상사고,0,0,1,0,차대차 - 기타,직진우회전진행방해,건조,맑음,교차로 - 교차로안,화물,남,51세,상해없음,승합,여,42세,경상
2022031700100153,2022년 3월 17일 12시,목요일,전라남도 함평군 함평읍,경상사고,0,0,1,0,차대차 - 정면충돌,교차로운행방법위반,건조,맑음,교차로 - 교차로안,승용,여,49세,상해없음,화물,남,53세,경상
2022031700100219,2022년 3월 17일 15시,목요일,전라남도 목포시 연산동,경상사고,0,0,3,0,차대차 - 측면충돌,안전운전불이행,건조,맑음,교차로 - 교차로안,승용,남,81세,기타불명,승합,남,52세,경상
2022031700100244,2022년 3월 17일 16시,목요일,전라남도 무안군 몽탄면,중상사고,0,1,0,0,차대사람 - 기타,안전운전불이행,건조,맑음,기타 - 기타,승용,남,52세,상해없음,보행자,여,80세,중상
2022031700100300,2022년 3월 17일 18시,목요일,전라남도 여수시 웅천동,중상사고,0,1,0,0,차대사람 - 횡단중,보행자보호의무위반,젖음/습기,비,단일로 - 기타,승용,남,41세,상해없음,보행자,여,52세,중상
2022031700100301,2022년 3월 17일 18시,목요일,전라남도 순천시 해룡면,중상사고,0,1,1,0,차대차 - 기타,안전운전불이행,젖음/습기,비,교차로 - 교차로안,승용,여,24세,경상,승용,여,54세,중상
2022031700100348,2022년 3월 17일 19시,목요일,전라남도 목포시 용당동,경상사고,0,0,1,0,차대차 - 측면충돌,안전운전불이행,건조,맑음,교차로 - 교차로안,승용,남,61세,상해없음,이륜,남,49세,경상
2022031700100389,2022년 3월 17일 20시,목요일,전라남도 여수시 여서동,경상사고,0,0,1,0,차대차 - 기타,교차로운행방법위반,젖음/습기,비,교차로 - 교차로안,승용,남,29세,상해없음,승용,여,42세,경상
2022031700100390,2022년 3월 17일 20시,목요일,전라남도 보성군 벌교읍,경상사고,0,0,1,0,차대차 - 추돌,기타,젖음/습기,비,단일로 - 기타,승용,남,61세,상해없음,승용,남,42세,경상
2022031700100425,2022년 3월 17일 21시,목요일,전라남도 여수시 신기동,경상사고,0,0,2,0,차대차 - 측면충돌,중앙선침범,젖음/습기,비,단일로 - 기타,승용,남,42세,상해없음,화물,남,48세,경상
2022031700100447,2022년 3월 17일 22시,목요일,전라남도 목포시 옥암동,경상사고,0,0,2,0,차대차 - 측면충돌,신호위반,건조,맑음,교차로 - 교차로안,승용,남,37세,상해없음,승용,남,49세,경상
2022031700100448,2022년 3월 17일 22시,목요일,전라남도 무안군 삼향읍,사망사고,1,0,0,0,차대사람 - 횡단중,기타,젖음/습기,비,단일로 - 기타,승용,남,21세,상해없음,보행자,남,47세,사망
2022031700100449,2022년 3월 17일 22시,목요일,전라남도 광양시 중동,경상사고,0,0,2,0,차대차 - 측면충돌,신호위반,건조,맑음,교차로 - 교차로안,승용,남,55세,상해없음,승용,남,69세,경상
2022031700100475,2022년 3월 17일 23시,목요일,전라남도 나주시 금천면,경상사고,0,0,3,0,차대차 - 추돌,안전운전불이행,젖음/습기,비,교차로 - 교차로안,승용,남,53세,상해없음,승용,남,31세,경상
2022031800100035,2022년 3월 18일 06시,금요일,전라남도 목포시 옥암동,경상사고,0,0,1,0,차대차 - 측면충돌,신호위반,젖음/습기,맑음,교차로 - 교차로안,승용,남,75세,상해없음,승용,남,51세,경상
2022031800100079,2022년 3월 18일 09시,금요일,전라남도 여수시 덕충동,부상신고사고,0,0,0,1,차대사람 - 횡단중,안전운전불이행,건조,맑음,단일로 - 기타,승용,여,61세,상해없음,보행자,남,15세,부상신고
2022031800100080,2022년 3월 18일 09시,금요일,전라남도 보성군 웅치면,경상사고,0,0,3,0,차대차 - 측면충돌,직진우회전진행방해,건조,맑음,교차로 - 교차로안,화물,남,56세,상해없음,승용,남,67세,경상
2022031800100125,2022년 3월 18일 12시,금요일,전라남도 장성군 장성읍,경상사고,0,0,1,0,차대사람 - 차도통행중,안전운전불이행,건조,맑음,단일로 - 기타,승용,남,77세,상해없음,보행자,남,48세,경상
2022031800100126,2022년 3월 18일 12시,금요일,전라남도 강진군 강진읍,중상사고,0,1,0,0,차대차 - 측면충돌,안전운전불이행,건조,맑음,교차로 - 교차로안,이륜,남,89세,중상,승용,남,55세,상해없음
2022031800100154,2022년 3월 18일 13시,금요일,전라남도 함평군 함평읍,중상사고,0,1,0,0,차량단독 - 전도전복 - 전도,안전운전불이행,건조,맑음,단일로 - 기타,이륜,남,82세,중상,,,,
2022031800100155,2022년 3월 18일 13시,금요일,전라남도 구례군 구례읍,경상사고,0,0,1,0,차대차 - 측면충돌,직진우회전진행방해,건조,맑음,교차로 - 교차로안,이륜,남,27세,경상,승용,여,62세,상해없음
2022031800100176,2022년 3월 18일 14시,금요일,전라남도 고흥군 고흥읍,경상사고,0,0,1,0,차대차 - 측면충돌,안전운전불이행,건조,맑음,기타 - 기타,승용,남,81세,상해없음,승용,여,45세,경상
2022031800100187,2022년 3월 18일 15시,금요일,전라남도 함평군 대동면,경상사고,0,0,1,0,차대차 - 측면충돌,안전운전불이행,건조,맑음,교차로 - 교차로안,화물,남,37세,상해없음,승용,여,61세,경상
2022031800100220,2022년 3월 18일 16시,금요일,전라남도 여수시 봉계동,경상사고,0,0,1,0,차대사람 - 횡단중,보행자보호의무위반,건조,맑음,교차로 - 교차로안,승용,남,32세,상해없음,보행자,남,33세,경상
2022031800100273,2022년 3월 18일 18시,금요일,전라남도 여수시 율촌면,경상사고,0,0,2,0,차대차 - 측면충돌,안전운전불이행,젖음/습기,흐림,단일로 - 기타,승용,여,61세,경상,승용,남,39세,경상
2022031800100274,2022년 3월 18일 18시,금요일,전라남도 광양시 중동,경상사고,0,0,1,0,차대차 - 측면충돌,직진우회전진행방해,건조,맑음,교차로 - 교차로안,승용,남,51세,상해없음,이륜,남,51세,경상
2022031800100343,2022년 3월 18일 20시,금요일,전라남도 목포시 연산동,부상신고사고,0,0,0,1,차대차 - 기타,안전운전불이행,건조,기타,기타 - 기타,자전거,남,10세,부상신고,승용,남,56세,상해없음
2022031800100344,2022년 3월 18일 20시,금요일,전라남도 여수시 안산동,경상사고,0,0,1,0,차대차 - 측면충돌,신호위반,젖음/습기,흐림,교차로 - 교차로안,승용,남,33세,상해없음,승용,남,56세,경상
2022031800100418,2022년 3월 18일 23시,금요일,전라남도 목포시 상동,경상사고,0,0,1,0,차대차 - 추돌,안전운전불이행,젖음/습기,비,단일로 - 지하차도(도로)내,승용,여,47세,기타불명,승용,남,45세,경상
2022031800100419,2022년 3월 18일 23시,금요일,전라남도 목포시 상동,경상사고,0,0,2,0,차대차 - 정면충돌,안전운전불이행,건조,맑음,단일로 - 기타,승용,남,28세,상해없음,승용,남,25세,경상
2022031800100420,2022년 3월 18일 23시,금요일,전라남도 완도군 노화읍,중상사고,0,1,0,0,차대사람 - 기타,안전운전불이행,젖음/습기,비,단일로 - 기타,승용,남,48세,상해없음,보행자,남,52세,중상
2022031800100421,2022년 3월 18일 23시,금요일,전라남도 광양시 광영동,경상사고,0,0,1,0,차대차 - 기타,안전운전불이행,건조,맑음,기타 - 기타,승용,여,32세,상해없음,화물,남,40세,경상
2022031900100015,2022년 3월 19일 01시,토요일,전라남도 목포시 용해동,경상사고,0,0,1,0,차대사람 - 횡단중,안전운전불이행,젖음/습기,비,단일로 - 기타,승용,남,29세,상해없음,보행자,남,26세,경상
2022031900100042,2022년 3월 19일 06시,토요일,전라남도 강진군 강진읍,중상사고,0,1,0,0,차대사람 - 기타,안전운전불이행,젖음/습기,비,교차로 - 교차로안,승용,남,72세,상해없음,보행자,여,80세,중상
2022031900100089,2022년 3월 19일 10시,토요일,전라남도 담양군 담양읍,경상사고,0,0,1,0,차대차 - 측면충돌,안전운전불이행,건조,맑음,교차로 - 교차로안,승용,여,54세,상해없음,승용,여,59세,경상
2022031900100117,2022년 3월 19일 11시,토요일,전라남도 여수시 신기동,경상사고,0,0,1,0,차량단독 - 전도전복 - 전도,안전운전불이행,젖음/습기,비,교차로 - 교차로부근,이륜,남,25세,경상,,,,
2022031900100118,2022년 3월 19일 11시,토요일,전라남도 영암군 삼호읍,경상사고,0,0,1,0,차대차 - 기타,안전운전불이행,젖음/습기,흐림,교차로 - 교차로부근,화물,남,59세,상해없음,화물,남,47세,상해없음
2022031900100184,2022년 3월 19일 13시,토요일,전라남도 목포시 산정동,경상사고,0,0,1,0,차대차 - 측면충돌,안전운전불이행,건조,맑음,단일로 - 기타,승용,남,64세,상해없음,승용,여,34세,경상
2022031900100185,2022년 3월 19일 13시,토요일,전라남도 영광군 영광읍,경상사고,0,0,4,0,차대차 - 측면충돌,직진우회전진행방해,건조,맑음,교차로 - 교차로안,승용,남,89세,경상,승용,여,42세,경상
2022031900100229,2022년 3월 19일 15시,토요일,전라남도 여수시 봉산동,경상사고,0,0,4,0,차대차 - 측면충돌,안전운전불이행,건조,맑음,교차로 - 교차로안,승용,남,58세,상해없음,승용,여,56세,경상
2022031900100230,2022년 3월 19일 15시,토요일,전라남도 여수시 해산동,경상사고,0,0,2,0,차대차 - 측면충돌,차로위반,젖음/습기,맑음,단일로 - 기타,승용,남,55세,상해없음,승용,남,47세,경상
2022031900100258,2022년 3월 19일 16시,토요일,전라남도 순천시 조례동,경상사고,0,0,1,0,차대차 - 기타,안전운전불이행,건조,맑음,단일로 - 기타,승용,여,66세,상해없음,이륜,남,33세,경상
2022031900100310,2022년 3월 19일 18시,토요일,전라남도 여수시 웅천동,경상사고,0,0,1,0,차대차 - 측면충돌,안전운전불이행,건조,맑음,교차로 - 교차로부근,승용,여,56세,상해없음,승용,남,26세,경상
2022031900100311,2022년 3월 19일 18시,토요일,전라남도 강진군 작천면,경상사고,0,0,1,0,차량단독 - 도로외이탈 - 추락,안전운전불이행,건조,맑음,단일로 - 기타,화물,남,46세,경상,,,,
2022031900100330,2022년 3월 19일 19시,토요일,전라남도 곡성군 곡성읍,부상신고사고,0,0,0,1,차량단독 - 공작물충돌,안전운전불이행,건조,맑음,단일로 - 기타,승용,남,62세,부상신고,,,,
2022032000100018,2022년 3월 20일 02시,일요일,전라남도 무안군 무안읍,경상사고,0,0,1,0,차량단독 - 공작물충돌,안전운전불이행,건조,맑음,단일로 - 기타,이륜,여,21세,경상,,,,
2022032000100038,2022년 3월 20일 08시,일요일,전라남도 구례군 마산면,경상사고,0,0,1,0,차대사람 - 기타,안전운전불이행,건조,흐림,단일로 - 기타,승용,남,54세,상해없음,보행자,남,43세,경상
2022032000100050,2022년 3월 20일 10시,일요일,전라남도 목포시 상동,경상사고,0,0,1,0,차대차 - 기타,중앙선침범,건조,맑음,교차로 - 교차로부근,승용,남,61세,기타불명,승용,남,62세,경상
2022032000100064,2022년 3월 20일 11시,일요일,전라남도 여수시 안산동,경상사고,0,0,1,0,차대차 - 정면충돌,중앙선침범,건조,맑음,교차로 - 교차로부근,승용,여,26세,상해없음,승용,남,61세,경상
2022032000100065,2022년 3월 20일 11시,일요일,전라남도 보성군 벌교읍,경상사고,0,0,2,0,차대차 - 추돌,안전운전불이행,건조,맑음,단일로 - 기타,화물,남,71세,상해없음,승용,남,64세,경상
2022032000100081,2022년 3월 20일 12시,일요일,전라남도 광양시 광양읍,경상사고,0,0,3,0,차대차 - 측면충돌,안전운전불이행,건조,맑음,교차로 - 교차로부근,승용,남,44세,경상,화물,남,62세,상해없음
2022032000100100,2022년 3월 20일 13시,일요일,전라남도 순천시 왕지동,경상사고,0,0,1,0,차대차 - 기타,안전운전불이행,건조,맑음,단일로 - 기타,승용,남,57세,상해없음,승용,남,50세,경상
2022032000100101,2022년 3월 20일 13시,일요일,전라남도 영암군 덕진면,중상사고,0,2,1,0,차대차 - 측면충돌,직진우회전진행방해,건조,맑음,교차로 - 교차로안,화물,남,60세,중상,화물,남,67세,경상
2022032000100102,2022년 3월 20일 13시,일요일,전라남도 광양시 광양읍,경상사고,0,0,1,0,차대차 - 측면충돌,교차로운행방법위반,건조,맑음,교차로 - 교차로안,승용,남,44세,상해없음,승용,남,63세,경상
2022032000100122,2022년 3월 20일 14시,일요일,전라남도 여수시 신기동,경상사고,0,0,2,0,차대차 - 추돌,안전운전불이행,건조,맑음,기타 - 기타,승용,여,48세,상해없음,승용,남,46세,경상
2022032000100148,2022년 3월 20일 15시,일요일,전라남도 순천시 석현동,경상사고,0,0,1,0,차대차 - 추돌,안전운전불이행,건조,맑음,단일로 - 기타,승용,여,29세,상해없음,이륜,남,30세,경상
2022032000100175,2022년 3월 20일 16시,일요일,전라남도 광양시 성황동,경상사고,0,0,4,0,차대차 - 측면충돌,중앙선침범,건조,맑음,교차로 - 교차로부근,승용,여,23세,상해없음,승용,여,50세,경상
2022032000100194,2022년 3월 20일 17시,일요일,전라남도 순천시 덕월동,경상사고,0,0,1,0,차대차 - 측면충돌,안전운전불이행,건조,맑음,단일로 - 기타,승용,여,52세,경상,승용,남,32세,상해없음
2022032000100234,2022년 3월 20일 19시,일요일,전라남도 영암군 신북면,중상사고,0,1,0,0,차량단독 - 도로외이탈 - 기타,안전운전불이행,젖음/습기,비,단일로 - 기타,승용,남,54세,중상,,,,
2022032000100235,2022년 3월 20일 19시,일요일,전라남도 광양시 중동,사망사고,1,0,1,0,차대차 - 기타,신호위반,건조,맑음,교차로 - 교차로안,이륜,남,16세,사망,승용,남,51세,기타불명
2022032000100258,2022년 3월 20일 20시,일요일,전라남도 나주시 산포면,경상사고,0,0,1,0,차대차 - 추돌,안전운전불이행,건조,맑음,교차로 - 교차로부근,화물,남,59세,상해없음,승용,남,33세,경상
2022032000100295,2022년 3월 20일 22시,일요일,전라남도 여수시 여서동,중상사고,0,1,0,0,차대사람 - 기타,안전운전불이행,건조,맑음,단일로 - 기타,승용,남,34세,상해없음,보행자,남,43세,중상
2022032000100296,2022년 3월 20일 22시,일요일,전라남도 순천시 덕암동,경상사고,0,0,1,0,차대차 - 기타,기타,건조,맑음,단일로 - 기타,자전거,여,29세,경상,기타불명,기타불명,미분류,기타불명
2022032000100305,2022년 3월 20일 23시,일요일,전라남도 목포시 옥암동,경상사고,0,0,1,0,차대차 - 측면충돌,안전운전불이행,건조,맑음,교차로 - 교차로안,승용,여,25세,상해없음,승용,여,26세,경상
2022032000100306,2022년 3월 20일 23시,일요일,전라남도 장성군 남면,경상사고,0,0,2,0,차대차 - 기타,안전운전불이행,건조,기타,단일로 - 기타,승용,남,44세,상해없음,승용,남,30세,경상
2022032100100024,2022년 3월 21일 05시,월요일,전라남도 여수시 교동,중상사고,0,1,0,0,차대사람 - 횡단중,신호위반,건조,맑음,교차로 - 교차로횡단보도내,승용,남,64세,상해없음,보행자,여,79세,중상
2022032100100066,2022년 3월 21일 08시,월요일,전라남도 순천시 덕암동,중상사고,0,1,1,0,차대차 - 기타,교차로운행방법위반,건조,맑음,교차로 - 교차로안,승용,남,50세,기타불명,승합,남,59세,상해없음
2022032100100067,2022년 3월 21일 08시,월요일,전라남도 화순군 화순읍,경상사고,0,0,2,0,차대차 - 추돌,기타,건조,맑음,단일로 - 기타,승용,남,25세,경상,승용,여,52세,상해없음
2022032100100117,2022년 3월 21일 10시,월요일,전라남도 강진군 칠량면,중상사고,0,1,0,0,차대차 - 측면충돌,직진우회전진행방해,건조,맑음,교차로 - 교차로안,건설기계,남,56세,상해없음,이륜,남,80세,중상
2022032100100219,2022년 3월 21일 14시,월요일,전라남도 여수시 문수동,경상사고,0,0,1,0,차대차 - 측면충돌,안전운전불이행,건조,맑음,단일로 - 기타,승용,여,70세,상해없음,승용,여,35세,경상
2022032100100220,2022년 3월 21일 14시,월요일,전라남도 담양군 대전면,경상사고,0,0,2,0,차대차 - 추돌,안전운전불이행,건조,맑음,단일로 - 기타,화물,남,73세,상해없음,승용,남,58세,경상
2022032100100221,2022년 3월 21일 14시,월요일,전라남도 광양시 광양읍,경상사고,0,0,2,0,차대차 - 추돌,안전운전불이행,건조,맑음,기타 - 기타,화물,남,83세,상해없음,승용,여,39세,경상
2022032100100245,2022년 3월 21일 15시,월요일,전라남도 고흥군 과역면,중상사고,0,1,0,0,차대차 - 기타,안전운전불이행,건조,맑음,단일로 - 기타,승용,남,65세,상해없음,이륜,남,80세,중상
2022032100100246,2022년 3월 21일 15시,월요일,전라남도 해남군 계곡면,중상사고,0,1,0,0,차대차 - 측면충돌,직진우회전진행방해,건조,맑음,교차로 - 교차로안,화물,남,20세,상해없음,화물,남,45세,중상
2022032100100247,2022년 3월 21일 15시,월요일,전라남도 영암군 삼호읍,경상사고,0,0,3,0,차대차 - 추돌,안전운전불이행,건조,맑음,단일로 - 기타,화물,남,42세,경상,승용,여,46세,경상
2022032100100275,2022년 3월 21일 16시,월요일,전라남도 여수시 신기동,경상사고,0,0,2,0,차대차 - 측면충돌,안전운전불이행,건조,맑음,교차로 - 교차로부근,승용,여,48세,경상,승용,남,41세,경상
2022032100100331,2022년 3월 21일 18시,월요일,전라남도 목포시 용해동,경상사고,0,0,1,0,차대차 - 측면충돌,안전운전불이행,건조,맑음,단일로 - 기타,승용,남,46세,상해없음,승용,남,32세,경상
2022032100100332,2022년 3월 21일 18시,월요일,전라남도 순천시 조례동,경상사고,0,0,1,0,차대차 - 기타,차로위반,건조,맑음,단일로 - 기타,승용,남,48세,상해없음,승용,여,44세,경상
2022032100100375,2022년 3월 21일 20시,월요일,전라남도 무안군 운남면,중상사고,0,1,1,0,차대차 - 추돌,안전운전불이행,건조,맑음,단일로 - 기타,승용,여,55세,상해없음,사륜오토바이(ATV),남,83세,중상
2022032100100395,2022년 3월 21일 21시,월요일,전라남도 목포시 용해동,경상사고,0,0,1,0,차대차 - 측면충돌,신호위반,건조,맑음,교차로 - 교차로안,승용,남,20세,상해없음,승용,남,55세,경상
2022032100100431,2022년 3월 21일 23시,월요일,전라남도 목포시 유동,경상사고,0,0,2,0,차대차 - 기타,직진우회전진행방해,건조,맑음,교차로 - 교차로안,승용,남,61세,상해없음,승용,여,31세,경상
2022032200100030,2022년 3월 22일 07시,화요일,전라남도 여수시 학동,경상사고,0,0,1,1,차대차 - 측면충돌,안전운전불이행,건조,맑음,단일로 - 기타,승용,여,48세,상해없음,화물,남,41세,경상
2022032200100139,2022년 3월 22일 12시,화요일,전라남도 목포시 옥암동,경상사고,0,0,1,0,차대차 - 측면충돌,안전운전불이행,건조,맑음,기타 - 기타,승용,여,39세,상해없음,승용,여,34세,경상