사고번호,사고일시,요일,시군구,사고내용,사망자수,중상자수,경상자수,부상신고자수,사고유형,법규위반,노면상태,기상상태,도로형태,가해운전자 차종,가해운전자 성별,가해운전자 연령,가해운전자 상해정도,피해운전자 차종,피해운전자 성별,피해운전자 연령,피해운전자 상해정도
2022032200100140,2022년 3월 22일 12시,화요일,전라남도 장흥군 장흥읍,경상사고,0,0,1,0,차대차 - 추돌,안전거리미확보,건조,맑음,교차로 - 교차로안,승용,남,71세,상해없음,승용,남,53세,상해없음
2022032200100141,2022년 3월 22일 12시,화요일,전라남도 장흥군 장흥읍,경상사고,0,0,1,0,차대차 - 기타,안전운전불이행,건조,맑음,단일로 - 기타,승용,남,50세,상해없음,승용,여,60세,상해없음
2022032200100142,2022년 3월 22일 12시,화요일,전라남도 담양군 무정면,경상사고,0,0,1,0,차대차 - 측면충돌,안전운전불이행,건조,맑음,단일로 - 기타,승용,남,52세,상해없음,승용,여,64세,경상
2022032200100143,2022년 3월 22일 12시,화요일,전라남도 광양시 광양읍,경상사고,0,0,2,0,차대차 - 추돌,안전운전불이행,건조,맑음,교차로 - 교차로부근,승용,여,58세,상해없음,승용,여,54세,경상
2022032200100177,2022년 3월 22일 13시,화요일,전라남도 보성군 보성읍,경상사고,0,0,1,0,차대사람 - 횡단중,기타,건조,맑음,단일로 - 기타,화물,남,63세,상해없음,보행자,여,84세,경상
2022032200100199,2022년 3월 22일 14시,화요일,전라남도 목포시 산정동,경상사고,0,0,1,0,차대차 - 측면충돌,안전운전불이행,건조,맑음,단일로 - 기타,이륜,남,40세,경상,승용,남,62세,상해없음
2022032200100200,2022년 3월 22일 14시,화요일,전라남도 보성군 보성읍,부상신고사고,0,0,0,1,차량단독 - 전도전복 - 전도,안전운전불이행,건조,맑음,교차로 - 교차로부근,이륜,남,19세,부상신고,,,,
2022032200100201,2022년 3월 22일 14시,화요일,전라남도 화순군 화순읍,경상사고,0,0,1,0,차대차 - 측면충돌,안전운전불이행,건조,맑음,단일로 - 기타,화물,남,73세,상해없음,승용,남,63세,경상
2022032200100202,2022년 3월 22일 14시,화요일,전라남도 영암군 서호면,중상사고,0,1,0,0,차량단독 - 공작물충돌,안전운전불이행,건조,맑음,단일로 - 기타,승용,남,65세,상해없음,,,,
2022032200100203,2022년 3월 22일 14시,화요일,전라남도 완도군 완도읍,경상사고,0,0,2,0,차대차 - 측면충돌,교차로운행방법위반,건조,맑음,교차로 - 교차로안,승용,여,38세,경상,승용,남,42세,경상
2022032200100229,2022년 3월 22일 15시,화요일,전라남도 목포시 명륜동,경상사고,0,0,2,0,차대차 - 측면충돌,안전운전불이행,건조,맑음,단일로 - 기타,이륜,남,23세,경상,승용,남,64세,경상
2022032200100230,2022년 3월 22일 15시,화요일,전라남도 여수시 남면,중상사고,0,1,0,0,차대사람 - 기타,안전운전불이행,건조,맑음,단일로 - 기타,원동기,남,71세,기타불명,보행자,여,82세,중상
2022032200100299,2022년 3월 22일 17시,화요일,전라남도 목포시 산정동,경상사고,0,0,1,0,차대차 - 추돌,안전운전불이행,건조,맑음,단일로 - 기타,자전거,남,77세,경상,화물,남,62세,상해없음
2022032200100300,2022년 3월 22일 17시,화요일,전라남도 화순군 화순읍,중상사고,0,1,1,0,차대차 - 측면충돌,교차로운행방법위반,건조,맑음,교차로 - 교차로안,자전거,남,10세,중상,이륜,남,22세,경상
2022032200100331,2022년 3월 22일 18시,화요일,전라남도 무안군 청계면,경상사고,0,0,1,0,차대차 - 추돌,안전운전불이행,건조,맑음,교차로 - 교차로안,승용,여,27세,상해없음,승용,남,48세,경상
2022032200100392,2022년 3월 22일 20시,화요일,전라남도 여수시 신기동,경상사고,0,0,2,0,차대차 - 측면충돌,안전운전불이행,건조,맑음,교차로 - 교차로안,승용,여,57세,경상,승용,남,62세,경상
2022032200100411,2022년 3월 22일 21시,화요일,전라남도 무안군 삼향읍,경상사고,0,0,2,0,차대차 - 추돌,안전운전불이행,건조,맑음,단일로 - 기타,이륜,남,24세,상해없음,승용,남,30세,경상
2022032300100005,2022년 3월 23일 00시,수요일,전라남도 순천시 서면,사망사고,1,0,0,0,차대사람 - 횡단중,안전운전불이행,건조,맑음,단일로 - 기타,승용,남,48세,상해없음,보행자,남,45세,사망
2022032300100013,2022년 3월 23일 01시,수요일,전라남도 장성군 장성읍,중상사고,0,1,0,0,차량단독 - 공작물충돌,안전운전불이행,건조,맑음,교차로 - 교차로부근,승용,남,19세,상해없음,,,,
2022032300100071,2022년 3월 23일 08시,수요일,전라남도 순천시 남정동,중상사고,0,1,0,0,차대차 - 기타,직진우회전진행방해,건조,맑음,교차로 - 교차로안,화물,남,61세,상해없음,자전거,여,65세,중상
2022032300100092,2022년 3월 23일 09시,수요일,전라남도 나주시 남평읍,중상사고,0,1,1,0,차대차 - 정면충돌,중앙선침범,젖음/습기,비,단일로 - 기타,승용,남,20세,경상,승합,남,62세,중상
2022032300100109,2022년 3월 23일 10시,수요일,전라남도 화순군 백아면,경상사고,0,0,1,0,차량단독 - 기타,안전운전불이행,건조,맑음,단일로 - 기타,승합,남,43세,상해없음,,,,
2022032300100110,2022년 3월 23일 10시,수요일,전라남도 완도군 약산면,중상사고,0,1,0,0,차대차 - 기타,안전운전불이행,젖음/습기,흐림,단일로 - 지하차도(도로)내,승용,남,59세,상해없음,이륜,남,59세,중상
2022032300100140,2022년 3월 23일 11시,수요일,전라남도 목포시 용당동,경상사고,0,0,1,0,차대차 - 추돌,안전운전불이행,건조,맑음,단일로 - 기타,화물,남,25세,상해없음,승용,여,38세,경상
2022032300100141,2022년 3월 23일 11시,수요일,전라남도 순천시 대룡동,중상사고,0,1,0,0,차대차 - 측면충돌,교차로운행방법위반,건조,맑음,교차로 - 교차로안,승용,남,58세,상해없음,승용,여,52세,상해없음
2022032300100165,2022년 3월 23일 12시,수요일,전라남도 목포시 산정동,중상사고,0,1,0,0,차대차 - 측면충돌,안전운전불이행,건조,맑음,교차로 - 교차로안,승용,남,67세,상해없음,이륜,남,27세,중상
2022032300100184,2022년 3월 23일 13시,수요일,전라남도 목포시 옥암동,경상사고,0,0,2,0,차대차 - 측면충돌,안전운전불이행,건조,맑음,교차로 - 교차로부근,승용,남,24세,경상,승용,여,28세,경상
2022032300100185,2022년 3월 23일 13시,수요일,전라남도 여수시 중앙동,경상사고,0,0,3,0,차대차 - 정면충돌,중앙선침범,건조,맑음,단일로 - 기타,화물,남,57세,상해없음,승용,여,52세,경상
2022032300100210,2022년 3월 23일 14시,수요일,전라남도 순천시 연향동,경상사고,0,0,1,0,차대차 - 측면충돌,안전운전불이행,건조,맑음,단일로 - 기타,화물,남,44세,상해없음,승용,여,31세,경상
2022032300100211,2022년 3월 23일 14시,수요일,전라남도 나주시 빛가람동,부상신고사고,0,0,0,1,차대차 - 측면충돌,안전운전불이행,건조,맑음,교차로 - 교차로안,이륜,남,76세,부상신고,승용,여,62세,상해없음
2022032300100290,2022년 3월 23일 17시,수요일,전라남도 목포시 상동,경상사고,0,0,3,0,차대차 - 측면충돌,중앙선침범,건조,맑음,교차로 - 교차로횡단보도내,이륜,남,29세,상해없음,승용,남,32세,경상
2022032300100291,2022년 3월 23일 17시,수요일,전라남도 순천시 서면,사망사고,1,0,0,0,차대차 - 추돌,안전운전불이행,건조,맑음,교차로 - 교차로부근,원동기,남,52세,사망,건설기계,남,44세,상해없음
2022032300100292,2022년 3월 23일 17시,수요일,전라남도 장흥군 장흥읍,중상사고,0,1,0,0,차대차 - 측면충돌,교차로운행방법위반,건조,맑음,교차로 - 교차로안,승용,남,64세,상해없음,이륜,남,70세,중상
2022032300100293,2022년 3월 23일 17시,수요일,전라남도 강진군 강진읍,경상사고,0,0,1,0,차량단독 - 기타,안전운전불이행,건조,맑음,단일로 - 기타,사륜오토바이(ATV),남,54세,경상,,,,
2022032300100324,2022년 3월 23일 18시,수요일,전라남도 목포시 용해동,경상사고,0,0,1,0,차대차 - 측면충돌,신호위반,건조,맑음,교차로 - 교차로안,승용,여,62세,상해없음,승용,남,52세,경상
2022032300100325,2022년 3월 23일 18시,수요일,전라남도 순천시 연향동,중상사고,0,1,0,0,차대차 - 기타,직진우회전진행방해,건조,맑음,교차로 - 교차로안,자전거,남,16세,중상,승용,남,25세,상해없음
2022032300100326,2022년 3월 23일 18시,수요일,전라남도 순천시 서면,중상사고,0,1,0,0,차대차 - 기타,안전운전불이행,건조,맑음,교차로 - 교차로안,승용,남,70세,상해없음,승용,여,34세,중상
2022032300100357,2022년 3월 23일 19시,수요일,전라남도 여수시 여서동,경상사고,0,0,1,0,차대차 - 기타,안전운전불이행,건조,맑음,단일로 - 기타,이륜,남,44세,경상,화물,남,67세,상해없음
2022032300100358,2022년 3월 23일 19시,수요일,전라남도 고흥군 도화면,사망사고,1,1,0,0,차량단독 - 공작물충돌,안전운전불이행,건조,맑음,단일로 - 기타,화물,남,21세,사망,,,,
2022032300100359,2022년 3월 23일 19시,수요일,전라남도 영암군 삼호읍,경상사고,0,0,1,0,차대차 - 측면충돌,중앙선침범,건조,맑음,단일로 - 기타,승용,여,48세,상해없음,이륜,남,55세,경상
2022032300100384,2022년 3월 23일 20시,수요일,전라남도 순천시 연향동,경상사고,0,0,1,0,차대차 - 후진중충돌,안전운전불이행,건조,맑음,교차로 - 교차로안,승용,여,62세,상해없음,승용,남,20세,경상
2022032300100414,2022년 3월 23일 21시,수요일,전라남도 무안군 청계면,경상사고,0,0,1,0,차대차 - 기타,안전운전불이행,건조,맑음,교차로 - 교차로부근,승용,여,50세,상해없음,승용,남,65세,경상
2022032300100433,2022년 3월 23일 22시,수요일,전라남도 광양시 광양읍,중상사고,0,1,0,0,차대차 - 기타,안전운전불이행,건조,맑음,단일로 - 교량,승용,남,29세,중상,건설기계,남,49세,기타불명
2022032300100445,2022년 3월 23일 23시,수요일,전라남도 목포시 상동,경상사고,0,0,1,0,차대사람 - 횡단중,안전운전불이행,건조,맑음,단일로 - 기타,이륜,남,18세,상해없음,보행자,남,19세,경상
2022032300100446,2022년 3월 23일 23시,수요일,전라남도 순천시 조례동,경상사고,0,0,1,0,차대사람 - 횡단중,안전운전불이행,건조,맑음,교차로 - 교차로부근,승용,남,21세,상해없음,보행자,남,51세,경상
2022032400100064,2022년 3월 24일 08시,목요일,전라남도 완도군 보길면,중상사고,0,1,0,0,차대차 - 기타,안전운전불이행,건조,맑음,교차로 - 교차로안,화물,남,76세,상해없음,승용,여,58세,중상
2022032400100065,2022년 3월 24일 08시,목요일,전라남도 광양시 광양읍,경상사고,0,0,1,0,차대차 - 측면충돌,안전운전불이행,건조,맑음,단일로 - 기타,승용,여,66세,상해없음,이륜,남,77세,경상
2022032400100112,2022년 3월 24일 10시,목요일,전라남도 여수시 신기동,중상사고,0,1,0,0,차대차 - 측면충돌,안전운전불이행,건조,맑음,교차로 - 교차로안,승용,남,59세,상해없음,이륜,남,25세,중상
2022032400100113,2022년 3월 24일 10시,목요일,전라남도 여수시 둔덕동,경상사고,0,0,2,0,차대차 - 추돌,안전운전불이행,건조,맑음,교차로 - 교차로부근,화물,남,64세,상해없음,승용,여,28세,경상
2022032400100114,2022년 3월 24일 10시,목요일,전라남도 영암군 삼호읍,중상사고,0,1,0,0,차대차 - 측면충돌,신호위반,건조,맑음,교차로 - 교차로안,건설기계,남,51세,상해없음,이륜,남,54세,중상
2022032400100115,2022년 3월 24일 10시,목요일,전라남도 장성군 서삼면,경상사고,0,0,1,0,차대사람 - 기타,안전운전불이행,건조,맑음,단일로 - 기타,화물,남,57세,상해없음,보행자,남,40세,경상
2022032400100116,2022년 3월 24일 10시,목요일,전라남도 광양시 옥곡면,경상사고,0,0,1,0,차대사람 - 길가장자리구역통행중,안전운전불이행,건조,맑음,단일로 - 기타,승용,여,69세,상해없음,보행자,남,83세,경상
2022032400100163,2022년 3월 24일 12시,목요일,전라남도 신안군 자은면,중상사고,0,1,2,0,차대차 - 기타,직진우회전진행방해,건조,맑음,교차로 - 교차로안,승용,남,55세,경상,승합,남,36세,상해없음
2022032400100164,2022년 3월 24일 12시,목요일,전라남도 담양군 담양읍,중상사고,0,1,0,0,차대사람 - 기타,안전운전불이행,건조,맑음,단일로 - 기타,승용,남,77세,상해없음,보행자,남,38세,중상
2022032400100192,2022년 3월 24일 13시,목요일,전라남도 목포시 산정동,중상사고,0,1,0,0,차대사람 - 기타,안전운전불이행,건조,맑음,단일로 - 기타,이륜,남,58세,상해없음,보행자,남,78세,중상
2022032400100193,2022년 3월 24일 13시,목요일,전라남도 나주시 남평읍,경상사고,0,0,1,0,차대차 - 추돌,안전운전불이행,건조,맑음,교차로 - 교차로부근,승용,남,51세,상해없음,승용,여,37세,경상
2022032400100218,2022년 3월 24일 14시,목요일,전라남도 목포시 산정동,경상사고,0,0,1,0,차대차 - 추돌,안전운전불이행,건조,맑음,교차로 - 교차로부근,승용,남,59세,상해없음,승용,남,70세,경상
2022032400100247,2022년 3월 24일 15시,목요일,전라남도 해남군 송지면,중상사고,0,1,1,0,차대차 - 정면충돌,중앙선침범,건조,맑음,단일로 - 기타,승용,여,58세,경상,화물,여,52세,중상
2022032400100248,2022년 3월 24일 15시,목요일,전라남도 장흥군 장흥읍,경상사고,0,0,1,0,차대차 - 기타,차로위반,건조,맑음,단일로 - 터널,승용,남,29세,상해없음,승용,남,31세,경상
2022032400100393,2022년 3월 24일 19시,목요일,전라남도 강진군 강진읍,중상사고,0,1,3,0,차대차 - 측면충돌,직진우회전진행방해,건조,맑음,교차로 - 교차로안,승용,여,56세,경상,승용,여,19세,경상
2022032400100394,2022년 3월 24일 19시,목요일,전라남도 구례군 문척면,중상사고,0,2,1,0,차량단독 - 도로외이탈 - 추락,안전운전불이행,건조,맑음,단일로 - 교량,화물,여,67세,기타불명,,,,
2022032400100421,2022년 3월 24일 20시,목요일,전라남도 목포시 상동,경상사고,0,0,1,0,차대사람 - 횡단중,안전운전불이행,건조,맑음,교차로 - 교차로횡단보도내,승용,여,25세,상해없음,보행자,여,49세,경상
2022032400100439,2022년 3월 24일 21시,목요일,전라남도 목포시 상동,경상사고,0,0,1,0,차대차 - 측면충돌,신호위반,건조,맑음,교차로 - 교차로안,이륜,남,22세,상해없음,이륜,남,66세,경상
2022032400100440,2022년 3월 24일 21시,목요일,전라남도 목포시 상동,경상사고,0,0,3,0,차대차 - 후진중충돌,안전운전불이행,건조,맑음,기타 - 기타,승용,여,50세,상해없음,승용,남,25세,경상
2022032500100100,2022년 3월 25일 09시,금요일,전라남도 여수시 오림동,중상사고,0,1,0,0,차대사람 - 보도통행중,기타,건조,맑음,기타 - 기타,화물,남,53세,상해없음,보행자,여,84세,중상
2022032500100121,2022년 3월 25일 10시,금요일,전라남도 나주시 문평면,경상사고,0,0,2,0,차대차 - 추돌,안전운전불이행,건조,흐림,단일로 - 기타,승용,남,16세,상해없음,승용,남,22세,경상
2022032500100122,2022년 3월 25일 10시,금요일,전라남도 화순군 동복면,경상사고,0,0,1,0,차대차 - 측면충돌,중앙선침범,건조,맑음,단일로 - 기타,농기계,남,74세,상해없음,승용,여,56세,경상
2022032500100144,2022년 3월 25일 11시,금요일,전라남도 장흥군 장흥읍,경상사고,0,0,6,0,차대차 - 추돌,안전거리미확보,건조,흐림,단일로 - 기타,승합,여,58세,상해없음,승용,남,64세,경상
2022032500100145,2022년 3월 25일 11시,금요일,전라남도 광양시 금호동,경상사고,0,0,1,2,차대차 - 기타,중앙선침범,건조,맑음,단일로 - 기타,승용,남,50세,상해없음,화물,남,30세,상해없음
2022032500100146,2022년 3월 25일 11시,금요일,전라남도 순천시 승주읍,경상사고,0,0,2,0,차대차 - 추돌,안전운전불이행,건조,맑음,단일로 - 기타,화물,남,49세,상해없음,승용,남,42세,경상
2022032500100199,2022년 3월 25일 13시,금요일,전라남도 장성군 북일면,중상사고,0,1,2,0,차량단독 - 공작물충돌,안전운전불이행,건조,맑음,단일로 - 기타,승용,남,67세,상해없음,,,,
2022032500100200,2022년 3월 25일 13시,금요일,전라남도 진도군 진도읍,중상사고,0,1,0,0,차대차 - 측면충돌,교차로운행방법위반,건조,맑음,교차로 - 교차로안,이륜,남,81세,중상,승용,여,51세,상해없음
2022032500100231,2022년 3월 25일 14시,금요일,전라남도 강진군 강진읍,경상사고,0,0,1,0,차대사람 - 횡단중,보행자보호의무위반,건조,맑음,교차로 - 교차로부근,승용,여,61세,상해없음,보행자,여,61세,경상
2022032500100265,2022년 3월 25일 15시,금요일,전라남도 영암군 영암읍,경상사고,0,0,1,0,차대차 - 측면충돌,안전운전불이행,건조,맑음,교차로 - 교차로부근,화물,남,61세,상해없음,화물,남,32세,경상
2022032500100287,2022년 3월 25일 16시,금요일,전라남도 순천시 해룡면,사망사고,1,0,0,0,차량단독 - 공작물충돌,안전운전불이행,건조,흐림,단일로 - 기타,화물,여,20세,사망,,,,
2022032500100288,2022년 3월 25일 16시,금요일,전라남도 순천시 해룡면,경상사고,0,0,1,0,차대차 - 기타,안전운전불이행,건조,맑음,단일로 - 기타,승용,여,50세,상해없음,자전거,남,11세,경상
2022032500100354,2022년 3월 25일 18시,금요일,전라남도 화순군 화순읍,경상사고,0,0,1,0,차대차 - 추돌,안전운전불이행,젖음/습기,비,교차로 - 교차로안,승용,여,61세,상해없음,이륜,남,25세,경상
2022032500100355,2022년 3월 25일 18시,금요일,전라남도 영암군 삼호읍,경상사고,0,0,1,0,차대차 - 측면충돌,신호위반,젖음/습기,비,교차로 - 교차로안,승용,남,38세,상해없음,승용,남,55세,경상
2022032500100356,2022년 3월 25일 18시,금요일,전라남도 무안군 삼향읍,경상사고,0,0,1,0,차대차 - 기타,안전운전불이행,젖음/습기,비,교차로 - 교차로안,승용,남,33세,상해없음,이륜,남,38세,경상
2022032500100415,2022년 3월 25일 19시,금요일,전라남도 나주시 왕곡면,경상사고,0,0,2,0,차대차 - 기타,교차로운행방법위반,젖음/습기,비,교차로 - 교차로안,승용,여,54세,경상,승합,남,42세,상해없음
2022032500100416,2022년 3월 25일 19시,금요일,전라남도 보성군 복내면,중상사고,0,1,0,0,차량단독 - 공작물충돌,안전운전불이행,젖음/습기,비,단일로 - 기타,화물,남,57세,중상,,,,
2022032500100417,2022년 3월 25일 19시,금요일,전라남도 화순군 화순읍,경상사고,0,0,1,0,차대차 - 정면충돌,중앙선침범,젖음/습기,비,단일로 - 기타,승용,남,46세,상해없음,이륜,남,47세,경상
2022032500100456,2022년 3월 25일 20시,금요일,전라남도 목포시 상동,중상사고,0,1,0,0,차대차 - 측면충돌,직진우회전진행방해,젖음/습기,비,교차로 - 교차로부근,승용,남,45세,상해없음,이륜,남,30세,중상
2022032500100457,2022년 3월 25일 20시,금요일,전라남도 곡성군 옥과면,중상사고,0,3,0,0,차대차 - 측면충돌,신호위반,젖음/습기,비,교차로 - 교차로안,화물,남,31세,중상,승용,여,63세,중상
2022032500100458,2022년 3월 25일 20시,금요일,전라남도 무안군 삼향읍,중상사고,0,1,0,0,차대사람 - 횡단중,보행자보호의무위반,젖음/습기,비,교차로 - 교차로횡단보도내,이륜,남,36세,상해없음,보행자,여,16세,중상
2022032500100502,2022년 3월 25일 21시,금요일,전라남도 순천시 연향동,경상사고,0,0,2,0,차대차 - 기타,중앙선침범,젖음/습기,비,교차로 - 교차로안,승용,남,50세,상해없음,승용,여,42세,경상
2022032500100503,2022년 3월 25일 21시,금요일,전라남도 보성군 보성읍,경상사고,0,0,2,0,차대차 - 기타,안전운전불이행,건조,맑음,기타 - 기타,승용,남,59세,상해없음,승용,남,38세,경상
2022032500100504,2022년 3월 25일 21시,금요일,전라남도 강진군 강진읍,부상신고사고,0,0,0,1,차량단독 - 공작물충돌,안전운전불이행,서리/결빙,비,교차로 - 교차로부근,승용,남,61세,부상신고,,,,
2022032500100558,2022년 3월 25일 22시,금요일,전라남도 목포시 연산동,중상사고,0,1,1,0,차대사람 - 횡단중,안전운전불이행,젖음/습기,비,교차로 - 교차로부근,승용,남,31세,상해없음,보행자,남,36세,경상
2022032500100559,2022년 3월 25일 22시,금요일,전라남도 목포시 산정동,경상사고,0,0,1,0,차대사람 - 횡단중,신호위반,젖음/습기,비,단일로 - 기타,승용,남,57세,상해없음,보행자,남,16세,경상
2022032500100560,2022년 3월 25일 22시,금요일,전라남도 무안군 삼향읍,경상사고,0,0,2,0,차대사람 - 기타,안전운전불이행,젖음/습기,비,교차로 - 교차로부근,이륜,남,22세,상해없음,보행자,남,38세,경상
2022032500100616,2022년 3월 25일 23시,금요일,전라남도 여수시 웅천동,경상사고,0,0,1,0,차대사람 - 횡단중,신호위반,젖음/습기,비,교차로 - 교차로횡단보도내,승용,남,50세,상해없음,보행자,남,23세,경상
2022032500100617,2022년 3월 25일 23시,금요일,전라남도 담양군 대전면,중상사고,0,1,0,0,차량단독 - 공작물충돌,안전운전불이행,젖음/습기,비,교차로 - 교차로부근,승용,남,46세,상해없음,,,,
2022032500100618,2022년 3월 25일 23시,금요일,전라남도 광양시 중동,중상사고,0,1,0,0,차대차 - 기타,안전거리미확보,젖음/습기,비,교차로 - 교차로안,승용,남,35세,상해없음,원동기,남,21세,중상
2022032600100034,2022년 3월 26일 01시,토요일,전라남도 순천시 조례동,중상사고,0,1,0,0,차량단독 - 기타,안전운전불이행,젖음/습기,비,교차로 - 교차로부근,승용,남,67세,상해없음,,,,
2022032600100077,2022년 3월 26일 07시,토요일,전라남도 나주시 남평읍,경상사고,0,0,2,0,차대차 - 정면충돌,중앙선침범,건조,맑음,단일로 - 기타,승용,남,62세,상해없음,화물,남,58세,경상
2022032600100103,2022년 3월 26일 09시,토요일,전라남도 무안군 삼향읍,경상사고,0,0,1,0,차대차 - 기타,안전운전불이행,건조,맑음,단일로 - 기타,승용,남,62세,상해없음,승용,여,27세,경상
2022032600100104,2022년 3월 26일 09시,토요일,전라남도 광양시 마동,중상사고,0,1,1,0,차대차 - 측면충돌,교차로운행방법위반,건조,맑음,교차로 - 교차로안,승용,여,48세,중상,승용,여,20세,경상
2022032600100120,2022년 3월 26일 10시,토요일,전라남도 장흥군 장흥읍,경상사고,0,0,1,0,차대차 - 측면충돌,직진우회전진행방해,젖음/습기,비,교차로 - 교차로안,승용,남,55세,상해없음,승용,남,40세,경상
2022032600100141,2022년 3월 26일 11시,토요일,전라남도 여수시 봉산동,경상사고,0,0,3,0,차대차 - 측면충돌,안전운전불이행,건조,맑음,교차로 - 교차로안,승용,남,32세,경상,승용,여,72세,경상
2022032600100190,2022년 3월 26일 13시,토요일,전라남도 여수시 율촌면,경상사고,0,0,7,0,차대차 - 추돌,안전거리미확보,건조,맑음,단일로 - 터널,승용,남,30세,상해없음,승용,남,37세,경상
2022032600100191,2022년 3월 26일 13시,토요일,전라남도 해남군 해남읍,경상사고,0,0,1,0,차대차 - 측면충돌,직진우회전진행방해,건조,맑음,교차로 - 교차로안,승용,남,46세,상해없음,승용,남,37세,경상
2022032600100214,2022년 3월 26일 14시,토요일,전라남도 여수시 문수동,중상사고,0,1,0,0,차대차 - 측면충돌,안전운전불이행,젖음/습기,흐림,단일로 - 기타,이륜,남,57세,중상,화물,남,54세,상해없음
2022032600100215,2022년 3월 26일 14시,토요일,전라남도 구례군 산동면,중상사고,0,1,1,0,차대차 - 추돌,안전거리미확보,건조,맑음,단일로 - 기타,승합,남,66세,상해없음,화물,남,65세,경상
2022032600100249,2022년 3월 26일 15시,토요일,전라남도 여수시 미평동,중상사고,0,1,0,0,차대사람 - 보도통행중,기타,젖음/습기,흐림,단일로 - 기타,이륜,남,47세,상해없음,보행자,여,67세,중상
2022032600100250,2022년 3월 26일 15시,토요일,전라남도 화순군 화순읍,경상사고,0,0,3,0,차대차 - 측면충돌,교차로운행방법위반,건조,맑음,교차로 - 교차로안,승용,여,41세,상해없음,승용,남,75세,경상
2022032600100282,2022년 3월 26일 16시,토요일,전라남도 순천시 조례동,경상사고,0,0,2,0,차대차 - 추돌,안전운전불이행,건조,맑음,단일로 - 기타,이륜,남,18세,경상,승용,남,28세,경상
2022032600100307,2022년 3월 26일 17시,토요일,전라남도 목포시 상동,경상사고,0,0,1,0,차대차 - 정면충돌,안전운전불이행,건조,맑음,교차로 - 교차로안,승용,여,54세,경상,승용,남,25세,상해없음
2022032600100308,2022년 3월 26일 17시,토요일,전라남도 나주시 반남면,중상사고,0,1,0,0,차대사람 - 기타,안전운전불이행,건조,맑음,교차로 - 교차로부근,화물,남,61세,상해없음,보행자,여,78세,중상
2022032600100309,2022년 3월 26일 17시,토요일,전라남도 고흥군 도양읍,부상신고사고,0,0,0,1,차대차 - 측면충돌,안전운전불이행,건조,맑음,교차로 - 교차로안,승용,남,62세,상해없음,화물,남,40세,부상신고
2022032600100325,2022년 3월 26일 18시,토요일,전라남도 여수시 국동,경상사고,0,0,3,0,차대차 - 측면충돌,안전운전불이행,건조,맑음,교차로 - 교차로안,승용,기타불명,미분류,기타불명,승용,남,23세,경상
2022032600100403,2022년 3월 26일 21시,토요일,전라남도 여수시 오림동,경상사고,0,0,5,0,차대차 - 측면충돌,중앙선침범,건조,맑음,단일로 - 기타,승용,남,74세,상해없음,화물,남,50세,경상
2022032600100427,2022년 3월 26일 22시,토요일,전라남도 여수시 돌산읍,경상사고,0,0,2,0,차대차 - 추돌,안전운전불이행,건조,맑음,교차로 - 교차로안,승용,남,62세,상해없음,승용,여,30세,경상
2022032700100018,2022년 3월 27일 01시,일요일,전라남도 목포시 죽교동,경상사고,0,0,1,0,차대차 - 측면충돌,안전운전불이행,건조,맑음,교차로 - 교차로안,승용,남,19세,상해없음,승용,남,30세,경상
2022032700100041,2022년 3월 27일 07시,일요일,전라남도 구례군 광의면,중상사고,0,1,0,0,차대차 - 기타,기타,건조,맑음,단일로 - 기타,승합,남,59세,상해없음,농기계,남,79세,중상
2022032700100066,2022년 3월 27일 10시,일요일,전라남도 화순군 화순읍,중상사고,0,1,0,0,차대차 - 측면충돌,신호위반,건조,맑음,교차로 - 교차로안,승용,여,39세,상해없음,승용,여,55세,중상
2022032700100189,2022년 3월 27일 15시,일요일,전라남도 여수시 돌산읍,중상사고,0,1,0,0,차대차 - 추돌,안전운전불이행,건조,맑음,단일로 - 기타,승용,남,57세,상해없음,이륜,남,61세,중상
2022032700100190,2022년 3월 27일 15시,일요일,전라남도 여수시 둔덕동,경상사고,0,0,1,0,차대차 - 기타,기타,건조,맑음,단일로 - 기타,승용,남,29세,경상,승합,남,49세,상해없음
2022032700100220,2022년 3월 27일 16시,일요일,전라남도 순천시 조곡동,경상사고,0,0,1,0,차대차 - 추돌,안전운전불이행,건조,맑음,단일로 - 기타,이륜,남,39세,상해없음,승용,남,25세,경상
2022032700100237,2022년 3월 27일 17시,일요일,전라남도 나주시 송월동,중상사고,0,1,0,0,차대사람 - 차도통행중,안전운전불이행,건조,맑음,단일로 - 기타,승용,남,73세,상해없음,보행자,여,48세,중상
2022032700100238,2022년 3월 27일 17시,일요일,전라남도 광양시 광양읍,부상신고사고,0,0,0,1,차량단독 - 공작물충돌,안전운전불이행,건조,맑음,교차로 - 교차로안,이륜,남,57세,부상신고,,,,
2022032700100268,2022년 3월 27일 18시,일요일,전라남도 담양군 수북면,경상사고,0,0,3,0,차대차 - 측면충돌,중앙선침범,건조,맑음,단일로 - 기타,승용,여,50세,상해없음,승용,남,42세,경상
2022032700100321,2022년 3월 27일 20시,일요일,전라남도 순천시 조례동,중상사고,0,1,1,0,차대차 - 측면충돌,안전운전불이행,건조,맑음,단일로 - 기타,승용,남,47세,상해없음,이륜,남,17세,중상
2022032700100322,2022년 3월 27일 20시,일요일,전라남도 순천시 조례동,경상사고,0,0,2,0,차대차 - 추돌,교차로운행방법위반,건조,맑음,교차로 - 교차로안,승용,남,48세,상해없음,승용,여,30세,경상
2022032700100340,2022년 3월 27일 21시,일요일,전라남도 목포시 상동,사망사고,1,0,0,0,차대사람 - 횡단중,기타,건조,맑음,단일로 - 기타,승용,남,52세,상해없음,보행자,여,17세,사망