사고번호,사고일시,요일,시군구,사고내용,사망자수,중상자수,경상자수,부상신고자수,사고유형,법규위반,노면상태,기상상태,도로형태,가해운전자 차종,가해운전자 성별,가해운전자 연령,가해운전자 상해정도,피해운전자 차종,피해운전자 성별,피해운전자 연령,피해운전자 상해정도
2022032700100360,2022년 3월 27일 22시,일요일,전라남도 목포시 옥암동,중상사고,0,1,1,0,차대차 - 측면충돌,신호위반,건조,흐림,교차로 - 교차로안,승용,남,24세,상해없음,승용,남,31세,중상
2022032700100383,2022년 3월 27일 23시,일요일,전라남도 광양시 광양읍,경상사고,0,0,1,0,차대차 - 추돌,안전거리미확보,건조,맑음,교차로 - 교차로부근,승용,여,43세,상해없음,승용,남,36세,경상
2022032800100013,2022년 3월 28일 03시,월요일,전라남도 영암군 영암읍,경상사고,0,0,10,0,차대차 - 측면충돌,신호위반,건조,맑음,교차로 - 교차로안,화물,남,43세,상해없음,승합,남,61세,경상
2022032800100020,2022년 3월 28일 05시,월요일,전라남도 여수시 학동,경상사고,0,0,1,0,차대차 - 측면충돌,차로위반,건조,맑음,교차로 - 교차로안,승용,여,57세,상해없음,승용,여,25세,경상
2022032800100026,2022년 3월 28일 06시,월요일,전라남도 광양시 중동,경상사고,0,0,1,0,차대차 - 추돌,안전운전불이행,건조,맑음,단일로 - 교량,승용,남,51세,상해없음,승용,남,31세,경상
2022032800100047,2022년 3월 28일 07시,월요일,전라남도 광양시 광영동,사망사고,1,0,0,0,차량단독 - 전도전복 - 전도,안전운전불이행,건조,흐림,단일로 - 기타,이륜,남,22세,사망,,,,
2022032800100080,2022년 3월 28일 08시,월요일,전라남도 담양군 담양읍,경상사고,0,0,1,0,차대차 - 측면충돌,신호위반,건조,맑음,교차로 - 교차로안,원동기,여,25세,상해없음,승용,여,45세,경상
2022032800100106,2022년 3월 28일 09시,월요일,전라남도 순천시 조례동,경상사고,0,0,1,0,차대차 - 측면충돌,안전운전불이행,건조,맑음,교차로 - 교차로안,승용,여,52세,상해없음,승용,여,25세,경상
2022032800100107,2022년 3월 28일 09시,월요일,전라남도 완도군 신지면,경상사고,0,0,2,0,차대차 - 기타,직진우회전진행방해,건조,맑음,교차로 - 교차로안,화물,여,61세,경상,승용,남,71세,경상
2022032800100203,2022년 3월 28일 12시,월요일,전라남도 여수시 학동,경상사고,0,0,2,0,차대차 - 기타,안전운전불이행,건조,맑음,단일로 - 기타,승용,여,58세,상해없음,승용,여,47세,경상
2022032800100226,2022년 3월 28일 13시,월요일,전라남도 목포시 연산동,경상사고,0,0,1,0,차대차 - 기타,직진우회전진행방해,건조,맑음,교차로 - 교차로안,이륜,남,25세,경상,승용,남,65세,상해없음
2022032800100227,2022년 3월 28일 13시,월요일,전라남도 진도군 고군면,경상사고,0,0,1,0,차대차 - 측면충돌,중앙선침범,건조,맑음,단일로 - 지하차도(도로)내,승용,남,62세,상해없음,승용,남,37세,경상
2022032800100228,2022년 3월 28일 13시,월요일,전라남도 광양시 광양읍,부상신고사고,0,0,0,1,차대차 - 추돌,안전운전불이행,건조,맑음,교차로 - 교차로부근,자전거,남,74세,부상신고,승용,남,62세,상해없음
2022032800100254,2022년 3월 28일 14시,월요일,전라남도 고흥군 포두면,중상사고,0,1,0,0,차대사람 - 기타,안전운전불이행,건조,맑음,교차로 - 교차로안,승용,여,40세,상해없음,보행자,남,73세,중상
2022032800100255,2022년 3월 28일 14시,월요일,전라남도 무안군 삼향읍,경상사고,0,0,3,0,차대차 - 추돌,안전운전불이행,건조,맑음,교차로 - 교차로부근,승용,여,56세,상해없음,승용,여,62세,경상
2022032800100379,2022년 3월 28일 18시,월요일,전라남도 목포시 용해동,경상사고,0,0,2,0,차대차 - 측면충돌,신호위반,건조,맑음,교차로 - 교차로안,승용,남,33세,기타불명,승용,남,27세,경상
2022032800100418,2022년 3월 28일 19시,월요일,전라남도 영광군 대마면,경상사고,0,0,1,0,차대차 - 정면충돌,중앙선침범,건조,맑음,단일로 - 기타,승용,남,59세,상해없음,승용,여,43세,경상
2022032800100419,2022년 3월 28일 19시,월요일,전라남도 무안군 삼향읍,경상사고,0,0,1,0,차대차 - 추돌,안전운전불이행,건조,맑음,교차로 - 교차로부근,승용,여,57세,상해없음,승용,남,44세,경상
2022032800100448,2022년 3월 28일 20시,월요일,전라남도 여수시 여서동,경상사고,0,0,1,0,차대차 - 측면충돌,안전운전불이행,건조,맑음,교차로 - 교차로안,승용,남,29세,상해없음,이륜,남,27세,경상
2022032800100449,2022년 3월 28일 20시,월요일,전라남도 나주시 빛가람동,경상사고,0,0,2,0,차대차 - 추돌,안전운전불이행,건조,맑음,단일로 - 기타,승용,남,36세,상해없음,승용,여,32세,경상
2022032800100488,2022년 3월 28일 23시,월요일,전라남도 광양시 광양읍,경상사고,0,0,1,0,차대차 - 측면충돌,직진우회전진행방해,건조,맑음,교차로 - 교차로부근,화물,남,62세,상해없음,승용,여,56세,경상
2022032900100002,2022년 3월 29일 00시,화요일,전라남도 여수시 학동,경상사고,0,0,2,0,차대차 - 추돌,안전운전불이행,건조,맑음,교차로 - 교차로부근,승용,남,26세,상해없음,승용,여,27세,경상
2022032900100003,2022년 3월 29일 00시,화요일,전라남도 순천시 인월동,경상사고,0,0,1,0,차대차 - 기타,안전운전불이행,건조,맑음,단일로 - 기타,승용,남,35세,경상,승용,남,59세,상해없음
2022032900100086,2022년 3월 29일 09시,화요일,전라남도 여수시 웅천동,경상사고,0,0,2,0,차대차 - 추돌,안전운전불이행,건조,맑음,단일로 - 기타,승용,여,59세,상해없음,승용,남,63세,경상
2022032900100087,2022년 3월 29일 09시,화요일,전라남도 영암군 시종면,중상사고,0,1,0,0,차량단독 - 도로외이탈 - 추락,안전운전불이행,건조,맑음,단일로 - 기타,승용,여,72세,중상,,,,
2022032900100088,2022년 3월 29일 09시,화요일,전라남도 강진군 도암면,경상사고,0,0,2,0,차대차 - 측면충돌,안전운전불이행,건조,맑음,교차로 - 교차로안,화물,남,68세,상해없음,승합,남,41세,상해없음
2022032900100089,2022년 3월 29일 09시,화요일,전라남도 완도군 완도읍,경상사고,0,0,1,0,차대차 - 측면충돌,교차로운행방법위반,건조,맑음,교차로 - 교차로부근,승합,남,64세,상해없음,승용,여,18세,경상
2022032900100121,2022년 3월 29일 10시,화요일,전라남도 영암군 삼호읍,중상사고,0,2,1,0,차대차 - 측면충돌,신호위반,건조,맑음,교차로 - 교차로안,승용,남,37세,경상,승용,남,75세,중상
2022032900100122,2022년 3월 29일 10시,화요일,전라남도 담양군 월산면,경상사고,0,0,1,0,차량단독 - 도로외이탈 - 기타,안전운전불이행,건조,맑음,단일로 - 기타,농기계,남,88세,경상,,,,
2022032900100170,2022년 3월 29일 12시,화요일,전라남도 순천시 석현동,경상사고,0,0,2,0,차대차 - 측면충돌,안전운전불이행,건조,맑음,단일로 - 기타,승용,여,24세,상해없음,승용,남,38세,경상
2022032900100171,2022년 3월 29일 12시,화요일,전라남도 영암군 삼호읍,중상사고,0,1,2,0,차대차 - 추돌,안전운전불이행,건조,맑음,단일로 - 기타,승합,남,30세,기타불명,화물,남,56세,경상
2022032900100208,2022년 3월 29일 13시,화요일,전라남도 목포시 죽교동,경상사고,0,0,2,0,차대차 - 측면충돌,안전운전불이행,건조,맑음,기타 - 기타,특수,남,57세,상해없음,승용,남,74세,경상
2022032900100209,2022년 3월 29일 13시,화요일,전라남도 목포시 석현동,경상사고,0,0,1,0,차대차 - 기타,안전운전불이행,건조,맑음,기타 - 기타,승용,여,58세,상해없음,승용,여,21세,경상
2022032900100239,2022년 3월 29일 14시,화요일,전라남도 목포시 용해동,경상사고,0,0,1,0,차대차 - 기타,불법유턴,건조,맑음,기타 - 기타,자전거,남,72세,경상,승용,여,61세,상해없음
2022032900100240,2022년 3월 29일 14시,화요일,전라남도 여수시 학동,경상사고,0,0,1,0,차대차 - 추돌,신호위반,건조,맑음,교차로 - 교차로안,승용,여,57세,상해없음,승용,여,49세,경상
2022032900100241,2022년 3월 29일 14시,화요일,전라남도 강진군 도암면,경상사고,0,0,1,0,차대차 - 측면충돌,직진우회전진행방해,건조,맑음,교차로 - 교차로안,건설기계,남,51세,상해없음,승용,여,46세,경상
2022032900100259,2022년 3월 29일 15시,화요일,전라남도 여수시 학동,경상사고,0,0,1,0,차대차 - 측면충돌,안전운전불이행,건조,맑음,단일로 - 기타,승용,여,49세,기타불명,이륜,남,41세,경상
2022032900100309,2022년 3월 29일 16시,화요일,전라남도 순천시 조례동,경상사고,0,0,1,0,차대차 - 측면충돌,안전운전불이행,건조,맑음,교차로 - 교차로부근,승용,남,59세,기타불명,승용,여,35세,경상
2022032900100310,2022년 3월 29일 16시,화요일,전라남도 완도군 완도읍,경상사고,0,0,1,0,차대차 - 측면충돌,안전운전불이행,건조,맑음,단일로 - 기타,화물,남,72세,상해없음,승용,여,36세,경상
2022032900100311,2022년 3월 29일 16시,화요일,전라남도 진도군 의신면,중상사고,0,1,0,0,차대차 - 측면충돌,안전운전불이행,건조,맑음,교차로 - 교차로안,승용,남,63세,상해없음,원동기,남,83세,중상
2022032900100353,2022년 3월 29일 17시,화요일,전라남도 화순군 백아면,중상사고,0,1,4,0,차대차 - 측면충돌,직진우회전진행방해,건조,맑음,교차로 - 교차로안,승용,남,33세,중상,화물,남,54세,경상
2022032900100393,2022년 3월 29일 18시,화요일,전라남도 순천시 조례동,경상사고,0,0,1,0,차대차 - 기타,안전운전불이행,건조,맑음,교차로 - 교차로안,승용,남,41세,상해없음,승용,남,58세,경상
2022032900100394,2022년 3월 29일 18시,화요일,전라남도 나주시 산포면,경상사고,0,0,6,0,차대차 - 추돌,안전거리미확보,건조,맑음,단일로 - 기타,승용,여,31세,경상,승용,남,30세,경상
2022032900100395,2022년 3월 29일 18시,화요일,전라남도 광양시 마동,경상사고,0,0,1,0,차대차 - 기타,안전운전불이행,건조,맑음,교차로 - 교차로부근,승용,남,56세,상해없음,승용,여,42세,경상
2022032900100434,2022년 3월 29일 19시,화요일,전라남도 여수시 선원동,경상사고,0,0,1,0,차대차 - 기타,신호위반,건조,맑음,교차로 - 교차로안,승용,여,50세,상해없음,이륜,남,43세,경상
2022032900100458,2022년 3월 29일 20시,화요일,전라남도 신안군 압해읍,사망사고,1,0,0,0,차량단독 - 공작물충돌,안전운전불이행,건조,흐림,단일로 - 기타,이륜,남,36세,사망,,,,
2022032900100459,2022년 3월 29일 20시,화요일,전라남도 순천시 인제동,중상사고,0,1,0,0,차대사람 - 기타,안전운전불이행,건조,맑음,교차로 - 교차로안,승용,남,63세,상해없음,보행자,남,63세,중상
2022032900100479,2022년 3월 29일 21시,화요일,전라남도 화순군 화순읍,경상사고,0,0,2,0,차대차 - 측면충돌,교차로운행방법위반,건조,맑음,교차로 - 교차로안,승합,남,64세,상해없음,승용,남,26세,경상
2022032900100496,2022년 3월 29일 22시,화요일,전라남도 목포시 죽교동,경상사고,0,0,4,0,차량단독 - 기타,안전운전불이행,건조,맑음,교차로 - 교차로안,승용,남,18세,상해없음,,,,
2022033000100033,2022년 3월 30일 06시,수요일,전라남도 여수시 신기동,경상사고,0,0,1,0,차대차 - 추돌,신호위반,건조,맑음,교차로 - 교차로안,승용,남,66세,상해없음,승용,남,44세,경상
2022033000100048,2022년 3월 30일 07시,수요일,전라남도 목포시 산정동,경상사고,0,0,1,0,차대차 - 측면충돌,신호위반,건조,맑음,교차로 - 교차로안,승용,남,63세,상해없음,승용,남,32세,경상
2022033000100070,2022년 3월 30일 08시,수요일,전라남도 여수시 안산동,경상사고,0,0,1,0,차대차 - 기타,안전운전불이행,건조,맑음,교차로 - 교차로부근,승용,여,40세,상해없음,승용,여,46세,경상
2022033000100071,2022년 3월 30일 08시,수요일,전라남도 나주시 대호동,중상사고,0,1,0,0,차량단독 - 전도전복 - 전도,안전운전불이행,건조,맑음,교차로 - 교차로안,원동기,남,86세,중상,,,,
2022033000100072,2022년 3월 30일 08시,수요일,전라남도 완도군 완도읍,경상사고,0,0,3,0,차대차 - 측면충돌,안전운전불이행,건조,맑음,교차로 - 교차로부근,승용,남,73세,상해없음,승용,여,40세,경상
2022033000100101,2022년 3월 30일 09시,수요일,전라남도 목포시 용해동,경상사고,0,0,1,0,차대차 - 측면충돌,안전운전불이행,건조,맑음,교차로 - 교차로부근,화물,남,47세,상해없음,자전거,남,15세,경상
2022033000100121,2022년 3월 30일 10시,수요일,전라남도 광양시 중동,경상사고,0,0,1,0,차대차 - 측면충돌,안전거리미확보,건조,맑음,단일로 - 기타,화물,여,54세,상해없음,승용,여,63세,경상
2022033000100150,2022년 3월 30일 11시,수요일,전라남도 완도군 완도읍,경상사고,0,0,1,0,차대차 - 측면충돌,교차로운행방법위반,건조,맑음,교차로 - 교차로안,특수,남,21세,상해없음,승용,여,40세,경상
2022033000100201,2022년 3월 30일 13시,수요일,전라남도 목포시 죽교동,경상사고,0,0,2,0,차대차 - 측면충돌,안전운전불이행,건조,맑음,단일로 - 기타,승용,남,64세,경상,승용,남,65세,경상
2022033000100202,2022년 3월 30일 13시,수요일,전라남도 순천시 홍내동,경상사고,0,0,3,0,차대차 - 측면충돌,신호위반,건조,맑음,교차로 - 교차로안,승용,남,64세,경상,승용,남,72세,경상
2022033000100203,2022년 3월 30일 13시,수요일,전라남도 보성군 미력면,중상사고,0,1,0,0,차대차 - 측면충돌,직진우회전진행방해,건조,맑음,교차로 - 교차로안,화물,남,63세,상해없음,자전거,여,36세,중상
2022033000100204,2022년 3월 30일 13시,수요일,전라남도 강진군 성전면,경상사고,0,0,2,0,차대차 - 추돌,안전운전불이행,건조,맑음,단일로 - 기타,건설기계,남,60세,상해없음,승용,여,62세,경상
2022033000100228,2022년 3월 30일 14시,수요일,전라남도 목포시 용해동,중상사고,0,1,1,0,차대차 - 측면충돌,신호위반,건조,맑음,교차로 - 교차로부근,이륜,남,70세,경상,승용,여,21세,상해없음
2022033000100229,2022년 3월 30일 14시,수요일,전라남도 여수시 화장동,중상사고,0,1,0,0,차대차 - 측면충돌,안전운전불이행,건조,맑음,교차로 - 교차로안,승용,여,62세,상해없음,화물,남,53세,상해없음
2022033000100230,2022년 3월 30일 14시,수요일,전라남도 순천시 해룡면,경상사고,0,0,1,0,차대차 - 측면충돌,신호위반,건조,맑음,교차로 - 교차로안,화물,남,25세,상해없음,승용,여,41세,경상
2022033000100231,2022년 3월 30일 14시,수요일,전라남도 화순군 화순읍,경상사고,0,0,1,0,차대차 - 측면충돌,안전거리미확보,건조,맑음,단일로 - 기타,승용,여,26세,상해없음,승용,남,62세,경상
2022033000100277,2022년 3월 30일 15시,수요일,전라남도 장흥군 관산읍,경상사고,0,0,2,0,차대차 - 기타,교차로운행방법위반,건조,기타,교차로 - 교차로안,승용,여,48세,경상,이륜,남,72세,경상
2022033000100326,2022년 3월 30일 17시,수요일,전라남도 순천시 서면,중상사고,0,1,0,0,차대차 - 기타,교차로운행방법위반,건조,맑음,교차로 - 교차로안,승용,여,56세,상해없음,이륜,남,26세,중상
2022033000100327,2022년 3월 30일 17시,수요일,전라남도 담양군 담양읍,경상사고,0,0,6,0,차대차 - 측면충돌,직진우회전진행방해,건조,맑음,교차로 - 교차로안,승용,남,81세,경상,승용,남,54세,경상
2022033000100328,2022년 3월 30일 17시,수요일,전라남도 무안군 일로읍,중상사고,0,1,0,0,차대차 - 추돌,중앙선침범,건조,맑음,단일로 - 기타,승용,남,37세,상해없음,농기계,남,82세,중상
2022033000100363,2022년 3월 30일 18시,수요일,전라남도 강진군 군동면,경상사고,0,0,1,0,차대차 - 측면충돌,교차로운행방법위반,건조,맑음,교차로 - 교차로안,화물,남,70세,상해없음,승용,여,23세,경상
2022033000100445,2022년 3월 30일 21시,수요일,전라남도 목포시 용당동,경상사고,0,0,1,0,차대사람 - 횡단중,안전운전불이행,건조,맑음,단일로 - 기타,승용,남,49세,상해없음,보행자,남,28세,경상
2022033000100446,2022년 3월 30일 21시,수요일,전라남도 장성군 황룡면,경상사고,0,0,2,0,차대차 - 기타,안전운전불이행,건조,맑음,교차로 - 교차로안,화물,남,53세,상해없음,승용,남,28세,경상
2022033000100447,2022년 3월 30일 21시,수요일,전라남도 진도군 진도읍,중상사고,0,1,0,0,차대차 - 정면충돌,중앙선침범,젖음/습기,맑음,교차로 - 교차로안,승용,여,67세,상해없음,화물,남,57세,중상
2022033100100012,2022년 3월 31일 01시,목요일,전라남도 순천시 가곡동,중상사고,0,1,0,0,차량단독 - 기타,안전운전불이행,기타,맑음,단일로 - 기타,승용,남,50세,상해없음,,,,
2022033100100047,2022년 3월 31일 07시,목요일,전라남도 순천시 승주읍,경상사고,0,0,2,0,차대차 - 측면충돌,교차로운행방법위반,건조,맑음,교차로 - 교차로안,화물,남,71세,상해없음,승용,여,49세,경상
2022033100100090,2022년 3월 31일 09시,목요일,전라남도 장흥군 장평면,경상사고,0,0,1,0,차대차 - 측면충돌,교차로운행방법위반,건조,맑음,교차로 - 교차로안,화물,남,71세,상해없음,원동기,남,39세,경상
2022033100100091,2022년 3월 31일 09시,목요일,전라남도 광양시 광양읍,경상사고,0,0,2,0,차대차 - 측면충돌,안전운전불이행,건조,맑음,단일로 - 기타,화물,남,52세,경상,화물,남,25세,경상
2022033100100111,2022년 3월 31일 10시,목요일,전라남도 고흥군 금산면,경상사고,0,0,1,0,차대차 - 기타,안전운전불이행,건조,맑음,단일로 - 기타,이륜,남,20세,경상,화물,남,55세,상해없음
2022033100100112,2022년 3월 31일 10시,목요일,전라남도 곡성군 곡성읍,중상사고,0,2,1,0,차대차 - 추돌,안전운전불이행,건조,흐림,교차로 - 교차로부근,승용,남,69세,상해없음,승용,여,49세,경상
2022033100100141,2022년 3월 31일 11시,목요일,전라남도 목포시 용해동,경상사고,0,0,1,1,차대차 - 측면충돌,신호위반,건조,맑음,교차로 - 교차로안,이륜,남,32세,부상신고,승용,남,43세,경상
2022033100100142,2022년 3월 31일 11시,목요일,전라남도 담양군 담양읍,중상사고,0,1,0,0,차대사람 - 기타,기타,건조,맑음,단일로 - 기타,승용,여,52세,상해없음,보행자,여,43세,중상
2022033100100164,2022년 3월 31일 12시,목요일,전라남도 여수시 학동,경상사고,0,0,1,0,차대차 - 기타,안전거리미확보,건조,맑음,단일로 - 기타,승용,여,42세,상해없음,승용,여,53세,경상
2022033100100165,2022년 3월 31일 12시,목요일,전라남도 순천시 조례동,경상사고,0,0,1,0,차대차 - 기타,중앙선침범,건조,맑음,단일로 - 기타,승용,여,59세,상해없음,승용,여,33세,경상
2022033100100166,2022년 3월 31일 12시,목요일,전라남도 순천시 연향동,경상사고,0,0,1,0,차대차 - 추돌,안전운전불이행,건조,맑음,단일로 - 기타,승용,남,26세,상해없음,승용,남,26세,경상
2022033100100167,2022년 3월 31일 12시,목요일,전라남도 보성군 회천면,경상사고,0,0,1,0,차대차 - 측면충돌,안전운전불이행,건조,맑음,기타 - 기타,승합,여,66세,상해없음,화물,남,91세,경상
2022033100100168,2022년 3월 31일 12시,목요일,전라남도 완도군 완도읍,경상사고,0,0,1,0,차대차 - 기타,안전운전불이행,건조,맑음,단일로 - 기타,승용,남,66세,상해없음,화물,남,27세,경상
2022033100100192,2022년 3월 31일 13시,목요일,전라남도 여수시 남면,중상사고,0,1,1,0,차량단독 - 전도전복 - 전도,안전운전불이행,건조,맑음,단일로 - 기타,사륜오토바이(ATV),남,74세,중상,,,,
2022033100100193,2022년 3월 31일 13시,목요일,전라남도 강진군 강진읍,중상사고,0,1,1,0,차대차 - 측면충돌,안전운전불이행,건조,맑음,교차로 - 교차로부근,화물,남,78세,상해없음,승합,남,55세,상해없음
2022033100100285,2022년 3월 31일 16시,목요일,전라남도 목포시 옥암동,경상사고,0,0,1,1,차대차 - 측면충돌,안전운전불이행,건조,맑음,교차로 - 교차로안,승용,여,41세,부상신고,승용,남,43세,경상
2022033100100286,2022년 3월 31일 16시,목요일,전라남도 무안군 삼향읍,경상사고,0,0,2,0,차대차 - 추돌,안전거리미확보,건조,맑음,단일로 - 기타,화물,남,42세,상해없음,승용,여,46세,경상
2022033100100316,2022년 3월 31일 17시,목요일,전라남도 여수시 광무동,경상사고,0,0,1,0,차대차 - 기타,안전운전불이행,건조,맑음,단일로 - 기타,화물,남,34세,상해없음,승용,남,36세,경상
2022033100100317,2022년 3월 31일 17시,목요일,전라남도 무안군 삼향읍,경상사고,0,0,1,0,차대차 - 기타,안전운전불이행,건조,맑음,교차로 - 교차로안,이륜,남,28세,경상,승용,여,51세,상해없음
2022033100100356,2022년 3월 31일 18시,목요일,전라남도 여수시 안산동,경상사고,0,0,1,0,차대사람 - 기타,안전운전불이행,건조,맑음,기타 - 기타,승용,여,31세,상해없음,보행자,남,3세,경상
2022033100100357,2022년 3월 31일 18시,목요일,전라남도 화순군 도곡면,중상사고,0,1,1,0,차대차 - 측면충돌,신호위반,건조,맑음,교차로 - 교차로안,승용,남,30세,경상,승용,남,43세,중상
2022033100100393,2022년 3월 31일 19시,목요일,전라남도 순천시 주암면,사망사고,1,0,0,0,차대사람 - 기타,안전운전불이행,건조,맑음,교차로 - 교차로부근,승용,여,53세,상해없음,보행자,남,62세,사망
2022033100100394,2022년 3월 31일 19시,목요일,전라남도 순천시 연향동,경상사고,0,0,1,0,차대차 - 측면충돌,안전거리미확보,건조,맑음,단일로 - 기타,화물,남,37세,상해없음,승용,여,44세,경상
2022033100100395,2022년 3월 31일 19시,목요일,전라남도 무안군 삼향읍,중상사고,0,3,2,1,차대차 - 기타,신호위반,건조,맑음,교차로 - 교차로안,승용,남,51세,부상신고,승용,남,42세,중상
2022033100100396,2022년 3월 31일 19시,목요일,전라남도 광양시 도이동,중상사고,0,1,0,0,차대사람 - 차도통행중,교차로운행방법위반,건조,맑음,교차로 - 교차로안,승용,남,44세,상해없음,보행자,여,86세,중상
2022033100100397,2022년 3월 31일 19시,목요일,전라남도 무안군 몽탄면,경상사고,0,0,4,0,차대차 - 추돌,안전운전불이행,건조,맑음,단일로 - 기타,승용,남,19세,상해없음,승용,여,68세,경상
2022033100100442,2022년 3월 31일 21시,목요일,전라남도 목포시 산정동,중상사고,0,1,0,0,차대사람 - 차도통행중,안전운전불이행,건조,맑음,교차로 - 교차로부근,승용,여,57세,상해없음,보행자,남,33세,중상
2022033100100443,2022년 3월 31일 21시,목요일,전라남도 나주시 노안면,중상사고,0,2,0,0,차대차 - 측면충돌,안전운전불이행,건조,맑음,단일로 - 기타,승용,남,48세,중상,승용,여,58세,중상
2022033100100466,2022년 3월 31일 22시,목요일,전라남도 목포시 상동,경상사고,0,0,1,0,차대사람 - 횡단중,안전운전불이행,건조,맑음,교차로 - 교차로부근,승용,남,67세,상해없음,보행자,남,28세,경상
2022033100100487,2022년 3월 31일 23시,목요일,전라남도 장성군 북이면,경상사고,0,0,2,0,차대차 - 추돌,안전운전불이행,건조,맑음,단일로 - 기타,승용,남,63세,경상,승용,남,36세,상해없음
2022040100100008,2022년 4월 1일 00시,금요일,전라남도 담양군 수북면,경상사고,0,0,2,0,차대차 - 추돌,안전거리미확보,건조,맑음,교차로 - 교차로안,화물,남,43세,상해없음,승용,남,55세,경상
2022040100100026,2022년 4월 1일 05시,금요일,전라남도 순천시 야흥동,중상사고,0,1,0,0,차대차 - 추돌,안전운전불이행,건조,맑음,단일로 - 기타,화물,남,79세,상해없음,농기계,남,75세,중상
2022040100100047,2022년 4월 1일 07시,금요일,전라남도 순천시 가곡동,중상사고,0,1,0,0,차량단독 - 기타,안전운전불이행,건조,맑음,단일로 - 기타,화물,여,61세,중상,,,,
2022040100100048,2022년 4월 1일 07시,금요일,전라남도 강진군 강진읍,중상사고,0,1,0,0,차대차 - 측면충돌,직진우회전진행방해,건조,맑음,교차로 - 교차로안,이륜,남,84세,중상,승용,여,61세,상해없음
2022040100100102,2022년 4월 1일 09시,금요일,전라남도 장흥군 장평면,중상사고,0,6,8,0,차대차 - 측면충돌,안전운전불이행,건조,맑음,교차로 - 교차로안,승합,남,50세,경상,건설기계,남,52세,경상
2022040100100182,2022년 4월 1일 12시,금요일,전라남도 목포시 용당동,경상사고,0,0,1,0,차대차 - 기타,안전거리미확보,건조,맑음,교차로 - 교차로부근,이륜,남,22세,경상,승용,여,45세,상해없음
2022040100100183,2022년 4월 1일 12시,금요일,전라남도 담양군 담양읍,중상사고,0,1,0,0,차대차 - 기타,중앙선침범,건조,맑음,교차로 - 교차로부근,자전거,여,75세,중상,건설기계,남,55세,상해없음
2022040100100184,2022년 4월 1일 12시,금요일,전라남도 구례군 광의면,경상사고,0,0,1,0,차량단독 - 공작물충돌,안전운전불이행,건조,맑음,단일로 - 기타,이륜,남,28세,경상,,,,
2022040100100212,2022년 4월 1일 13시,금요일,전라남도 구례군 구례읍,경상사고,0,0,3,0,차대차 - 측면충돌,직진우회전진행방해,건조,맑음,교차로 - 교차로안,승용,여,55세,상해없음,승용,남,54세,경상
2022040100100237,2022년 4월 1일 14시,금요일,전라남도 목포시 용당동,경상사고,0,0,1,0,차대차 - 기타,안전운전불이행,건조,맑음,교차로 - 교차로안,승용,여,65세,경상,이륜,남,34세,상해없음
2022040100100264,2022년 4월 1일 15시,금요일,전라남도 구례군 마산면,경상사고,0,0,1,0,차대사람 - 기타,안전운전불이행,건조,맑음,교차로 - 교차로부근,승용,남,54세,상해없음,보행자,남,54세,경상
2022040100100296,2022년 4월 1일 16시,금요일,전라남도 목포시 용해동,경상사고,0,0,3,0,차대차 - 측면충돌,신호위반,건조,맑음,교차로 - 교차로안,승용,남,70세,상해없음,승용,남,68세,경상
2022040100100340,2022년 4월 1일 17시,금요일,전라남도 나주시 빛가람동,경상사고,0,0,2,0,차대차 - 측면충돌,안전운전불이행,건조,맑음,교차로 - 교차로부근,승용,여,39세,경상,승용,여,25세,경상
2022040100100341,2022년 4월 1일 17시,금요일,전라남도 해남군 화원면,경상사고,0,0,1,0,차대차 - 측면충돌,중앙선침범,건조,맑음,단일로 - 기타,화물,남,61세,상해없음,승용,여,50세,상해없음
2022040100100387,2022년 4월 1일 18시,금요일,전라남도 목포시 산정동,경상사고,0,0,1,0,차대사람 - 기타,안전운전불이행,건조,맑음,단일로 - 기타,승용,여,51세,상해없음,보행자,남,44세,경상
2022040100100388,2022년 4월 1일 18시,금요일,전라남도 목포시 용해동,경상사고,0,0,2,0,차대차 - 기타,안전운전불이행,건조,맑음,단일로 - 기타,승용,여,49세,상해없음,승용,남,30세,경상
2022040100100389,2022년 4월 1일 18시,금요일,전라남도 광양시 광양읍,경상사고,0,0,1,0,차대차 - 측면충돌,안전운전불이행,건조,맑음,교차로 - 교차로부근,이륜,남,31세,기타불명,승용,남,44세,경상
2022040100100419,2022년 4월 1일 19시,금요일,전라남도 순천시 연향동,경상사고,0,0,2,0,차대차 - 측면충돌,안전운전불이행,건조,맑음,교차로 - 교차로안,승용,남,26세,상해없음,승용,남,51세,경상
2022040100100420,2022년 4월 1일 19시,금요일,전라남도 무안군 삼향읍,경상사고,0,0,1,0,차대차 - 기타,교차로운행방법위반,건조,맑음,교차로 - 교차로부근,승용,여,27세,상해없음,승용,여,22세,경상
2022040100100462,2022년 4월 1일 20시,금요일,전라남도 순천시 연향동,경상사고,0,0,1,0,차대차 - 측면충돌,중앙선침범,건조,맑음,단일로 - 기타,승용,남,58세,상해없음,이륜,남,41세,경상
2022040100100463,2022년 4월 1일 20시,금요일,전라남도 순천시 풍덕동,경상사고,0,0,1,0,차대차 - 측면충돌,직진우회전진행방해,건조,맑음,교차로 - 교차로안,승용,남,69세,상해없음,승용,남,43세,경상
2022040100100502,2022년 4월 1일 21시,금요일,전라남도 여수시 신기동,경상사고,0,0,1,0,차대차 - 측면충돌,안전거리미확보,건조,맑음,단일로 - 기타,승용,여,58세,상해없음,승용,남,61세,경상