사고번호,사고일시,요일,시군구,사고내용,사망자수,중상자수,경상자수,부상신고자수,사고유형,법규위반,노면상태,기상상태,도로형태,가해운전자 차종,가해운전자 성별,가해운전자 연령,가해운전자 상해정도,피해운전자 차종,피해운전자 성별,피해운전자 연령,피해운전자 상해정도
2022040100100503,2022년 4월 1일 21시,금요일,전라남도 순천시 가곡동,중상사고,0,1,1,0,차대차 - 측면충돌,안전운전불이행,건조,맑음,교차로 - 교차로안,이륜,남,64세,중상,승용,남,21세,경상
2022040100100504,2022년 4월 1일 21시,금요일,전라남도 순천시 해룡면,경상사고,0,0,1,0,차량단독 - 기타,안전운전불이행,건조,맑음,단일로 - 기타,원동기,남,29세,경상,,,,
2022040100100522,2022년 4월 1일 22시,금요일,전라남도 장성군 장성읍,중상사고,0,1,1,0,차대차 - 추돌,안전운전불이행,건조,맑음,기타 - 기타,승합,남,52세,기타불명,화물,남,60세,중상
2022040100100547,2022년 4월 1일 23시,금요일,전라남도 광양시 광양읍,중상사고,0,1,0,0,차량단독 - 공작물충돌,안전운전불이행,건조,맑음,기타 - 기타,승용,남,45세,중상,,,,
2022040200100064,2022년 4월 2일 08시,토요일,전라남도 함평군 함평읍,경상사고,0,0,4,0,차대차 - 측면충돌,교차로운행방법위반,건조,맑음,교차로 - 교차로안,승용,남,55세,경상,화물,남,66세,경상
2022040200100122,2022년 4월 2일 10시,토요일,전라남도 목포시 호남동,경상사고,0,0,1,0,차대차 - 측면충돌,신호위반,건조,맑음,교차로 - 교차로안,승용,남,21세,상해없음,승용,남,44세,경상
2022040200100152,2022년 4월 2일 11시,토요일,전라남도 목포시 용해동,경상사고,0,0,3,0,차대차 - 기타,안전운전불이행,건조,맑음,단일로 - 기타,승용,남,62세,상해없음,승용,여,34세,경상
2022040200100153,2022년 4월 2일 11시,토요일,전라남도 여수시 율촌면,중상사고,0,1,0,0,차대차 - 측면충돌,중앙선침범,건조,맑음,단일로 - 기타,이륜,남,80세,중상,화물,남,50세,상해없음
2022040200100154,2022년 4월 2일 11시,토요일,전라남도 순천시 연향동,사망사고,1,0,0,0,차대차 - 기타,안전운전불이행,건조,맑음,교차로 - 교차로안,승용,남,40세,상해없음,이륜,남,47세,사망
2022040200100191,2022년 4월 2일 12시,토요일,전라남도 담양군 담양읍,경상사고,0,0,2,0,차대차 - 기타,안전운전불이행,건조,맑음,교차로 - 교차로안,이륜,남,76세,상해없음,화물,남,36세,경상
2022040200100192,2022년 4월 2일 12시,토요일,전라남도 광양시 옥룡면,사망사고,2,0,0,0,차량단독 - 도로외이탈 - 추락,안전운전불이행,건조,맑음,기타 - 기타,화물,남,63세,사망,,,,
2022040200100232,2022년 4월 2일 13시,토요일,전라남도 목포시 상동,경상사고,0,0,1,0,차대차 - 기타,안전운전불이행,건조,맑음,단일로 - 기타,승용,남,41세,상해없음,이륜,남,33세,경상
2022040200100265,2022년 4월 2일 14시,토요일,전라남도 여수시 서교동,경상사고,0,0,1,0,차대사람 - 차도통행중,안전운전불이행,건조,맑음,교차로 - 교차로부근,화물,남,70세,기타불명,보행자,여,78세,경상
2022040200100266,2022년 4월 2일 14시,토요일,전라남도 순천시 석현동,경상사고,0,0,1,0,차대차 - 기타,안전운전불이행,건조,맑음,교차로 - 교차로부근,승용,남,20세,상해없음,승용,여,28세,경상
2022040200100302,2022년 4월 2일 15시,토요일,전라남도 신안군 지도읍,경상사고,0,0,4,0,차대차 - 측면충돌,안전운전불이행,건조,맑음,교차로 - 교차로부근,승용,남,52세,상해없음,승용,남,54세,경상
2022040200100303,2022년 4월 2일 15시,토요일,전라남도 순천시 서면,경상사고,0,0,1,0,차대차 - 기타,안전운전불이행,건조,맑음,기타 - 기타,승용,남,67세,기타불명,승용,남,36세,경상
2022040200100304,2022년 4월 2일 15시,토요일,전라남도 화순군 화순읍,경상사고,0,0,1,0,차대차 - 후진중충돌,안전운전불이행,건조,맑음,주차장 - 주차장,승용,남,39세,상해없음,승용,여,29세,경상
2022040200100305,2022년 4월 2일 15시,토요일,전라남도 함평군 해보면,중상사고,0,1,0,0,차대사람 - 기타,안전운전불이행,건조,맑음,단일로 - 기타,승합,남,59세,상해없음,보행자,여,77세,중상
2022040200100306,2022년 4월 2일 15시,토요일,전라남도 담양군 용면,부상신고사고,0,0,0,1,차량단독 - 공작물충돌,안전운전불이행,건조,맑음,단일로 - 기타,승용,남,79세,부상신고,,,,
2022040200100349,2022년 4월 2일 16시,토요일,전라남도 목포시 상동,경상사고,0,0,4,0,차대차 - 후진중충돌,안전운전불이행,건조,맑음,단일로 - 기타,승용,여,55세,상해없음,승용,남,48세,경상
2022040200100350,2022년 4월 2일 16시,토요일,전라남도 영암군 군서면,중상사고,0,2,3,0,차대차 - 측면충돌,교차로운행방법위반,건조,맑음,교차로 - 교차로안,승용,남,30세,중상,승용,여,26세,경상
2022040200100385,2022년 4월 2일 17시,토요일,전라남도 목포시 상동,경상사고,0,0,5,0,차대차 - 기타,신호위반,건조,맑음,교차로 - 교차로안,승용,남,64세,상해없음,승용,남,21세,경상
2022040200100386,2022년 4월 2일 17시,토요일,전라남도 담양군 담양읍,경상사고,0,0,2,0,차대차 - 측면충돌,안전운전불이행,건조,맑음,교차로 - 교차로안,승용,남,22세,기타불명,승용,여,30세,경상
2022040200100426,2022년 4월 2일 18시,토요일,전라남도 여수시 소라면,중상사고,0,1,1,0,차량단독 - 공작물충돌,안전운전불이행,건조,맑음,단일로 - 기타,승용,여,54세,경상,,,,
2022040200100427,2022년 4월 2일 18시,토요일,전라남도 담양군 대전면,중상사고,0,1,0,0,차대차 - 측면충돌,중앙선침범,건조,맑음,교차로 - 교차로부근,자전거,여,10세,중상,화물,남,62세,상해없음
2022040200100455,2022년 4월 2일 19시,토요일,전라남도 순천시 해룡면,중상사고,0,1,0,0,차량단독 - 전도전복 - 전도,안전운전불이행,건조,맑음,단일로 - 기타,원동기,남,69세,중상,,,,
2022040200100484,2022년 4월 2일 20시,토요일,전라남도 나주시 삼영동,부상신고사고,0,0,0,1,차대차 - 추돌,안전운전불이행,건조,맑음,단일로 - 기타,승용,여,42세,부상신고,화물,남,48세,기타불명
2022040200100485,2022년 4월 2일 20시,토요일,전라남도 구례군 간전면,경상사고,0,0,2,0,차대차 - 측면충돌,불법유턴,건조,맑음,단일로 - 기타,화물,남,66세,상해없음,승용,여,53세,경상
2022040200100498,2022년 4월 2일 21시,토요일,전라남도 여수시 소라면,경상사고,0,0,2,0,차대차 - 추돌,안전운전불이행,건조,맑음,교차로 - 교차로부근,승용,남,53세,상해없음,승용,남,47세,경상
2022040200100499,2022년 4월 2일 21시,토요일,전라남도 순천시 매곡동,경상사고,0,0,2,0,차대차 - 측면충돌,안전운전불이행,건조,맑음,교차로 - 교차로안,승용,남,27세,상해없음,승용,남,51세,경상
2022040200100553,2022년 4월 2일 23시,토요일,전라남도 진도군 임회면,중상사고,0,1,0,0,차량단독 - 전도전복 - 전도,안전운전불이행,건조,맑음,단일로 - 기타,승용,남,53세,중상,,,,
2022040200100554,2022년 4월 2일 23시,토요일,전라남도 구례군 구례읍,경상사고,0,0,1,0,차대차 - 기타,안전운전불이행,건조,맑음,단일로 - 기타,승용,남,55세,상해없음,승용,남,51세,상해없음
2022040300100008,2022년 4월 3일 00시,일요일,전라남도 여수시 종화동,경상사고,0,0,1,0,차대사람 - 기타,안전운전불이행,건조,맑음,교차로 - 교차로안,승용,남,47세,상해없음,보행자,남,29세,경상
2022040300100009,2022년 4월 3일 00시,일요일,전라남도 순천시 풍덕동,경상사고,0,0,1,0,차대차 - 기타,안전운전불이행,건조,맑음,단일로 - 기타,승용,여,44세,상해없음,승용,남,27세,경상
2022040300100041,2022년 4월 3일 07시,일요일,전라남도 여수시 중앙동,중상사고,0,1,0,0,차대사람 - 횡단중,보행자보호의무위반,건조,맑음,교차로 - 교차로횡단보도내,승용,남,73세,상해없음,보행자,남,67세,중상
2022040300100085,2022년 4월 3일 11시,일요일,전라남도 목포시 옥암동,경상사고,0,0,7,1,차대차 - 추돌,안전운전불이행,건조,맑음,교차로 - 교차로부근,승용,남,36세,부상신고,승용,여,29세,경상
2022040300100086,2022년 4월 3일 11시,일요일,전라남도 여수시 신기동,경상사고,0,0,1,0,차대차 - 측면충돌,안전운전불이행,건조,맑음,교차로 - 교차로안,이륜,남,16세,상해없음,승용,남,62세,경상
2022040300100087,2022년 4월 3일 11시,일요일,전라남도 순천시 승주읍,경상사고,0,0,2,0,차량단독 - 공작물충돌,안전운전불이행,건조,맑음,단일로 - 기타,승용,여,31세,경상,,,,
2022040300100109,2022년 4월 3일 12시,일요일,전라남도 곡성군 곡성읍,경상사고,0,0,1,0,차대사람 - 기타,안전운전불이행,건조,맑음,단일로 - 기타,승용,남,61세,상해없음,보행자,여,53세,경상
2022040300100179,2022년 4월 3일 14시,일요일,전라남도 여수시 고소동,부상신고사고,0,0,0,1,차대사람 - 기타,안전운전불이행,건조,맑음,단일로 - 기타,화물,남,33세,상해없음,보행자,남,20세,부상신고
2022040300100180,2022년 4월 3일 14시,일요일,전라남도 순천시 연향동,부상신고사고,0,0,0,1,차대차 - 측면충돌,안전운전불이행,건조,맑음,교차로 - 교차로안,자전거,남,9세,부상신고,승용,남,28세,기타불명
2022040300100210,2022년 4월 3일 15시,일요일,전라남도 목포시 용해동,경상사고,0,0,2,0,차대차 - 측면충돌,안전운전불이행,건조,맑음,단일로 - 기타,승용,여,29세,경상,승용,남,55세,경상
2022040300100250,2022년 4월 3일 16시,일요일,전라남도 여수시 율촌면,경상사고,0,0,1,0,차대차 - 정면충돌,중앙선침범,건조,맑음,교차로 - 교차로안,승용,여,30세,상해없음,승용,남,51세,경상
2022040300100252,2022년 4월 3일 16시,일요일,전라남도 구례군 간전면,경상사고,0,0,4,0,차대차 - 추돌,안전운전불이행,건조,맑음,단일로 - 기타,승용,남,61세,상해없음,승용,여,38세,경상
2022040300100281,2022년 4월 3일 17시,일요일,전라남도 화순군 화순읍,경상사고,0,0,2,0,차대차 - 측면충돌,안전거리미확보,건조,맑음,단일로 - 기타,승용,남,27세,상해없음,승용,남,38세,경상
2022040300100282,2022년 4월 3일 17시,일요일,전라남도 담양군 봉산면,중상사고,0,1,0,0,차대차 - 측면충돌,안전운전불이행,건조,맑음,교차로 - 교차로안,자전거,여,80세,중상,승합,남,61세,상해없음
2022040300100312,2022년 4월 3일 18시,일요일,전라남도 여수시 소호동,부상신고사고,0,0,0,1,차량단독 - 공작물충돌,안전운전불이행,건조,맑음,단일로 - 기타,자전거,남,16세,부상신고,,,,
2022040300100342,2022년 4월 3일 19시,일요일,전라남도 나주시 다시면,사망사고,1,0,0,0,차대사람 - 차도통행중,안전운전불이행,건조,맑음,단일로 - 기타,승용,남,75세,상해없음,보행자,남,68세,사망
2022040300100343,2022년 4월 3일 19시,일요일,전라남도 구례군 산동면,중상사고,0,1,5,0,차대차 - 추돌,안전운전불이행,건조,맑음,기타 - 기타,승용,남,56세,상해없음,승용,남,45세,경상
2022040300100362,2022년 4월 3일 20시,일요일,전라남도 순천시 조례동,중상사고,0,1,0,0,차대차 - 측면충돌,직진우회전진행방해,건조,맑음,교차로 - 교차로안,승용,여,25세,상해없음,이륜,남,22세,중상
2022040300100383,2022년 4월 3일 21시,일요일,전라남도 목포시 영해동1가,경상사고,0,0,2,0,차대차 - 측면충돌,신호위반,건조,맑음,교차로 - 교차로안,승용,남,58세,상해없음,승용,남,37세,상해없음
2022040300100384,2022년 4월 3일 21시,일요일,전라남도 목포시 산정동,경상사고,0,0,1,0,차대차 - 정면충돌,안전운전불이행,건조,맑음,단일로 - 기타,승용,남,60세,상해없음,승용,여,32세,경상
2022040300100385,2022년 4월 3일 21시,일요일,전라남도 구례군 마산면,경상사고,0,0,1,0,차량단독 - 공작물충돌,안전운전불이행,건조,맑음,교차로 - 교차로안,화물,남,56세,경상,,,,
2022040300100427,2022년 4월 3일 23시,일요일,전라남도 광양시 봉강면,부상신고사고,0,0,0,1,차량단독 - 공작물충돌,안전운전불이행,건조,맑음,단일로 - 기타,승용,남,54세,부상신고,,,,
2022040400100007,2022년 4월 4일 00시,월요일,전라남도 목포시 옥암동,중상사고,0,1,4,0,차대차 - 기타,직진우회전진행방해,건조,기타,교차로 - 교차로안,승용,남,39세,경상,승용,남,60세,경상
2022040400100029,2022년 4월 4일 05시,월요일,전라남도 영암군 학산면,사망사고,1,0,0,0,차대사람 - 차도통행중,안전운전불이행,건조,맑음,단일로 - 기타,승용,남,63세,상해없음,보행자,남,42세,사망
2022040400100046,2022년 4월 4일 06시,월요일,전라남도 목포시 용해동,사망사고,1,0,0,0,차대차 - 측면충돌,기타,건조,맑음,교차로 - 교차로부근,승용,남,24세,상해없음,이륜,남,73세,사망
2022040400100064,2022년 4월 4일 07시,월요일,전라남도 목포시 옥암동,경상사고,0,0,1,0,차대차 - 추돌,안전운전불이행,건조,맑음,단일로 - 기타,승용,여,49세,상해없음,승용,여,60세,경상
2022040400100065,2022년 4월 4일 07시,월요일,전라남도 여수시 둔덕동,경상사고,0,0,1,0,차대차 - 측면충돌,안전운전불이행,건조,맑음,교차로 - 교차로부근,승용,남,71세,상해없음,승용,남,41세,경상
2022040400100066,2022년 4월 4일 07시,월요일,전라남도 진도군 진도읍,중상사고,0,1,0,0,차대차 - 정면충돌,교차로운행방법위반,건조,맑음,교차로 - 교차로안,승용,남,66세,상해없음,이륜,남,59세,중상
2022040400100103,2022년 4월 4일 08시,월요일,전라남도 장흥군 안양면,중상사고,0,3,1,0,차량단독 - 공작물충돌,안전운전불이행,건조,맑음,단일로 - 기타,승합,남,65세,상해없음,,,,
2022040400100143,2022년 4월 4일 09시,월요일,전라남도 광양시 중동,경상사고,0,0,2,0,차대차 - 측면충돌,교차로운행방법위반,건조,맑음,교차로 - 교차로안,승용,여,46세,상해없음,화물,남,74세,경상
2022040400100207,2022년 4월 4일 11시,월요일,전라남도 여수시 안산동,경상사고,0,0,1,0,차대차 - 측면충돌,안전운전불이행,건조,맑음,교차로 - 교차로안,승용,남,75세,상해없음,승용,남,40세,경상
2022040400100229,2022년 4월 4일 12시,월요일,전라남도 나주시 공산면,중상사고,0,1,0,0,차대사람 - 횡단중,안전운전불이행,건조,맑음,교차로 - 교차로안,화물,여,53세,상해없음,보행자,여,77세,중상
2022040400100230,2022년 4월 4일 12시,월요일,전라남도 구례군 간전면,중상사고,0,1,0,0,차대차 - 기타,직진우회전진행방해,건조,맑음,교차로 - 교차로안,승용,남,65세,상해없음,자전거,남,73세,중상
2022040400100256,2022년 4월 4일 13시,월요일,전라남도 해남군 해남읍,경상사고,0,0,1,0,차대차 - 측면충돌,직진우회전진행방해,건조,맑음,교차로 - 교차로안,승용,남,68세,상해없음,승용,남,33세,경상
2022040400100278,2022년 4월 4일 14시,월요일,전라남도 여수시 서교동,경상사고,0,0,1,0,차대사람 - 차도통행중,안전운전불이행,건조,맑음,단일로 - 기타,승용,여,48세,상해없음,보행자,여,79세,경상
2022040400100279,2022년 4월 4일 14시,월요일,전라남도 여수시 여서동,경상사고,0,0,1,0,차대차 - 기타,안전운전불이행,건조,맑음,기타 - 기타,승용,여,70세,상해없음,승용,여,62세,상해없음
2022040400100280,2022년 4월 4일 14시,월요일,전라남도 여수시 국동,경상사고,0,0,1,0,차대차 - 측면충돌,교차로운행방법위반,건조,맑음,교차로 - 교차로안,승용,남,61세,상해없음,승용,남,54세,상해없음
2022040400100281,2022년 4월 4일 14시,월요일,전라남도 여수시 안산동,중상사고,0,1,0,0,차대차 - 기타,교차로운행방법위반,건조,맑음,교차로 - 교차로안,승용,남,37세,상해없음,자전거,남,59세,중상
2022040400100312,2022년 4월 4일 15시,월요일,전라남도 여수시 돌산읍,사망사고,1,0,0,0,차대차 - 추돌,안전운전불이행,건조,맑음,단일로 - 기타,자전거,남,56세,사망,승용,여,64세,기타불명
2022040400100348,2022년 4월 4일 16시,월요일,전라남도 나주시 남외동,경상사고,0,0,1,0,차대차 - 기타,안전운전불이행,건조,맑음,단일로 - 기타,승용,여,29세,상해없음,자전거,남,7세,경상
2022040400100349,2022년 4월 4일 16시,월요일,전라남도 광양시 태인동,경상사고,0,0,1,0,차대차 - 측면충돌,교차로운행방법위반,건조,맑음,교차로 - 교차로안,특수,남,24세,상해없음,승용,남,29세,경상
2022040400100421,2022년 4월 4일 18시,월요일,전라남도 순천시 해룡면,경상사고,0,0,1,0,차대차 - 추돌,안전운전불이행,건조,맑음,단일로 - 기타,화물,남,45세,상해없음,이륜,남,53세,경상
2022040400100422,2022년 4월 4일 18시,월요일,전라남도 순천시 별량면,경상사고,0,0,1,0,차량단독 - 전도전복 - 전도,안전운전불이행,건조,맑음,단일로 - 기타,이륜,남,69세,경상,,,,
2022040400100424,2022년 4월 4일 18시,월요일,전라남도 화순군 화순읍,경상사고,0,0,2,0,차대차 - 추돌,안전운전불이행,건조,맑음,교차로 - 교차로부근,승용,남,27세,상해없음,승용,여,42세,경상
2022040400100538,2022년 4월 4일 23시,월요일,전라남도 순천시 연향동,경상사고,0,0,1,0,차대차 - 측면충돌,신호위반,건조,맑음,교차로 - 교차로안,승용,남,47세,상해없음,승용,남,45세,상해없음
2022040400100539,2022년 4월 4일 23시,월요일,전라남도 나주시 빛가람동,중상사고,0,1,0,0,차대차 - 측면충돌,안전운전불이행,건조,맑음,교차로 - 교차로횡단보도내,개인형이동수단(PM),여,26세,중상,승용,여,27세,상해없음
2022040500100032,2022년 4월 5일 05시,화요일,전라남도 여수시 웅천동,사망사고,1,0,0,0,차대사람 - 차도통행중,안전운전불이행,건조,맑음,단일로 - 기타,승용,남,53세,상해없음,보행자,남,73세,사망
2022040500100041,2022년 4월 5일 06시,화요일,전라남도 순천시 조례동,경상사고,0,0,2,0,차대차 - 기타,안전거리미확보,건조,맑음,단일로 - 기타,승용,남,66세,경상,화물,남,34세,경상
2022040500100056,2022년 4월 5일 07시,화요일,전라남도 완도군 신지면,중상사고,0,1,0,0,차대차 - 기타,중앙선침범,건조,맑음,단일로 - 기타,승용,남,60세,상해없음,승용,여,74세,중상
2022040500100089,2022년 4월 5일 08시,화요일,전라남도 여수시 소라면,사망사고,1,0,0,0,차대차 - 기타,안전거리미확보,건조,맑음,단일로 - 기타,자전거,남,81세,사망,화물,남,49세,상해없음
2022040500100090,2022년 4월 5일 08시,화요일,전라남도 여수시 안산동,경상사고,0,0,1,0,차대사람 - 기타,안전운전불이행,건조,맑음,단일로 - 기타,승용,여,32세,상해없음,보행자,여,16세,경상
2022040500100091,2022년 4월 5일 08시,화요일,전라남도 영암군 신북면,경상사고,0,0,6,0,차대차 - 정면충돌,안전거리미확보,건조,맑음,단일로 - 기타,화물,남,70세,경상,화물,남,41세,경상
2022040500100125,2022년 4월 5일 09시,화요일,전라남도 장성군 삼서면,사망사고,1,0,0,0,차대차 - 기타,안전운전불이행,건조,맑음,단일로 - 기타,화물,남,33세,상해없음,이륜,남,58세,사망
2022040500100155,2022년 4월 5일 10시,화요일,전라남도 순천시 인제동,경상사고,0,0,1,0,차대차 - 측면충돌,안전거리미확보,건조,맑음,교차로 - 교차로부근,승용,남,74세,상해없음,승용,남,41세,경상
2022040500100183,2022년 4월 5일 11시,화요일,전라남도 순천시 용당동,경상사고,0,0,1,0,차대차 - 측면충돌,안전거리미확보,건조,맑음,교차로 - 교차로안,승용,남,56세,상해없음,승용,남,64세,경상
2022040500100184,2022년 4월 5일 11시,화요일,전라남도 장흥군 용산면,중상사고,0,1,0,0,차대사람 - 차도통행중,직진우회전진행방해,건조,맑음,교차로 - 교차로안,승용,남,66세,상해없음,보행자,여,83세,중상
2022040500100185,2022년 4월 5일 11시,화요일,전라남도 구례군 구례읍,경상사고,0,0,4,0,차대차 - 기타,안전운전불이행,건조,맑음,단일로 - 기타,승용,여,61세,경상,승용,여,44세,경상
2022040500100226,2022년 4월 5일 12시,화요일,전라남도 목포시 산정동,경상사고,0,0,1,0,차대차 - 기타,중앙선침범,건조,맑음,기타 - 기타,승용,남,23세,상해없음,승용,남,44세,경상
2022040500100227,2022년 4월 5일 12시,화요일,전라남도 광양시 진월면,경상사고,0,0,2,0,차대차 - 측면충돌,신호위반,건조,맑음,기타 - 기타,승용,남,46세,기타불명,승용,여,29세,경상
2022040500100257,2022년 4월 5일 13시,화요일,전라남도 장흥군 장동면,중상사고,0,1,0,0,차대차 - 측면충돌,중앙선침범,건조,맑음,교차로 - 교차로안,농기계,남,36세,상해없음,이륜,남,79세,중상
2022040500100258,2022년 4월 5일 13시,화요일,전라남도 고흥군 도덕면,경상사고,0,0,1,1,차대차 - 기타,안전운전불이행,건조,맑음,교차로 - 교차로안,승용,남,71세,상해없음,승합,남,63세,상해없음
2022040500100259,2022년 4월 5일 13시,화요일,전라남도 보성군 벌교읍,사망사고,1,0,0,0,차량단독 - 전도전복 - 전도,안전운전불이행,건조,맑음,교차로 - 교차로안,기타불명,남,80세,사망,,,,
2022040500100260,2022년 4월 5일 13시,화요일,전라남도 강진군 군동면,부상신고사고,0,0,0,1,차대차 - 기타,안전운전불이행,건조,맑음,단일로 - 기타,이륜,남,60세,부상신고,화물,남,49세,상해없음
2022040500100288,2022년 4월 5일 14시,화요일,전라남도 장흥군 장동면,부상신고사고,0,0,0,1,차대차 - 추돌,안전운전불이행,건조,맑음,단일로 - 기타,화물,남,63세,부상신고,승용,남,67세,상해없음
2022040500100318,2022년 4월 5일 15시,화요일,전라남도 해남군 계곡면,경상사고,0,0,1,0,차대차 - 기타,기타,기타,기타,단일로 - 기타,화물,남,41세,상해없음,승용,여,49세,경상
2022040500100351,2022년 4월 5일 16시,화요일,전라남도 곡성군 죽곡면,사망사고,1,0,0,0,차대차 - 추돌,안전운전불이행,건조,맑음,단일로 - 기타,이륜,남,79세,사망,건설기계,기타불명,미분류,기타불명
2022040500100382,2022년 4월 5일 17시,화요일,전라남도 해남군 삼산면,중상사고,0,2,1,0,차대차 - 정면충돌,중앙선침범,건조,맑음,단일로 - 기타,승용,남,65세,중상,화물,남,65세,경상
2022040500100383,2022년 4월 5일 17시,화요일,전라남도 완도군 완도읍,경상사고,0,0,1,0,차대차 - 추돌,안전운전불이행,건조,맑음,교차로 - 교차로안,승용,남,54세,상해없음,승용,여,38세,경상
2022040500100422,2022년 4월 5일 18시,화요일,전라남도 담양군 담양읍,경상사고,0,0,1,0,차대차 - 측면충돌,안전운전불이행,건조,맑음,교차로 - 교차로안,승용,남,65세,상해없음,승용,여,58세,경상
2022040500100457,2022년 4월 5일 19시,화요일,전라남도 여수시 연등동,중상사고,0,1,0,0,차대사람 - 횡단중,안전운전불이행,건조,맑음,단일로 - 기타,승용,남,51세,상해없음,보행자,남,66세,중상
2022040500100480,2022년 4월 5일 20시,화요일,전라남도 나주시 빛가람동,경상사고,0,0,1,0,차대사람 - 기타,안전운전불이행,건조,맑음,교차로 - 교차로부근,승용,남,49세,상해없음,보행자,남,51세,경상
2022040500100559,2022년 4월 5일 23시,화요일,전라남도 해남군 송지면,중상사고,0,1,0,1,차량단독 - 공작물충돌,안전운전불이행,건조,맑음,단일로 - 기타,화물,남,61세,부상신고,,,,
2022040600100007,2022년 4월 6일 00시,수요일,전라남도 목포시 죽교동,경상사고,0,0,2,0,차대차 - 기타,중앙선침범,건조,맑음,교차로 - 교차로부근,승용,남,18세,상해없음,승용,남,43세,경상
2022040600100045,2022년 4월 6일 06시,수요일,전라남도 화순군 동복면,경상사고,0,0,1,0,차대차 - 측면충돌,안전운전불이행,건조,맑음,단일로 - 기타,승용,남,21세,상해없음,화물,남,55세,상해없음
2022040600100086,2022년 4월 6일 08시,수요일,전라남도 장흥군 장흥읍,경상사고,0,0,2,0,차대차 - 기타,교차로운행방법위반,건조,맑음,교차로 - 교차로안,이륜,남,75세,경상,승용,남,34세,상해없음
2022040600100113,2022년 4월 6일 09시,수요일,전라남도 해남군 현산면,중상사고,0,1,0,0,차대차 - 측면충돌,안전운전불이행,건조,맑음,교차로 - 교차로안,화물,남,50세,상해없음,이륜,남,82세,중상
2022040600100136,2022년 4월 6일 10시,수요일,전라남도 목포시 옥암동,경상사고,0,0,1,0,차대차 - 후진중충돌,안전운전불이행,건조,맑음,단일로 - 기타,승합,남,61세,상해없음,화물,남,39세,경상
2022040600100164,2022년 4월 6일 11시,수요일,전라남도 광양시 광양읍,중상사고,0,1,1,0,차대차 - 측면충돌,교차로운행방법위반,건조,맑음,교차로 - 교차로안,특수,남,60세,기타불명,승용,남,23세,중상
2022040600100190,2022년 4월 6일 12시,수요일,전라남도 여수시 여서동,중상사고,0,1,0,0,차대사람 - 횡단중,안전운전불이행,건조,맑음,단일로 - 기타,승용,여,61세,상해없음,보행자,여,53세,중상
2022040600100191,2022년 4월 6일 12시,수요일,전라남도 장성군 장성읍,중상사고,0,1,0,0,차대차 - 측면충돌,안전운전불이행,건조,맑음,교차로 - 교차로안,승용,남,54세,상해없음,자전거,여,74세,중상
2022040600100192,2022년 4월 6일 12시,수요일,전라남도 강진군 칠량면,경상사고,0,0,1,1,차대차 - 추돌,안전운전불이행,건조,맑음,단일로 - 기타,화물,남,71세,부상신고,화물,남,48세,경상
2022040600100219,2022년 4월 6일 13시,수요일,전라남도 목포시 연산동,중상사고,0,1,0,0,차대차 - 측면충돌,안전운전불이행,건조,맑음,단일로 - 기타,이륜,남,75세,중상,승용,남,70세,상해없음
2022040600100220,2022년 4월 6일 13시,수요일,전라남도 보성군 문덕면,경상사고,0,0,3,0,차대차 - 기타,안전운전불이행,건조,맑음,주차장 - 주차장,승용,여,69세,상해없음,승용,남,44세,기타불명
2022040600100240,2022년 4월 6일 14시,수요일,전라남도 목포시 호남동,중상사고,0,1,1,0,차대차 - 추돌,안전운전불이행,건조,맑음,단일로 - 기타,승용,남,63세,상해없음,승용,여,59세,중상
2022040600100241,2022년 4월 6일 14시,수요일,전라남도 목포시 석현동,경상사고,0,0,4,0,차대차 - 측면충돌,안전운전불이행,건조,맑음,교차로 - 교차로안,승용,남,75세,상해없음,승용,여,41세,경상
2022040600100242,2022년 4월 6일 14시,수요일,전라남도 여수시 율촌면,중상사고,0,2,1,0,차대차 - 기타,안전운전불이행,건조,맑음,단일로 - 기타,화물,남,50세,상해없음,승용,남,47세,중상
2022040600100312,2022년 4월 6일 16시,수요일,전라남도 여수시 신기동,경상사고,0,0,2,0,차대차 - 측면충돌,신호위반,건조,맑음,단일로 - 기타,이륜,남,23세,경상,승용,남,36세,경상
2022040600100355,2022년 4월 6일 17시,수요일,전라남도 순천시 조례동,경상사고,0,0,2,0,차대차 - 기타,안전거리미확보,건조,맑음,교차로 - 교차로안,승용,남,74세,상해없음,승용,여,36세,경상
2022040600100356,2022년 4월 6일 17시,수요일,전라남도 해남군 문내면,경상사고,0,0,1,0,차대차 - 측면충돌,교차로운행방법위반,건조,맑음,교차로 - 교차로안,사륜오토바이(ATV),남,80세,기타불명,화물,남,39세,경상
2022040600100357,2022년 4월 6일 17시,수요일,전라남도 담양군 봉산면,경상사고,0,0,1,0,차량단독 - 기타,안전운전불이행,건조,맑음,단일로 - 기타,사륜오토바이(ATV),남,80세,경상,,,,
2022040600100358,2022년 4월 6일 17시,수요일,전라남도 곡성군 곡성읍,경상사고,0,0,1,0,차대차 - 추돌,안전운전불이행,건조,맑음,교차로 - 교차로안,승용,여,35세,상해없음,승용,여,59세,경상
2022040600100405,2022년 4월 6일 18시,수요일,전라남도 목포시 옥암동,경상사고,0,0,1,0,차대차 - 정면충돌,교차로운행방법위반,건조,맑음,교차로 - 교차로부근,승용,남,70세,상해없음,이륜,남,24세,경상
2022040600100406,2022년 4월 6일 18시,수요일,전라남도 목포시 상동,경상사고,0,0,2,0,차대차 - 측면충돌,안전운전불이행,건조,맑음,교차로 - 교차로부근,승용,남,63세,경상,승용,남,61세,경상