사고번호,사고일시,요일,시군구,사고내용,사망자수,중상자수,경상자수,부상신고자수,사고유형,법규위반,노면상태,기상상태,도로형태,가해운전자 차종,가해운전자 성별,가해운전자 연령,가해운전자 상해정도,피해운전자 차종,피해운전자 성별,피해운전자 연령,피해운전자 상해정도
2022040600100407,2022년 4월 6일 18시,수요일,전라남도 여수시 오림동,경상사고,0,0,1,0,차대차 - 추돌,신호위반,건조,맑음,교차로 - 교차로안,승합,남,71세,상해없음,승용,여,27세,경상
2022040600100441,2022년 4월 6일 19시,수요일,전라남도 순천시 서면,중상사고,0,1,0,0,차대사람 - 기타,안전운전불이행,건조,기타,단일로 - 기타,승합,남,38세,기타불명,보행자,남,46세,중상
2022040600100479,2022년 4월 6일 20시,수요일,전라남도 장성군 황룡면,경상사고,0,0,1,0,차대차 - 후진중충돌,안전운전불이행,건조,맑음,단일로 - 기타,화물,남,66세,상해없음,승용,남,45세,경상
2022040600100503,2022년 4월 6일 21시,수요일,전라남도 순천시 조례동,경상사고,0,0,1,0,차대사람 - 기타,안전운전불이행,건조,기타,단일로 - 기타,승용,남,30세,상해없음,보행자,남,40세,경상
2022040600100504,2022년 4월 6일 21시,수요일,전라남도 장성군 장성읍,경상사고,0,0,1,0,차대차 - 추돌,안전운전불이행,건조,맑음,단일로 - 기타,승용,남,56세,상해없음,승용,여,60세,경상
2022040600100523,2022년 4월 6일 22시,수요일,전라남도 담양군 담양읍,경상사고,0,0,1,0,차대차 - 측면충돌,기타,건조,맑음,단일로 - 기타,승용,남,24세,상해없음,승용,남,39세,경상
2022040600100524,2022년 4월 6일 22시,수요일,전라남도 진도군 진도읍,부상신고사고,0,0,0,1,차대사람 - 기타,안전운전불이행,건조,맑음,단일로 - 기타,승용,남,38세,상해없음,보행자,남,27세,부상신고
2022040600100525,2022년 4월 6일 22시,수요일,전라남도 광양시 중동,경상사고,0,0,1,0,차대차 - 기타,신호위반,건조,맑음,교차로 - 교차로안,승용,남,41세,상해없음,승용,남,63세,상해없음
2022040600100535,2022년 4월 6일 23시,수요일,전라남도 나주시 빛가람동,경상사고,0,0,3,0,차대차 - 기타,신호위반,건조,맑음,교차로 - 교차로안,승용,남,44세,상해없음,승용,남,31세,경상
2022040700100017,2022년 4월 7일 00시,목요일,전라남도 목포시 온금동,중상사고,0,6,0,1,차대차 - 정면충돌,중앙선침범,건조,맑음,단일로 - 기타,승용,남,20세,부상신고,승용,남,46세,중상
2022040700100018,2022년 4월 7일 00시,목요일,전라남도 여수시 만흥동,사망사고,1,0,0,0,차량단독 - 공작물충돌,안전운전불이행,건조,맑음,단일로 - 기타,이륜,남,63세,사망,,,,
2022040700100089,2022년 4월 7일 08시,목요일,전라남도 여수시 군자동,경상사고,0,0,1,0,차대사람 - 횡단중,보행자보호의무위반,건조,맑음,교차로 - 교차로횡단보도내,승용,여,44세,상해없음,보행자,남,71세,경상
2022040700100090,2022년 4월 7일 08시,목요일,전라남도 여수시 율촌면,경상사고,0,0,1,0,차대차 - 측면충돌,신호위반,건조,맑음,단일로 - 기타,특수,남,59세,상해없음,승용,남,46세,경상
2022040700100091,2022년 4월 7일 08시,목요일,전라남도 장성군 진원면,경상사고,0,0,1,0,차대차 - 측면충돌,안전운전불이행,건조,맑음,단일로 - 기타,승용,남,26세,경상,승용,남,45세,기타불명
2022040700100092,2022년 4월 7일 08시,목요일,전라남도 담양군 담양읍,경상사고,0,0,1,0,차대사람 - 횡단중,안전운전불이행,건조,맑음,교차로 - 교차로안,승용,여,60세,상해없음,보행자,여,69세,경상
2022040700100121,2022년 4월 7일 09시,목요일,전라남도 해남군 문내면,중상사고,0,1,0,0,차대사람 - 기타,기타,건조,맑음,단일로 - 기타,화물,남,26세,상해없음,보행자,남,26세,중상
2022040700100206,2022년 4월 7일 12시,목요일,전라남도 목포시 용해동,경상사고,0,0,1,0,차대차 - 측면충돌,안전운전불이행,건조,맑음,교차로 - 교차로안,화물,남,43세,상해없음,승용,남,73세,경상
2022040700100262,2022년 4월 7일 14시,목요일,전라남도 강진군 작천면,경상사고,0,0,1,0,차대차 - 측면충돌,중앙선침범,건조,맑음,단일로 - 기타,화물,남,59세,상해없음,승합,남,68세,경상
2022040700100288,2022년 4월 7일 15시,목요일,전라남도 강진군 강진읍,경상사고,0,0,3,0,차대차 - 정면충돌,신호위반,건조,맑음,교차로 - 교차로안,화물,남,81세,경상,승용,남,67세,경상
2022040700100323,2022년 4월 7일 16시,목요일,전라남도 순천시 조례동,경상사고,0,0,1,0,차대차 - 기타,안전운전불이행,건조,맑음,교차로 - 교차로부근,승용,남,52세,상해없음,승합,남,55세,상해없음
2022040700100324,2022년 4월 7일 16시,목요일,전라남도 담양군 봉산면,경상사고,0,0,3,0,차대차 - 측면충돌,교차로운행방법위반,건조,맑음,교차로 - 교차로안,승용,남,22세,경상,화물,남,51세,경상
2022040700100374,2022년 4월 7일 17시,목요일,전라남도 여수시 충무동,중상사고,0,1,0,0,차대사람 - 횡단중,기타,건조,맑음,단일로 - 기타,승용,여,53세,상해없음,보행자,여,62세,중상
2022040700100418,2022년 4월 7일 18시,목요일,전라남도 목포시 연산동,경상사고,0,0,1,0,차대차 - 정면충돌,안전운전불이행,건조,맑음,기타 - 기타,이륜,남,21세,상해없음,승용,남,37세,경상
2022040700100419,2022년 4월 7일 18시,목요일,전라남도 광양시 광양읍,경상사고,0,0,1,0,차대차 - 측면충돌,직진우회전진행방해,건조,맑음,교차로 - 교차로안,승용,남,68세,상해없음,자전거,여,50세,경상
2022040700100470,2022년 4월 7일 19시,목요일,전라남도 여수시 신기동,중상사고,0,1,0,0,차대차 - 기타,안전운전불이행,건조,맑음,단일로 - 기타,승용,남,64세,상해없음,이륜,남,51세,중상
2022040700100471,2022년 4월 7일 19시,목요일,전라남도 순천시 서면,중상사고,0,1,0,0,차대사람 - 기타,안전운전불이행,건조,맑음,단일로 - 기타,화물,남,29세,상해없음,보행자,여,79세,중상
2022040700100499,2022년 4월 7일 20시,목요일,전라남도 강진군 강진읍,경상사고,0,0,1,0,차대차 - 측면충돌,직진우회전진행방해,건조,맑음,교차로 - 교차로안,승용,남,49세,상해없음,승용,남,24세,경상
2022040700100553,2022년 4월 7일 22시,목요일,전라남도 목포시 용해동,사망사고,1,0,0,0,차대차 - 정면충돌,신호위반,건조,맑음,교차로 - 교차로부근,이륜,남,20세,사망,승용,남,18세,상해없음
2022040700100574,2022년 4월 7일 23시,목요일,전라남도 목포시 연산동,중상사고,0,1,1,0,차대차 - 정면충돌,안전운전불이행,건조,맑음,단일로 - 기타,승용,남,39세,상해없음,승용,남,27세,경상
2022040800100044,2022년 4월 8일 06시,금요일,전라남도 광양시 중동,경상사고,0,0,1,0,차대차 - 측면충돌,교차로운행방법위반,건조,맑음,교차로 - 교차로안,승용,남,52세,상해없음,화물,남,54세,경상
2022040800100068,2022년 4월 8일 07시,금요일,전라남도 순천시 가곡동,경상사고,0,0,1,0,차대차 - 측면충돌,직진우회전진행방해,건조,맑음,교차로 - 교차로안,승용,여,44세,상해없음,자전거,남,12세,경상
2022040800100143,2022년 4월 8일 09시,금요일,전라남도 신안군 지도읍,사망사고,1,0,0,0,차대사람 - 기타,안전운전불이행,건조,맑음,단일로 - 기타,승용,남,51세,상해없음,보행자,남,73세,사망
2022040800100144,2022년 4월 8일 09시,금요일,전라남도 목포시 광동1가,경상사고,0,0,2,0,차대차 - 기타,중앙선침범,건조,맑음,기타 - 기타,승용,남,60세,기타불명,승용,남,32세,경상
2022040800100145,2022년 4월 8일 09시,금요일,전라남도 영광군 영광읍,중상사고,0,1,0,0,차대차 - 추돌,안전운전불이행,건조,맑음,단일로 - 기타,승용,남,22세,상해없음,농기계,남,83세,중상
2022040800100146,2022년 4월 8일 09시,금요일,전라남도 광양시 중동,경상사고,0,0,1,0,차대차 - 기타,신호위반,건조,맑음,교차로 - 교차로안,승용,여,51세,상해없음,이륜,남,29세,경상
2022040800100168,2022년 4월 8일 10시,금요일,전라남도 목포시 상동,경상사고,0,0,1,0,차대차 - 측면충돌,차로위반,건조,맑음,단일로 - 기타,특수,남,55세,상해없음,승용,여,53세,경상
2022040800100169,2022년 4월 8일 10시,금요일,전라남도 나주시 왕곡면,경상사고,0,0,2,0,차대차 - 측면충돌,신호위반,건조,맑음,교차로 - 교차로안,승합,남,48세,경상,승용,남,50세,경상
2022040800100170,2022년 4월 8일 10시,금요일,전라남도 화순군 화순읍,중상사고,0,1,1,0,차대차 - 측면충돌,신호위반,건조,맑음,교차로 - 교차로안,승용,남,39세,경상,승용,여,45세,중상
2022040800100198,2022년 4월 8일 11시,금요일,전라남도 목포시 산정동,경상사고,0,0,1,0,차대차 - 측면충돌,신호위반,건조,맑음,교차로 - 교차로안,승용,남,57세,상해없음,승용,남,40세,경상
2022040800100199,2022년 4월 8일 11시,금요일,전라남도 보성군 회천면,경상사고,0,0,1,0,차대차 - 정면충돌,안전운전불이행,건조,맑음,단일로 - 기타,승용,남,55세,상해없음,이륜,남,75세,경상
2022040800100230,2022년 4월 8일 12시,금요일,전라남도 여수시 율촌면,중상사고,0,1,2,0,차대차 - 측면충돌,차로위반,건조,맑음,단일로 - 기타,특수,남,43세,상해없음,승용,남,36세,경상
2022040800100231,2022년 4월 8일 12시,금요일,전라남도 여수시 학동,경상사고,0,0,1,0,차대사람 - 기타,안전운전불이행,건조,맑음,기타 - 기타,승용,남,39세,상해없음,보행자,여,28세,경상
2022040800100232,2022년 4월 8일 12시,금요일,전라남도 무안군 현경면,경상사고,0,0,1,0,차대차 - 정면충돌,중앙선침범,건조,맑음,교차로 - 교차로안,승용,여,39세,상해없음,승용,여,21세,경상
2022040800100261,2022년 4월 8일 13시,금요일,전라남도 여수시 남산동,경상사고,0,0,2,0,차대차 - 추돌,안전운전불이행,건조,맑음,단일로 - 기타,승용,남,24세,상해없음,승용,여,63세,경상
2022040800100290,2022년 4월 8일 14시,금요일,전라남도 나주시 봉황면,경상사고,0,0,1,0,차량단독 - 공작물충돌,안전운전불이행,건조,맑음,단일로 - 기타,사륜오토바이(ATV),남,65세,경상,,,,
2022040800100291,2022년 4월 8일 14시,금요일,전라남도 보성군 벌교읍,경상사고,0,0,1,0,차대차 - 측면충돌,중앙선침범,건조,맑음,교차로 - 교차로안,이륜,남,83세,경상,승용,남,63세,상해없음
2022040800100292,2022년 4월 8일 14시,금요일,전라남도 영광군 영광읍,경상사고,0,0,1,0,차대차 - 측면충돌,직진우회전진행방해,건조,맑음,단일로 - 기타,승용,여,60세,상해없음,승용,남,41세,경상
2022040800100293,2022년 4월 8일 14시,금요일,전라남도 영암군 삼호읍,경상사고,0,0,1,0,차대사람 - 차도통행중,안전운전불이행,건조,맑음,교차로 - 교차로부근,승용,남,49세,상해없음,보행자,여,55세,경상
2022040800100294,2022년 4월 8일 14시,금요일,전라남도 무안군 삼향읍,경상사고,0,0,1,0,차대차 - 추돌,안전운전불이행,건조,맑음,교차로 - 교차로부근,승용,여,45세,상해없음,승용,여,50세,경상
2022040800100339,2022년 4월 8일 15시,금요일,전라남도 목포시 연산동,경상사고,0,0,1,0,차대차 - 측면충돌,신호위반,건조,맑음,교차로 - 교차로안,승용,여,40세,상해없음,이륜,남,21세,경상
2022040800100382,2022년 4월 8일 16시,금요일,전라남도 목포시 호남동,경상사고,0,0,1,0,차대차 - 기타,안전운전불이행,건조,맑음,단일로 - 기타,개인형이동수단(PM),남,15세,상해없음,자전거,여,65세,경상
2022040800100383,2022년 4월 8일 16시,금요일,전라남도 여수시 웅천동,경상사고,0,0,1,0,차대차 - 측면충돌,안전운전불이행,건조,맑음,교차로 - 교차로안,승용,남,60세,상해없음,이륜,남,36세,경상
2022040800100384,2022년 4월 8일 16시,금요일,전라남도 곡성군 곡성읍,중상사고,0,1,0,1,차량단독 - 도로외이탈 - 추락,안전운전불이행,건조,맑음,단일로 - 기타,화물,남,83세,부상신고,,,,
2022040800100429,2022년 4월 8일 17시,금요일,전라남도 여수시 봉산동,경상사고,0,0,1,0,차대사람 - 차도통행중,안전운전불이행,건조,맑음,단일로 - 기타,승합,남,40세,상해없음,보행자,남,56세,경상
2022040800100430,2022년 4월 8일 17시,금요일,전라남도 순천시 조례동,경상사고,0,0,2,0,차대차 - 추돌,안전운전불이행,건조,맑음,단일로 - 기타,승용,남,35세,상해없음,이륜,남,39세,경상
2022040800100431,2022년 4월 8일 17시,금요일,전라남도 순천시 서면,경상사고,0,0,4,0,차대차 - 측면충돌,신호위반,건조,맑음,교차로 - 교차로안,승용,남,64세,상해없음,승용,남,40세,경상
2022040800100432,2022년 4월 8일 17시,금요일,전라남도 무안군 삼향읍,경상사고,0,0,1,0,차대차 - 기타,신호위반,건조,맑음,교차로 - 교차로안,승용,여,44세,상해없음,승용,남,48세,경상
2022040800100433,2022년 4월 8일 17시,금요일,전라남도 무안군 일로읍,경상사고,0,0,1,0,차량단독 - 공작물충돌,안전운전불이행,건조,맑음,단일로 - 기타,승용,여,49세,상해없음,,,,
2022040800100434,2022년 4월 8일 17시,금요일,전라남도 광양시 도이동,경상사고,0,0,2,0,차대차 - 기타,차로위반,건조,맑음,교차로 - 교차로부근,특수,남,60세,경상,승용,여,51세,경상
2022040800100490,2022년 4월 8일 18시,금요일,전라남도 목포시 호남동,경상사고,0,0,1,0,차대사람 - 횡단중,신호위반,건조,맑음,교차로 - 교차로안,승용,남,51세,상해없음,보행자,여,12세,경상
2022040800100491,2022년 4월 8일 18시,금요일,전라남도 화순군 화순읍,경상사고,0,0,1,0,차대차 - 추돌,교차로운행방법위반,건조,맑음,교차로 - 교차로안,승용,남,35세,상해없음,이륜,남,71세,경상
2022040800100547,2022년 4월 8일 19시,금요일,전라남도 목포시 죽교동,경상사고,0,0,2,0,차대차 - 측면충돌,안전운전불이행,건조,흐림,교차로 - 교차로안,이륜,남,41세,상해없음,승용,여,27세,경상
2022040800100548,2022년 4월 8일 19시,금요일,전라남도 목포시 용당동,경상사고,0,0,1,0,차대차 - 추돌,안전운전불이행,건조,맑음,교차로 - 교차로부근,승용,남,63세,상해없음,승용,남,42세,경상
2022040800100549,2022년 4월 8일 19시,금요일,전라남도 여수시 돌산읍,중상사고,0,1,0,0,차대차 - 기타,안전운전불이행,건조,맑음,단일로 - 기타,이륜,남,49세,중상,승용,남,47세,상해없음
2022040800100550,2022년 4월 8일 19시,금요일,전라남도 순천시 연향동,경상사고,0,0,1,0,차대차 - 기타,중앙선침범,건조,맑음,교차로 - 교차로안,승용,남,78세,상해없음,승합,남,48세,경상
2022040800100551,2022년 4월 8일 19시,금요일,전라남도 영암군 삼호읍,중상사고,0,1,0,0,차대차 - 측면충돌,안전운전불이행,건조,맑음,교차로 - 교차로안,승용,남,40세,상해없음,이륜,남,42세,중상
2022040800100661,2022년 4월 8일 22시,금요일,전라남도 목포시 온금동,중상사고,0,1,1,1,차대차 - 측면충돌,기타,건조,맑음,단일로 - 기타,승용,남,29세,부상신고,승용,남,58세,경상
2022040800100662,2022년 4월 8일 22시,금요일,전라남도 목포시 상동,경상사고,0,0,2,1,차대차 - 측면충돌,안전운전불이행,건조,맑음,단일로 - 기타,승용,여,19세,부상신고,승용,남,30세,경상
2022040800100688,2022년 4월 8일 23시,금요일,전라남도 여수시 웅천동,중상사고,0,1,0,0,차대차 - 정면충돌,중앙선침범,건조,맑음,단일로 - 기타,이륜,남,30세,상해없음,이륜,남,31세,중상
2022040900100013,2022년 4월 9일 00시,토요일,전라남도 목포시 옥암동,경상사고,0,0,2,0,차대차 - 추돌,차로위반,건조,흐림,단일로 - 기타,승용,남,21세,상해없음,승용,여,56세,경상
2022040900100014,2022년 4월 9일 00시,토요일,전라남도 순천시 매곡동,경상사고,0,0,1,0,차대차 - 추돌,안전운전불이행,건조,맑음,교차로 - 교차로부근,개인형이동수단(PM),남,21세,경상,개인형이동수단(PM),남,21세,상해없음
2022040900100015,2022년 4월 9일 00시,토요일,전라남도 장성군 남면,경상사고,0,0,1,0,차대차 - 추돌,안전운전불이행,건조,맑음,단일로 - 기타,승용,남,36세,상해없음,승용,남,42세,경상
2022040900100044,2022년 4월 9일 02시,토요일,전라남도 여수시 소호동,경상사고,0,0,2,0,차대차 - 측면충돌,안전운전불이행,건조,맑음,교차로 - 교차로안,승용,여,14세,상해없음,승용,남,27세,경상
2022040900100066,2022년 4월 9일 06시,토요일,전라남도 영암군 삼호읍,경상사고,0,0,1,0,차대차 - 측면충돌,안전운전불이행,건조,맑음,단일로 - 기타,승용,남,38세,상해없음,승용,남,35세,경상
2022040900100088,2022년 4월 9일 08시,토요일,전라남도 목포시 죽교동,경상사고,0,0,2,0,차대차 - 후진중충돌,중앙선침범,건조,맑음,단일로 - 기타,승용,여,56세,경상,승용,여,55세,경상
2022040900100089,2022년 4월 9일 08시,토요일,전라남도 영암군 삼호읍,중상사고,0,1,1,0,차대차 - 측면충돌,신호위반,건조,맑음,교차로 - 교차로안,승용,남,28세,상해없음,승용,여,55세,경상
2022040900100108,2022년 4월 9일 09시,토요일,전라남도 고흥군 풍양면,중상사고,0,1,0,0,차량단독 - 기타,안전운전불이행,건조,맑음,교차로 - 교차로부근,농기계,남,86세,중상,,,,
2022040900100136,2022년 4월 9일 10시,토요일,전라남도 장성군 남면,중상사고,0,2,2,0,차대차 - 정면충돌,안전운전불이행,건조,맑음,교차로 - 교차로안,승용,여,57세,기타불명,승용,남,34세,중상
2022040900100206,2022년 4월 9일 12시,토요일,전라남도 목포시 용당동,경상사고,0,0,1,0,차대차 - 측면충돌,안전운전불이행,건조,맑음,교차로 - 교차로안,화물,남,61세,상해없음,이륜,남,25세,경상
2022040900100207,2022년 4월 9일 12시,토요일,전라남도 여수시 연등동,중상사고,0,1,0,0,차대사람 - 기타,안전운전불이행,건조,맑음,기타 - 기타,이륜,남,31세,상해없음,보행자,남,62세,중상
2022040900100208,2022년 4월 9일 12시,토요일,전라남도 해남군 해남읍,경상사고,0,0,1,0,차대차 - 측면충돌,안전운전불이행,건조,맑음,단일로 - 기타,승용,남,30세,상해없음,이륜,남,59세,경상
2022040900100256,2022년 4월 9일 13시,토요일,전라남도 목포시 무안동,경상사고,0,0,1,0,차대사람 - 기타,안전운전불이행,건조,맑음,단일로 - 기타,승합,남,68세,상해없음,보행자,남,40세,경상
2022040900100257,2022년 4월 9일 13시,토요일,전라남도 여수시 문수동,경상사고,0,0,1,0,차대차 - 기타,안전운전불이행,건조,맑음,교차로 - 교차로안,승합,남,42세,상해없음,승용,여,31세,경상
2022040900100258,2022년 4월 9일 13시,토요일,전라남도 광양시 중동,경상사고,0,0,1,0,차대사람 - 횡단중,안전운전불이행,건조,맑음,교차로 - 교차로안,승용,여,42세,상해없음,보행자,남,17세,경상
2022040900100305,2022년 4월 9일 14시,토요일,전라남도 순천시 조곡동,중상사고,0,1,0,0,차대차 - 측면충돌,중앙선침범,건조,맑음,단일로 - 기타,자전거,남,81세,중상,화물,남,55세,상해없음
2022040900100306,2022년 4월 9일 14시,토요일,전라남도 나주시 이창동,경상사고,0,0,1,0,차대차 - 기타,안전운전불이행,건조,맑음,단일로 - 기타,원동기,남,26세,상해없음,승용,남,44세,경상
2022040900100307,2022년 4월 9일 14시,토요일,전라남도 영암군 삼호읍,경상사고,0,0,2,0,차대차 - 후진중충돌,안전운전불이행,건조,맑음,교차로 - 교차로안,승용,남,70세,기타불명,승용,여,33세,경상
2022040900100308,2022년 4월 9일 14시,토요일,전라남도 곡성군 옥과면,경상사고,0,0,1,0,차대사람 - 기타,안전운전불이행,건조,맑음,교차로 - 교차로부근,화물,남,50세,상해없음,보행자,여,83세,경상
2022040900100354,2022년 4월 9일 15시,토요일,전라남도 장성군 장성읍,경상사고,0,0,1,0,차대차 - 기타,안전운전불이행,건조,맑음,교차로 - 교차로안,이륜,남,23세,상해없음,승용,남,57세,경상
2022040900100355,2022년 4월 9일 15시,토요일,전라남도 담양군 담양읍,중상사고,0,1,0,0,차대사람 - 기타,안전운전불이행,건조,맑음,단일로 - 기타,승용,여,28세,상해없음,보행자,여,38세,중상
2022040900100394,2022년 4월 9일 16시,토요일,전라남도 순천시 장천동,경상사고,0,0,4,0,차대차 - 측면충돌,직진우회전진행방해,건조,맑음,교차로 - 교차로안,승용,여,28세,경상,승용,남,28세,상해없음
2022040900100506,2022년 4월 9일 19시,토요일,전라남도 신안군 지도읍,사망사고,1,0,0,0,차량단독 - 공작물충돌,안전운전불이행,건조,맑음,단일로 - 기타,화물,남,72세,사망,,,,
2022040900100563,2022년 4월 9일 21시,토요일,전라남도 목포시 옥암동,경상사고,0,0,2,0,차대차 - 후진중충돌,안전운전불이행,건조,맑음,주차장 - 주차장,승용,여,65세,상해없음,승용,여,42세,경상
2022040900100564,2022년 4월 9일 21시,토요일,전라남도 순천시 서면,중상사고,0,1,0,0,차대사람 - 차도통행중,안전운전불이행,건조,맑음,단일로 - 기타,승용,남,27세,상해없음,보행자,남,49세,중상
2022040900100565,2022년 4월 9일 21시,토요일,전라남도 화순군 사평면,중상사고,0,1,0,0,차량단독 - 전도전복 - 전도,안전운전불이행,건조,맑음,기타 - 기타,이륜,남,53세,중상,,,,
2022040900100605,2022년 4월 9일 23시,토요일,전라남도 화순군 화순읍,경상사고,0,0,1,0,차대사람 - 차도통행중,안전운전불이행,건조,맑음,교차로 - 교차로부근,승용,남,23세,기타불명,보행자,남,52세,경상
2022041000100048,2022년 4월 10일 06시,일요일,전라남도 장흥군 장흥읍,중상사고,0,2,0,0,차대차 - 정면충돌,신호위반,건조,맑음,교차로 - 교차로횡단보도내,화물,남,64세,중상,승용,남,53세,중상
2022041000100064,2022년 4월 10일 08시,일요일,전라남도 화순군 화순읍,경상사고,0,0,1,0,차대차 - 추돌,안전거리미확보,건조,맑음,기타 - 기타,자전거,남,56세,경상,승용,남,34세,상해없음
2022041000100077,2022년 4월 10일 09시,일요일,전라남도 해남군 산이면,경상사고,0,0,1,0,차대차 - 측면충돌,중앙선침범,건조,맑음,교차로 - 교차로부근,원동기,남,26세,상해없음,승용,남,52세,상해없음
2022041000100100,2022년 4월 10일 10시,일요일,전라남도 순천시 해룡면,경상사고,0,0,1,0,차대사람 - 기타,안전운전불이행,건조,맑음,교차로 - 교차로안,승용,남,32세,상해없음,보행자,여,83세,경상
2022041000100101,2022년 4월 10일 10시,일요일,전라남도 담양군 대전면,경상사고,0,0,1,0,차대차 - 추돌,안전운전불이행,건조,맑음,단일로 - 기타,승용,여,58세,상해없음,자전거,남,66세,경상
2022041000100102,2022년 4월 10일 10시,일요일,전라남도 완도군 완도읍,경상사고,0,0,1,0,차대차 - 측면충돌,안전운전불이행,건조,맑음,단일로 - 기타,승용,여,55세,상해없음,화물,남,51세,경상
2022041000100144,2022년 4월 10일 12시,일요일,전라남도 여수시 학동,경상사고,0,0,1,0,차대차 - 기타,신호위반,건조,맑음,교차로 - 교차로안,이륜,남,55세,상해없음,이륜,남,22세,경상
2022041000100145,2022년 4월 10일 12시,일요일,전라남도 보성군 벌교읍,경상사고,0,0,2,0,차대차 - 정면충돌,안전운전불이행,건조,맑음,교차로 - 교차로안,승합,남,52세,상해없음,승용,남,56세,경상
2022041000100146,2022년 4월 10일 12시,일요일,전라남도 영암군 삼호읍,중상사고,0,1,0,0,차대차 - 측면충돌,교차로운행방법위반,건조,맑음,교차로 - 교차로안,승용,남,49세,기타불명,승용,남,69세,중상
2022041000100147,2022년 4월 10일 12시,일요일,전라남도 광양시 진월면,경상사고,0,0,1,0,차대차 - 측면충돌,안전운전불이행,건조,맑음,기타 - 기타,승용,남,55세,기타불명,승용,남,64세,경상
2022041000100176,2022년 4월 10일 13시,일요일,전라남도 여수시 학동,경상사고,0,0,1,0,차대차 - 측면충돌,차로위반,건조,맑음,단일로 - 기타,승용,남,69세,상해없음,승용,남,22세,경상
2022041000100177,2022년 4월 10일 13시,일요일,전라남도 여수시 소라면,경상사고,0,0,1,0,차대사람 - 차도통행중,안전운전불이행,건조,맑음,주차장 - 주차장,승용,여,53세,상해없음,보행자,여,5세,경상
2022041000100178,2022년 4월 10일 13시,일요일,전라남도 여수시 덕충동,경상사고,0,0,1,0,차대차 - 측면충돌,안전운전불이행,건조,맑음,단일로 - 기타,승용,남,33세,기타불명,승용,남,40세,경상
2022041000100179,2022년 4월 10일 13시,일요일,전라남도 화순군 화순읍,중상사고,0,1,0,0,차대사람 - 기타,안전운전불이행,건조,맑음,단일로 - 기타,승용,여,54세,상해없음,보행자,남,8세,중상
2022041000100180,2022년 4월 10일 13시,일요일,전라남도 곡성군 오산면,중상사고,0,2,0,0,차대차 - 측면충돌,직진우회전진행방해,건조,맑음,교차로 - 교차로안,승용,남,48세,기타불명,승용,남,62세,중상
2022041000100218,2022년 4월 10일 14시,일요일,전라남도 나주시 빛가람동,경상사고,0,0,1,0,차대차 - 정면충돌,안전운전불이행,건조,맑음,교차로 - 교차로안,이륜,남,54세,상해없음,자전거,남,13세,경상
2022041000100249,2022년 4월 10일 15시,일요일,전라남도 영광군 묘량면,경상사고,0,0,3,0,차대차 - 측면충돌,안전운전불이행,건조,맑음,단일로 - 기타,승용,여,32세,상해없음,승용,남,32세,경상
2022041000100288,2022년 4월 10일 16시,일요일,전라남도 영암군 덕진면,경상사고,0,0,2,3,차대차 - 추돌,안전거리미확보,건조,맑음,단일로 - 기타,승용,여,24세,상해없음,승용,남,30세,경상
2022041000100322,2022년 4월 10일 17시,일요일,전라남도 영암군 금정면,중상사고,0,3,4,0,차대차 - 정면충돌,중앙선침범,건조,맑음,단일로 - 기타,승용,남,76세,경상,승용,남,57세,중상
2022041000100323,2022년 4월 10일 17시,일요일,전라남도 영암군 삼호읍,경상사고,0,0,1,0,차대차 - 측면충돌,중앙선침범,건조,맑음,단일로 - 기타,농기계,남,82세,상해없음,화물,남,42세,경상
2022041000100415,2022년 4월 10일 21시,일요일,전라남도 목포시 석현동,중상사고,0,1,0,0,차대차 - 측면충돌,안전운전불이행,건조,맑음,교차로 - 교차로부근,승용,남,57세,상해없음,이륜,남,51세,중상
2022041000100416,2022년 4월 10일 21시,일요일,전라남도 나주시 빛가람동,경상사고,0,0,1,0,차대차 - 측면충돌,안전운전불이행,건조,맑음,교차로 - 교차로부근,승용,남,59세,상해없음,자전거,남,14세,경상
2022041000100435,2022년 4월 10일 22시,일요일,전라남도 여수시 선원동,경상사고,0,0,1,0,차대차 - 정면충돌,신호위반,건조,맑음,교차로 - 교차로안,승용,남,18세,상해없음,승용,남,24세,경상
2022041000100440,2022년 4월 10일 23시,일요일,전라남도 목포시 산정동,경상사고,0,0,1,0,차대차 - 기타,신호위반,건조,맑음,교차로 - 교차로횡단보도내,승용,남,57세,상해없음,자전거,남,15세,경상
2022041000100441,2022년 4월 10일 23시,일요일,전라남도 보성군 회천면,경상사고,0,0,1,0,차량단독 - 공작물충돌,안전운전불이행,건조,맑음,교차로 - 교차로부근,승용,남,56세,경상,,,,
2022041100100008,2022년 4월 11일 00시,월요일,전라남도 목포시 상동,경상사고,0,0,1,0,차대차 - 후진중충돌,안전운전불이행,건조,맑음,단일로 - 기타,승용,남,22세,상해없음,승용,남,49세,경상
2022041100100041,2022년 4월 11일 06시,월요일,전라남도 광양시 중동,경상사고,0,0,2,0,차대차 - 측면충돌,교차로운행방법위반,건조,맑음,교차로 - 교차로안,승용,남,69세,기타불명,승용,여,36세,경상
2022041100100059,2022년 4월 11일 07시,월요일,전라남도 순천시 저전동,중상사고,0,1,0,0,차대사람 - 기타,안전운전불이행,건조,맑음,기타 - 기타,승용,남,66세,기타불명,보행자,여,63세,중상
2022041100100060,2022년 4월 11일 07시,월요일,전라남도 무안군 청계면,중상사고,0,1,2,0,차대차 - 기타,안전운전불이행,건조,맑음,단일로 - 기타,승용,여,46세,중상,승용,남,60세,경상
2022041100100096,2022년 4월 11일 08시,월요일,전라남도 담양군 대전면,경상사고,0,0,1,0,차대차 - 정면충돌,중앙선침범,건조,맑음,단일로 - 기타,승용,여,49세,상해없음,화물,남,59세,경상