사고번호,사고일시,요일,시군구,사고내용,사망자수,중상자수,경상자수,부상신고자수,사고유형,법규위반,노면상태,기상상태,도로형태,가해운전자 차종,가해운전자 성별,가해운전자 연령,가해운전자 상해정도,피해운전자 차종,피해운전자 성별,피해운전자 연령,피해운전자 상해정도
2022041600100265,2022년 4월 16일 13시,토요일,전라남도 강진군 강진읍,경상사고,0,0,3,0,차대차 - 측면충돌,교차로운행방법위반,건조,맑음,교차로 - 교차로안,승용,여,38세,경상,승용,남,54세,경상
2022041600100266,2022년 4월 16일 13시,토요일,전라남도 무안군 현경면,경상사고,0,0,1,0,차대차 - 측면충돌,안전운전불이행,건조,맑음,교차로 - 교차로안,승용,남,53세,기타불명,화물,남,49세,경상
2022041600100317,2022년 4월 16일 14시,토요일,전라남도 목포시 상동,경상사고,0,0,2,0,차대차 - 측면충돌,신호위반,건조,맑음,교차로 - 교차로안,승용,남,46세,상해없음,승용,남,55세,경상
2022041600100366,2022년 4월 16일 15시,토요일,전라남도 여수시 문수동,중상사고,0,1,0,0,차대차 - 측면충돌,안전운전불이행,건조,맑음,교차로 - 교차로안,이륜,남,17세,중상,화물,남,54세,상해없음
2022041600100367,2022년 4월 16일 15시,토요일,전라남도 나주시 금성동,부상신고사고,0,0,0,1,차대사람 - 기타,안전운전불이행,건조,맑음,단일로 - 기타,승용,남,27세,상해없음,보행자,여,29세,부상신고
2022041600100368,2022년 4월 16일 15시,토요일,전라남도 완도군 완도읍,경상사고,0,0,3,0,차대차 - 측면충돌,차로위반,건조,맑음,교차로 - 교차로안,승용,여,41세,경상,승용,남,25세,경상
2022041600100369,2022년 4월 16일 15시,토요일,전라남도 무안군 해제면,경상사고,0,0,1,0,차대차 - 기타,안전운전불이행,건조,맑음,교차로 - 교차로안,승용,여,52세,상해없음,승용,여,43세,경상
2022041600100413,2022년 4월 16일 16시,토요일,전라남도 순천시 해룡면,경상사고,0,0,2,0,차대차 - 기타,안전운전불이행,건조,맑음,단일로 - 기타,승용,남,20세,상해없음,승용,남,30세,경상
2022041600100460,2022년 4월 16일 17시,토요일,전라남도 광양시 광양읍,경상사고,0,0,2,0,차대차 - 측면충돌,안전운전불이행,건조,맑음,단일로 - 기타,승용,남,46세,상해없음,승용,여,56세,경상
2022041600100500,2022년 4월 16일 18시,토요일,전라남도 순천시 풍덕동,경상사고,0,0,3,0,차대차 - 기타,직진우회전진행방해,건조,맑음,교차로 - 교차로안,승용,남,51세,상해없음,승용,남,42세,경상
2022041600100501,2022년 4월 16일 18시,토요일,전라남도 광양시 도이동,경상사고,0,0,1,0,차대차 - 측면충돌,교차로운행방법위반,건조,맑음,교차로 - 교차로안,이륜,남,54세,경상,승용,남,48세,상해없음
2022041600100528,2022년 4월 16일 19시,토요일,전라남도 순천시 해룡면,경상사고,0,0,1,0,차대차 - 기타,안전운전불이행,건조,맑음,교차로 - 교차로부근,승용,여,48세,상해없음,이륜,남,31세,경상
2022041600100529,2022년 4월 16일 19시,토요일,전라남도 해남군 해남읍,중상사고,0,1,0,0,차대차 - 측면충돌,기타,건조,맑음,교차로 - 교차로안,화물,남,46세,기타불명,승용,남,46세,중상
2022041600100559,2022년 4월 16일 20시,토요일,전라남도 여수시 학동,경상사고,0,0,3,0,차대차 - 측면충돌,중앙선침범,건조,맑음,교차로 - 교차로부근,승용,남,61세,상해없음,승용,여,36세,경상
2022041600100560,2022년 4월 16일 20시,토요일,전라남도 나주시 세지면,경상사고,0,0,5,0,차대차 - 측면충돌,안전운전불이행,건조,맑음,단일로 - 기타,승용,남,58세,상해없음,승용,남,50세,경상
2022041600100608,2022년 4월 16일 22시,토요일,전라남도 여수시 광무동,경상사고,0,0,2,0,차대차 - 후진중충돌,기타,건조,맑음,교차로 - 교차로부근,승용,남,69세,상해없음,승용,남,31세,경상
2022041600100609,2022년 4월 16일 22시,토요일,전라남도 나주시 빛가람동,경상사고,0,0,2,0,차대차 - 후진중충돌,안전운전불이행,건조,맑음,교차로 - 교차로부근,승용,남,31세,상해없음,승용,남,25세,경상
2022041600100630,2022년 4월 16일 23시,토요일,전라남도 목포시 상동,중상사고,0,1,0,0,차대사람 - 횡단중,보행자보호의무위반,건조,흐림,교차로 - 교차로횡단보도내,이륜,남,21세,상해없음,보행자,남,32세,중상
2022041700100063,2022년 4월 17일 06시,일요일,전라남도 여수시 봉산동,중상사고,0,1,0,0,차대차 - 정면충돌,신호위반,건조,맑음,교차로 - 교차로안,승용,남,49세,상해없음,이륜,남,61세,중상
2022041700100064,2022년 4월 17일 06시,일요일,전라남도 강진군 군동면,중상사고,0,1,0,0,차대사람 - 차도통행중,안전운전불이행,건조,맑음,교차로 - 교차로안,승용,여,55세,상해없음,보행자,남,74세,중상
2022041700100071,2022년 4월 17일 07시,일요일,전라남도 목포시 상동,경상사고,0,0,2,0,차대차 - 측면충돌,안전운전불이행,건조,맑음,주차장 - 주차장,승용,남,60세,상해없음,승용,여,41세,경상
2022041700100102,2022년 4월 17일 09시,일요일,전라남도 해남군 송지면,중상사고,0,1,0,0,차대차 - 기타,안전운전불이행,건조,맑음,단일로 - 기타,이륜,남,61세,중상,건설기계,여,59세,상해없음
2022041700100124,2022년 4월 17일 10시,일요일,전라남도 목포시 옥암동,경상사고,0,0,1,0,차대차 - 기타,안전운전불이행,건조,맑음,교차로 - 교차로안,승용,남,63세,상해없음,승용,남,58세,경상
2022041700100125,2022년 4월 17일 10시,일요일,전라남도 무안군 삼향읍,경상사고,0,0,1,0,차량단독 - 도로외이탈 - 기타,안전운전불이행,건조,맑음,단일로 - 지하차도(도로)내,이륜,남,42세,경상,,,,
2022041700100180,2022년 4월 17일 12시,일요일,전라남도 해남군 해남읍,경상사고,0,0,1,0,차대차 - 측면충돌,안전거리미확보,건조,맑음,단일로 - 기타,승용,여,23세,상해없음,이륜,남,47세,경상
2022041700100206,2022년 4월 17일 13시,일요일,전라남도 목포시 옥암동,경상사고,0,0,2,0,차대차 - 정면충돌,안전운전불이행,건조,맑음,교차로 - 교차로부근,승용,여,61세,상해없음,승용,남,51세,경상
2022041700100207,2022년 4월 17일 13시,일요일,전라남도 영암군 학산면,중상사고,0,2,3,0,차대차 - 추돌,안전운전불이행,건조,맑음,단일로 - 기타,승용,남,70세,중상,승용,여,35세,경상
2022041700100235,2022년 4월 17일 14시,일요일,전라남도 목포시 상동,경상사고,0,0,1,0,차대사람 - 기타,안전운전불이행,건조,맑음,기타 - 기타,원동기,남,43세,상해없음,보행자,여,6세,경상
2022041700100236,2022년 4월 17일 14시,일요일,전라남도 순천시 풍덕동,경상사고,0,0,1,0,차대차 - 측면충돌,안전운전불이행,건조,맑음,단일로 - 기타,승용,남,65세,상해없음,승용,남,67세,경상
2022041700100237,2022년 4월 17일 14시,일요일,전라남도 장흥군 장평면,경상사고,0,0,1,0,차량단독 - 전도전복 - 전도,안전운전불이행,건조,맑음,단일로 - 기타,이륜,남,17세,경상,,,,
2022041700100238,2022년 4월 17일 14시,일요일,전라남도 강진군 마량면,경상사고,0,0,1,0,차대사람 - 횡단중,안전운전불이행,건조,맑음,교차로 - 교차로안,화물,남,56세,상해없음,보행자,남,56세,경상
2022041700100374,2022년 4월 17일 18시,일요일,전라남도 영암군 삼호읍,경상사고,0,0,2,0,차대차 - 측면충돌,신호위반,건조,맑음,교차로 - 교차로안,승용,남,47세,상해없음,승용,여,47세,경상
2022041700100404,2022년 4월 17일 19시,일요일,전라남도 목포시 동명동,중상사고,0,1,0,0,차대사람 - 기타,안전운전불이행,건조,맑음,단일로 - 기타,이륜,남,37세,상해없음,보행자,여,81세,중상
2022041700100405,2022년 4월 17일 19시,일요일,전라남도 광양시 성황동,경상사고,0,0,3,1,차대차 - 측면충돌,신호위반,건조,맑음,교차로 - 교차로안,승용,남,36세,경상,승용,남,32세,경상
2022041700100467,2022년 4월 17일 22시,일요일,전라남도 순천시 동외동,경상사고,0,0,1,0,차대차 - 측면충돌,안전운전불이행,건조,맑음,단일로 - 기타,승용,남,52세,상해없음,승용,남,66세,경상
2022041800100101,2022년 4월 18일 08시,월요일,전라남도 해남군 해남읍,경상사고,0,0,1,0,차대차 - 기타,교차로운행방법위반,건조,맑음,교차로 - 교차로안,승용,남,54세,기타불명,승용,남,81세,기타불명
2022041800100102,2022년 4월 18일 08시,월요일,전라남도 무안군 해제면,경상사고,0,0,1,0,차대차 - 기타,안전운전불이행,건조,맑음,교차로 - 교차로부근,승용,남,65세,상해없음,승용,남,40세,경상
2022041800100156,2022년 4월 18일 10시,월요일,전라남도 신안군 암태면,중상사고,0,1,0,0,차대사람 - 기타,안전운전불이행,건조,맑음,기타 - 기타,화물,남,32세,상해없음,보행자,여,84세,중상
2022041800100182,2022년 4월 18일 11시,월요일,전라남도 장흥군 장흥읍,중상사고,0,1,0,0,차량단독 - 공작물충돌,안전운전불이행,건조,맑음,단일로 - 기타,사륜오토바이(ATV),남,87세,중상,,,,
2022041800100183,2022년 4월 18일 11시,월요일,전라남도 해남군 해남읍,경상사고,0,0,2,0,차대차 - 측면충돌,교차로운행방법위반,건조,맑음,교차로 - 교차로안,승용,여,64세,경상,승용,남,47세,경상
2022041800100184,2022년 4월 18일 11시,월요일,전라남도 완도군 완도읍,경상사고,0,0,1,0,차대사람 - 기타,안전운전불이행,건조,맑음,단일로 - 기타,승용,여,56세,상해없음,보행자,남,32세,경상
2022041800100185,2022년 4월 18일 11시,월요일,전라남도 광양시 중동,경상사고,0,0,1,0,차대차 - 후진중충돌,안전운전불이행,건조,맑음,주차장 - 주차장,화물,여,64세,상해없음,승용,여,56세,경상
2022041800100218,2022년 4월 18일 12시,월요일,전라남도 광양시 중동,경상사고,0,0,1,0,차대차 - 추돌,안전거리미확보,건조,맑음,교차로 - 교차로부근,건설기계,남,57세,상해없음,승용,남,65세,경상
2022041800100250,2022년 4월 18일 13시,월요일,전라남도 구례군 구례읍,경상사고,0,0,2,0,차대차 - 추돌,안전운전불이행,건조,맑음,단일로 - 기타,승용,여,40세,상해없음,승용,남,61세,경상
2022041800100292,2022년 4월 18일 14시,월요일,전라남도 목포시 용해동,경상사고,0,0,2,0,차대차 - 기타,안전운전불이행,건조,맑음,기타 - 기타,승합,남,62세,상해없음,승용,여,36세,경상
2022041800100294,2022년 4월 18일 14시,월요일,전라남도 순천시 조례동,경상사고,0,0,1,0,차대차 - 기타,안전거리미확보,건조,맑음,교차로 - 교차로부근,이륜,남,31세,상해없음,승용,여,46세,경상
2022041800100295,2022년 4월 18일 14시,월요일,전라남도 영암군 삼호읍,경상사고,0,0,1,0,차대차 - 측면충돌,안전거리미확보,건조,맑음,단일로 - 기타,건설기계,남,66세,상해없음,승용,여,28세,경상
2022041800100296,2022년 4월 18일 14시,월요일,전라남도 담양군 담양읍,중상사고,0,1,0,0,차량단독 - 전도전복 - 전복,안전운전불이행,건조,맑음,단일로 - 기타,건설기계,남,66세,중상,,,,
2022041800100328,2022년 4월 18일 15시,월요일,전라남도 여수시 중흥동,경상사고,0,0,1,0,차대차 - 측면충돌,신호위반,건조,맑음,교차로 - 교차로안,화물,남,56세,상해없음,특수,남,30세,경상
2022041800100329,2022년 4월 18일 15시,월요일,전라남도 장흥군 회진면,경상사고,0,0,1,0,차대사람 - 기타,안전운전불이행,건조,맑음,단일로 - 기타,승용,남,27세,상해없음,보행자,여,25세,경상
2022041800100364,2022년 4월 18일 16시,월요일,전라남도 영광군 영광읍,중상사고,0,1,0,0,차대차 - 측면충돌,안전운전불이행,건조,맑음,교차로 - 교차로안,승용,여,40세,상해없음,이륜,남,81세,중상
2022041800100365,2022년 4월 18일 16시,월요일,전라남도 담양군 담양읍,중상사고,0,1,0,0,차량단독 - 기타,안전운전불이행,건조,맑음,단일로 - 기타,승용,남,63세,중상,,,,
2022041800100411,2022년 4월 18일 17시,월요일,전라남도 목포시 용해동,경상사고,0,0,2,0,차대차 - 후진중충돌,안전운전불이행,건조,맑음,단일로 - 기타,승용,남,41세,상해없음,승용,남,39세,경상
2022041800100441,2022년 4월 18일 18시,월요일,전라남도 나주시 남평읍,중상사고,0,1,0,0,차대사람 - 횡단중,안전운전불이행,건조,맑음,교차로 - 교차로안,이륜,남,24세,상해없음,보행자,여,6세,중상
2022041800100442,2022년 4월 18일 18시,월요일,전라남도 해남군 해남읍,경상사고,0,0,2,0,차대차 - 추돌,안전운전불이행,건조,맑음,단일로 - 기타,승용,남,44세,상해없음,승용,여,44세,경상
2022041800100443,2022년 4월 18일 18시,월요일,전라남도 진도군 지산면,경상사고,0,0,1,0,차대사람 - 기타,안전운전불이행,건조,맑음,단일로 - 기타,화물,남,68세,상해없음,보행자,여,84세,경상
2022041800100475,2022년 4월 18일 19시,월요일,전라남도 순천시 해룡면,경상사고,0,0,1,0,차대사람 - 기타,안전운전불이행,건조,맑음,단일로 - 기타,승용,남,48세,상해없음,보행자,남,69세,경상
2022041800100563,2022년 4월 18일 23시,월요일,전라남도 목포시 산정동,중상사고,0,1,0,0,차대사람 - 횡단중,안전운전불이행,건조,맑음,단일로 - 기타,승용,남,56세,상해없음,보행자,여,61세,중상
2022041900100008,2022년 4월 19일 00시,화요일,전라남도 화순군 도곡면,중상사고,0,1,0,0,차량단독 - 전도전복 - 전도,안전운전불이행,건조,맑음,단일로 - 기타,개인형이동수단(PM),남,39세,중상,,,,
2022041900100032,2022년 4월 19일 03시,화요일,전라남도 여수시 신기동,중상사고,0,2,0,0,차대사람 - 횡단중,신호위반,건조,맑음,교차로 - 교차로횡단보도내,원동기,남,17세,중상,보행자,남,56세,중상
2022041900100058,2022년 4월 19일 06시,화요일,전라남도 무안군 망운면,경상사고,0,0,2,0,차대차 - 추돌,안전운전불이행,건조,맑음,단일로 - 기타,화물,남,50세,상해없음,승용,남,64세,경상
2022041900100072,2022년 4월 19일 07시,화요일,전라남도 여수시 문수동,경상사고,0,0,1,0,차대사람 - 기타,기타,건조,맑음,단일로 - 기타,승용,여,26세,상해없음,보행자,여,16세,경상
2022041900100073,2022년 4월 19일 07시,화요일,전라남도 영암군 삼호읍,경상사고,0,0,3,0,차대차 - 추돌,안전운전불이행,건조,맑음,단일로 - 교량,화물,남,66세,기타불명,승용,남,46세,경상
2022041900100114,2022년 4월 19일 08시,화요일,전라남도 여수시 소라면,경상사고,0,0,3,0,차대차 - 측면충돌,신호위반,건조,맑음,단일로 - 기타,화물,남,56세,상해없음,화물,남,66세,경상
2022041900100115,2022년 4월 19일 08시,화요일,전라남도 강진군 강진읍,부상신고사고,0,0,0,1,차량단독 - 전도전복 - 전도,안전운전불이행,건조,맑음,단일로 - 기타,이륜,남,74세,부상신고,,,,
2022041900100152,2022년 4월 19일 09시,화요일,전라남도 목포시 용해동,경상사고,0,0,3,0,차대차 - 기타,신호위반,건조,맑음,교차로 - 교차로안,승용,여,59세,경상,승용,남,40세,경상
2022041900100195,2022년 4월 19일 10시,화요일,전라남도 광양시 진월면,경상사고,0,0,1,0,차대차 - 기타,중앙선침범,건조,맑음,단일로 - 터널,화물,남,67세,기타불명,승용,남,47세,경상
2022041900100223,2022년 4월 19일 11시,화요일,전라남도 해남군 문내면,경상사고,0,0,1,0,차대사람 - 기타,안전운전불이행,건조,맑음,교차로 - 교차로안,화물,남,47세,상해없음,보행자,여,80세,경상
2022041900100224,2022년 4월 19일 11시,화요일,전라남도 진도군 진도읍,경상사고,0,0,1,0,차대사람 - 횡단중,안전운전불이행,건조,맑음,단일로 - 지하차도(도로)내,이륜,남,71세,상해없음,보행자,여,77세,경상
2022041900100254,2022년 4월 19일 12시,화요일,전라남도 영암군 시종면,경상사고,0,0,1,0,차량단독 - 기타,안전운전불이행,건조,맑음,교차로 - 교차로부근,사륜오토바이(ATV),여,70세,경상,,,,
2022041900100255,2022년 4월 19일 12시,화요일,전라남도 장성군 장성읍,경상사고,0,0,2,0,차대차 - 기타,신호위반,건조,맑음,교차로 - 교차로안,특수,남,55세,상해없음,승용,남,57세,경상
2022041900100300,2022년 4월 19일 13시,화요일,전라남도 여수시 서교동,경상사고,0,0,1,0,차대사람 - 기타,안전운전불이행,건조,맑음,기타 - 기타,자전거,남,71세,상해없음,보행자,여,72세,경상
2022041900100335,2022년 4월 19일 14시,화요일,전라남도 구례군 토지면,경상사고,0,0,2,0,차대차 - 측면충돌,중앙선침범,건조,맑음,단일로 - 기타,화물,남,58세,상해없음,승용,남,51세,경상
2022041900100407,2022년 4월 19일 16시,화요일,전라남도 목포시 상동,경상사고,0,0,1,0,차대사람 - 횡단중,보행자보호의무위반,건조,맑음,단일로 - 기타,승용,남,70세,상해없음,보행자,여,6세,경상
2022041900100408,2022년 4월 19일 16시,화요일,전라남도 목포시 용해동,경상사고,0,0,2,0,차대차 - 측면충돌,교차로운행방법위반,건조,맑음,교차로 - 교차로안,화물,남,63세,상해없음,승용,남,40세,경상
2022041900100409,2022년 4월 19일 16시,화요일,전라남도 여수시 주삼동,경상사고,0,0,1,0,차대차 - 추돌,안전운전불이행,건조,맑음,교차로 - 교차로안,화물,남,30세,기타불명,승용,여,50세,경상
2022041900100410,2022년 4월 19일 16시,화요일,전라남도 나주시 남평읍,중상사고,0,1,0,0,차대사람 - 횡단중,중앙선침범,건조,맑음,교차로 - 교차로안,화물,남,53세,상해없음,보행자,여,59세,중상
2022041900100411,2022년 4월 19일 16시,화요일,전라남도 고흥군 고흥읍,경상사고,0,0,2,0,차대차 - 기타,안전운전불이행,건조,맑음,단일로 - 기타,화물,남,51세,상해없음,화물,남,57세,경상
2022041900100451,2022년 4월 19일 17시,화요일,전라남도 목포시 용해동,경상사고,0,0,2,0,차대차 - 측면충돌,교차로운행방법위반,건조,맑음,교차로 - 교차로안,승용,여,38세,상해없음,승용,남,31세,경상
2022041900100452,2022년 4월 19일 17시,화요일,전라남도 여수시 여서동,중상사고,0,1,0,0,차대차 - 측면충돌,교차로운행방법위반,건조,맑음,교차로 - 교차로안,승합,남,47세,상해없음,이륜,남,38세,중상
2022041900100453,2022년 4월 19일 17시,화요일,전라남도 여수시 학동,경상사고,0,0,1,1,차대차 - 측면충돌,신호위반,건조,맑음,교차로 - 교차로안,승용,여,52세,부상신고,승용,남,41세,경상
2022041900100454,2022년 4월 19일 17시,화요일,전라남도 고흥군 도화면,경상사고,0,0,1,0,차대차 - 측면충돌,안전운전불이행,건조,맑음,단일로 - 기타,승용,남,66세,상해없음,화물,남,70세,경상
2022041900100501,2022년 4월 19일 18시,화요일,전라남도 목포시 용해동,경상사고,0,0,1,0,차대차 - 기타,교차로운행방법위반,건조,맑음,교차로 - 교차로안,자전거,남,21세,경상,화물,남,43세,상해없음
2022041900100502,2022년 4월 19일 18시,화요일,전라남도 함평군 해보면,경상사고,0,0,2,0,차대차 - 측면충돌,직진우회전진행방해,건조,맑음,교차로 - 교차로안,승용,남,41세,경상,승용,남,52세,경상
2022041900100544,2022년 4월 19일 19시,화요일,전라남도 여수시 소라면,중상사고,0,1,0,0,차대사람 - 보도통행중,안전운전불이행,건조,맑음,기타 - 기타,개인형이동수단(PM),남,12세,상해없음,보행자,남,11세,중상
2022041900100545,2022년 4월 19일 19시,화요일,전라남도 순천시 남내동,중상사고,0,1,0,0,차대사람 - 기타,안전운전불이행,건조,맑음,단일로 - 기타,이륜,남,71세,상해없음,보행자,여,67세,중상
2022041900100546,2022년 4월 19일 19시,화요일,전라남도 광양시 광양읍,경상사고,0,0,1,0,차대차 - 측면충돌,직진우회전진행방해,건조,맑음,교차로 - 교차로안,승용,남,40세,상해없음,승용,여,55세,경상
2022041900100579,2022년 4월 19일 20시,화요일,전라남도 목포시 산정동,경상사고,0,0,1,0,차대사람 - 길가장자리구역통행중,안전운전불이행,건조,맑음,단일로 - 기타,승용,여,25세,상해없음,보행자,여,21세,경상
2022042000100072,2022년 4월 20일 07시,수요일,전라남도 장흥군 장평면,중상사고,0,1,0,0,차량단독 - 기타,안전운전불이행,건조,맑음,교차로 - 교차로부근,이륜,남,80세,중상,,,,
2022042000100073,2022년 4월 20일 07시,수요일,전라남도 광양시 광양읍,경상사고,0,0,1,0,차량단독 - 기타,안전운전불이행,건조,맑음,기타 - 기타,승합,남,49세,상해없음,,,,
2022042000100117,2022년 4월 20일 08시,수요일,전라남도 영암군 삼호읍,경상사고,0,0,2,0,차대차 - 측면충돌,교차로운행방법위반,건조,맑음,교차로 - 교차로안,화물,남,30세,상해없음,화물,남,56세,경상
2022042000100118,2022년 4월 20일 08시,수요일,전라남도 완도군 완도읍,중상사고,0,1,0,0,차대사람 - 횡단중,안전운전불이행,건조,맑음,단일로 - 기타,화물,남,61세,상해없음,보행자,여,72세,중상
2022042000100119,2022년 4월 20일 08시,수요일,전라남도 광양시 광양읍,중상사고,0,1,0,0,차대차 - 측면충돌,교차로운행방법위반,건조,맑음,교차로 - 교차로안,승용,남,68세,상해없음,승용,여,30세,중상
2022042000100167,2022년 4월 20일 09시,수요일,전라남도 나주시 대호동,경상사고,0,0,3,0,차대차 - 추돌,안전운전불이행,건조,맑음,단일로 - 기타,승용,남,23세,상해없음,승합,남,65세,경상
2022042000100168,2022년 4월 20일 09시,수요일,전라남도 강진군 성전면,경상사고,0,0,1,0,차대사람 - 기타,안전운전불이행,건조,맑음,단일로 - 기타,화물,남,39세,상해없음,보행자,남,75세,경상
2022042000100203,2022년 4월 20일 10시,수요일,전라남도 순천시 해룡면,경상사고,0,0,1,0,차대사람 - 기타,보행자보호의무위반,건조,맑음,단일로 - 기타,승용,남,80세,상해없음,보행자,여,19세,경상
2022042000100228,2022년 4월 20일 11시,수요일,전라남도 보성군 벌교읍,경상사고,0,0,1,0,차대사람 - 기타,보행자보호의무위반,건조,맑음,단일로 - 기타,건설기계,남,63세,상해없음,보행자,남,81세,경상
2022042000100263,2022년 4월 20일 12시,수요일,전라남도 목포시 상동,경상사고,0,0,2,0,차대차 - 측면충돌,안전운전불이행,건조,맑음,교차로 - 교차로부근,승용,남,43세,상해없음,승용,남,46세,경상
2022042000100264,2022년 4월 20일 12시,수요일,전라남도 순천시 석현동,경상사고,0,0,1,0,차대차 - 기타,안전운전불이행,건조,맑음,단일로 - 기타,승용,여,32세,상해없음,승용,여,27세,경상
2022042000100296,2022년 4월 20일 13시,수요일,전라남도 순천시 저전동,경상사고,0,0,1,0,차대사람 - 기타,안전운전불이행,건조,맑음,단일로 - 기타,승용,남,32세,상해없음,보행자,남,49세,경상
2022042000100331,2022년 4월 20일 14시,수요일,전라남도 여수시 여서동,경상사고,0,0,1,0,차대차 - 측면충돌,교차로운행방법위반,건조,맑음,교차로 - 교차로안,승용,남,63세,상해없음,승용,남,32세,경상
2022042000100332,2022년 4월 20일 14시,수요일,전라남도 담양군 담양읍,경상사고,0,0,1,0,차대차 - 측면충돌,안전운전불이행,건조,맑음,교차로 - 교차로안,승용,남,77세,상해없음,승용,남,28세,경상
2022042000100333,2022년 4월 20일 14시,수요일,전라남도 무안군 해제면,경상사고,0,0,1,0,차대사람 - 길가장자리구역통행중,안전운전불이행,건조,맑음,교차로 - 교차로부근,화물,남,41세,상해없음,보행자,여,84세,경상
2022042000100370,2022년 4월 20일 15시,수요일,전라남도 순천시 매곡동,부상신고사고,0,0,0,1,차대차 - 기타,직진우회전진행방해,건조,맑음,교차로 - 교차로안,승용,여,49세,상해없음,이륜,남,28세,부상신고
2022042000100371,2022년 4월 20일 15시,수요일,전라남도 화순군 화순읍,경상사고,0,0,1,0,차대차 - 측면충돌,안전운전불이행,건조,맑음,단일로 - 기타,이륜,남,72세,경상,승용,남,66세,상해없음
2022042000100471,2022년 4월 20일 18시,수요일,전라남도 목포시 산정동,경상사고,0,0,1,0,차대차 - 측면충돌,안전운전불이행,건조,맑음,교차로 - 교차로부근,화물,남,50세,상해없음,승용,남,20세,경상
2022042000100472,2022년 4월 20일 18시,수요일,전라남도 담양군 담양읍,경상사고,0,0,1,0,차대차 - 측면충돌,안전운전불이행,건조,맑음,교차로 - 교차로부근,화물,남,61세,상해없음,승용,남,34세,경상
2022042000100519,2022년 4월 20일 19시,수요일,전라남도 순천시 풍덕동,중상사고,0,1,0,0,차대사람 - 기타,보행자보호의무위반,건조,맑음,단일로 - 기타,이륜,남,19세,상해없음,보행자,남,69세,중상
2022042000100520,2022년 4월 20일 19시,수요일,전라남도 광양시 광양읍,중상사고,0,1,0,0,차대차 - 측면충돌,교차로운행방법위반,건조,맑음,교차로 - 교차로안,승용,남,44세,상해없음,이륜,남,45세,중상
2022042000100555,2022년 4월 20일 20시,수요일,전라남도 영암군 삼호읍,경상사고,0,0,3,0,차대차 - 추돌,안전운전불이행,건조,맑음,교차로 - 교차로부근,화물,남,59세,상해없음,승용,남,41세,경상
2022042000100577,2022년 4월 20일 21시,수요일,전라남도 화순군 능주면,경상사고,0,0,1,0,차량단독 - 전도전복 - 전도,안전운전불이행,건조,맑음,단일로 - 기타,이륜,남,34세,경상,,,,
2022042100100032,2022년 4월 21일 05시,목요일,전라남도 광양시 광양읍,경상사고,0,0,2,0,차대차 - 측면충돌,신호위반,건조,맑음,교차로 - 교차로안,승용,남,35세,경상,특수,남,61세,경상
2022042100100045,2022년 4월 21일 06시,목요일,전라남도 나주시 부덕동,중상사고,0,2,1,0,차대차 - 측면충돌,중앙선침범,건조,맑음,교차로 - 교차로안,승용,남,31세,중상,승용,남,52세,경상
2022042100100087,2022년 4월 21일 08시,목요일,전라남도 강진군 강진읍,중상사고,0,1,1,0,차대차 - 측면충돌,직진우회전진행방해,건조,맑음,교차로 - 교차로안,승용,남,52세,경상,승용,여,42세,중상
2022042100100088,2022년 4월 21일 08시,목요일,전라남도 담양군 용면,경상사고,0,0,1,0,차대차 - 측면충돌,중앙선침범,건조,맑음,단일로 - 기타,승용,남,80세,상해없음,승용,남,52세,경상
2022042100100127,2022년 4월 21일 09시,목요일,전라남도 여수시 웅천동,경상사고,0,0,1,0,차대차 - 측면충돌,교차로운행방법위반,젖음/습기,비,교차로 - 교차로안,화물,남,23세,상해없음,승용,여,44세,경상
2022042100100128,2022년 4월 21일 09시,목요일,전라남도 순천시 해룡면,경상사고,0,0,1,0,차대사람 - 횡단중,보행자보호의무위반,건조,맑음,단일로 - 기타,승용,여,39세,상해없음,보행자,여,34세,경상
2022042100100129,2022년 4월 21일 09시,목요일,전라남도 나주시 봉황면,경상사고,0,0,1,0,차대사람 - 횡단중,보행자보호의무위반,건조,맑음,교차로 - 교차로부근,승용,여,49세,상해없음,보행자,여,73세,경상
2022042100100235,2022년 4월 21일 13시,목요일,전라남도 순천시 가곡동,경상사고,0,0,1,0,차대차 - 추돌,안전운전불이행,젖음/습기,비,단일로 - 기타,승용,남,89세,기타불명,화물,남,64세,상해없음
2022042100100289,2022년 4월 21일 15시,목요일,전라남도 여수시 서교동,중상사고,0,1,0,0,차대사람 - 보도통행중,안전운전불이행,젖음/습기,비,단일로 - 기타,승용,남,61세,상해없음,보행자,남,11세,중상
2022042100100290,2022년 4월 21일 15시,목요일,전라남도 화순군 화순읍,경상사고,0,0,2,0,차대차 - 추돌,안전운전불이행,건조,맑음,단일로 - 기타,승합,남,66세,기타불명,승용,남,83세,경상
2022042100100291,2022년 4월 21일 15시,목요일,전라남도 광양시 중동,경상사고,0,0,1,0,차대사람 - 횡단중,보행자보호의무위반,건조,맑음,기타 - 기타,승용,여,56세,상해없음,보행자,남,6세,경상
2022042100100332,2022년 4월 21일 16시,목요일,전라남도 무안군 무안읍,경상사고,0,0,1,0,차대차 - 측면충돌,안전운전불이행,건조,맑음,교차로 - 교차로안,승용,남,76세,상해없음,승용,여,39세,경상
2022042100100412,2022년 4월 21일 18시,목요일,전라남도 광양시 옥룡면,부상신고사고,0,0,0,1,차량단독 - 도로외이탈 - 추락,안전운전불이행,건조,맑음,단일로 - 기타,원동기,남,72세,부상신고,,,,