사고번호,사고일시,요일,시군구,사고내용,사망자수,중상자수,경상자수,부상신고자수,사고유형,법규위반,노면상태,기상상태,도로형태,가해운전자 차종,가해운전자 성별,가해운전자 연령,가해운전자 상해정도,피해운전자 차종,피해운전자 성별,피해운전자 연령,피해운전자 상해정도
2022050600100277,2022년 5월 6일 13시,금요일,전라남도 광양시 광양읍,경상사고,0,0,1,0,차대차 - 측면충돌,신호위반,건조,맑음,교차로 - 교차로안,사륜오토바이(ATV),남,84세,경상,승용,남,49세,상해없음
2022050600100320,2022년 5월 6일 14시,금요일,전라남도 여수시 신기동,경상사고,0,0,1,0,차대차 - 측면충돌,교차로운행방법위반,건조,맑음,교차로 - 교차로안,승용,여,35세,상해없음,승용,남,62세,경상
2022050600100321,2022년 5월 6일 14시,금요일,전라남도 담양군 금성면,경상사고,0,0,3,0,차대차 - 추돌,안전운전불이행,건조,맑음,교차로 - 교차로부근,승용,남,78세,상해없음,승용,남,43세,경상
2022050600100371,2022년 5월 6일 15시,금요일,전라남도 여수시 돌산읍,경상사고,0,0,3,0,차대차 - 기타,교차로운행방법위반,젖음/습기,맑음,단일로 - 기타,승용,남,73세,상해없음,승용,남,61세,경상
2022050600100372,2022년 5월 6일 15시,금요일,전라남도 영암군 영암읍,경상사고,0,0,1,0,차대사람 - 차도통행중,안전운전불이행,건조,맑음,단일로 - 기타,화물,남,55세,상해없음,보행자,여,81세,경상
2022050600100373,2022년 5월 6일 15시,금요일,전라남도 진도군 임회면,경상사고,0,0,3,0,차대차 - 추돌,중앙선침범,건조,맑음,교차로 - 교차로부근,화물,남,26세,상해없음,승용,여,30세,경상
2022050600100415,2022년 5월 6일 16시,금요일,전라남도 여수시 고소동,경상사고,0,0,4,0,차대차 - 추돌,안전운전불이행,건조,맑음,단일로 - 기타,승용,남,53세,상해없음,승용,남,44세,경상
2022050600100416,2022년 5월 6일 16시,금요일,전라남도 광양시 진월면,중상사고,0,1,0,0,차대차 - 기타,안전운전불이행,건조,맑음,단일로 - 기타,농기계,남,63세,중상,화물,남,65세,상해없음
2022050600100463,2022년 5월 6일 17시,금요일,전라남도 장성군 황룡면,중상사고,0,1,0,0,차대사람 - 횡단중,안전운전불이행,건조,맑음,교차로 - 교차로안,승용,여,45세,상해없음,보행자,여,87세,중상
2022050600100464,2022년 5월 6일 17시,금요일,전라남도 곡성군 곡성읍,중상사고,0,1,1,0,차대차 - 측면충돌,직진우회전진행방해,건조,맑음,교차로 - 교차로안,승용,남,87세,경상,화물,남,57세,중상
2022050600100522,2022년 5월 6일 18시,금요일,전라남도 여수시 웅천동,경상사고,0,0,1,0,차대차 - 측면충돌,안전운전불이행,건조,맑음,단일로 - 기타,승용,여,31세,상해없음,승용,남,40세,경상
2022050600100523,2022년 5월 6일 18시,금요일,전라남도 여수시 여서동,경상사고,0,0,1,0,차대사람 - 횡단중,신호위반,건조,맑음,교차로 - 교차로부근,승용,여,28세,상해없음,보행자,남,33세,경상
2022050600100568,2022년 5월 6일 19시,금요일,전라남도 순천시 주암면,중상사고,0,1,2,0,차대차 - 정면충돌,중앙선침범,건조,맑음,단일로 - 기타,승용,남,51세,상해없음,승용,여,64세,중상
2022050600100594,2022년 5월 6일 20시,금요일,전라남도 순천시 풍덕동,중상사고,0,1,0,0,차대차 - 측면충돌,직진우회전진행방해,건조,맑음,교차로 - 교차로안,승용,남,25세,상해없음,이륜,남,21세,중상
2022050600100621,2022년 5월 6일 21시,금요일,전라남도 여수시 선원동,중상사고,0,1,0,0,차대사람 - 기타,안전운전불이행,건조,맑음,단일로 - 기타,승용,남,67세,상해없음,보행자,남,61세,중상
2022050600100622,2022년 5월 6일 21시,금요일,전라남도 순천시 조례동,경상사고,0,0,1,0,차대차 - 기타,안전운전불이행,건조,맑음,단일로 - 기타,승용,남,27세,상해없음,승용,남,26세,경상
2022050600100665,2022년 5월 6일 23시,금요일,전라남도 고흥군 금산면,중상사고,0,1,0,0,차량단독 - 공작물충돌,안전운전불이행,건조,흐림,단일로 - 기타,승용,남,29세,상해없음,,,,
2022050700100042,2022년 5월 7일 05시,토요일,전라남도 화순군 화순읍,중상사고,0,1,0,0,차대차 - 측면충돌,신호위반,건조,맑음,교차로 - 교차로안,화물,남,45세,상해없음,승용,남,55세,중상
2022050700100050,2022년 5월 7일 06시,토요일,전라남도 목포시 달동,경상사고,0,0,1,0,차대차 - 측면충돌,안전운전불이행,건조,맑음,교차로 - 교차로안,승용,남,42세,상해없음,승용,남,59세,경상
2022050700100051,2022년 5월 7일 06시,토요일,전라남도 고흥군 포두면,중상사고,0,1,0,0,차대차 - 기타,안전운전불이행,건조,맑음,단일로 - 기타,이륜,남,83세,중상,농기계,남,82세,기타불명
2022050700100144,2022년 5월 7일 11시,토요일,전라남도 장흥군 장흥읍,경상사고,0,0,9,0,차대차 - 측면충돌,안전운전불이행,건조,맑음,교차로 - 교차로부근,승용,남,65세,경상,화물,남,51세,경상
2022050700100179,2022년 5월 7일 12시,토요일,전라남도 순천시 조례동,경상사고,0,0,1,0,차대차 - 측면충돌,교차로운행방법위반,건조,맑음,교차로 - 교차로안,승용,남,22세,상해없음,화물,남,61세,경상
2022050700100180,2022년 5월 7일 12시,토요일,전라남도 영광군 영광읍,경상사고,0,0,1,0,차대차 - 측면충돌,기타,건조,맑음,교차로 - 교차로안,승용,여,29세,상해없음,이륜,남,75세,경상
2022050700100181,2022년 5월 7일 12시,토요일,전라남도 화순군 화순읍,경상사고,0,0,1,0,차대차 - 추돌,안전운전불이행,건조,맑음,단일로 - 기타,승용,여,61세,경상,승용,남,63세,기타불명
2022050700100182,2022년 5월 7일 12시,토요일,전라남도 화순군 춘양면,중상사고,0,4,2,0,차대차 - 측면충돌,직진우회전진행방해,건조,맑음,교차로 - 교차로안,승용,여,53세,중상,화물,남,62세,경상
2022050700100183,2022년 5월 7일 12시,토요일,전라남도 함평군 함평읍,경상사고,0,0,2,2,차대차 - 정면충돌,교차로운행방법위반,건조,맑음,교차로 - 교차로안,승용,여,39세,상해없음,승용,여,65세,경상
2022050700100271,2022년 5월 7일 14시,토요일,전라남도 순천시 송광면,중상사고,0,1,0,0,차량단독 - 전도전복 - 전복,안전운전불이행,건조,맑음,기타 - 기타,승용,여,72세,중상,,,,
2022050700100308,2022년 5월 7일 15시,토요일,전라남도 무안군 삼향읍,경상사고,0,0,3,0,차대차 - 정면충돌,신호위반,건조,맑음,교차로 - 교차로안,승용,남,54세,경상,승용,여,31세,경상
2022050700100309,2022년 5월 7일 15시,토요일,전라남도 광양시 중동,경상사고,0,0,2,0,차대차 - 기타,안전거리미확보,건조,맑음,교차로 - 교차로부근,승용,남,30세,상해없음,승용,남,27세,경상
2022050700100345,2022년 5월 7일 16시,토요일,전라남도 강진군 성전면,경상사고,0,0,2,0,차대차 - 기타,기타,건조,맑음,단일로 - 기타,화물,남,68세,상해없음,승용,여,50세,경상
2022050700100386,2022년 5월 7일 17시,토요일,전라남도 목포시 연산동,경상사고,0,0,1,0,차대차 - 측면충돌,안전운전불이행,건조,맑음,단일로 - 기타,승용,남,44세,상해없음,승용,남,42세,경상
2022050700100387,2022년 5월 7일 17시,토요일,전라남도 여수시 학동,중상사고,0,1,0,0,차대사람 - 기타,안전운전불이행,건조,맑음,단일로 - 기타,승용,남,60세,상해없음,보행자,여,70세,중상
2022050700100388,2022년 5월 7일 17시,토요일,전라남도 나주시 빛가람동,중상사고,0,1,0,0,차대사람 - 횡단중,보행자보호의무위반,건조,맑음,교차로 - 교차로안,승용,여,42세,상해없음,보행자,남,63세,중상
2022050700100422,2022년 5월 7일 18시,토요일,전라남도 목포시 상동,경상사고,0,0,2,0,차대차 - 기타,중앙선침범,건조,맑음,단일로 - 기타,승용,여,44세,상해없음,승용,남,43세,경상
2022050700100423,2022년 5월 7일 18시,토요일,전라남도 신안군 증도면,중상사고,0,1,0,0,차량단독 - 도로외이탈 - 추락,안전운전불이행,건조,맑음,기타 - 기타,화물,여,63세,상해없음,,,,
2022050700100424,2022년 5월 7일 18시,토요일,전라남도 여수시 학동,중상사고,0,1,0,0,차대사람 - 기타,안전운전불이행,건조,맑음,단일로 - 기타,화물,남,68세,상해없음,보행자,여,80세,중상
2022050700100455,2022년 5월 7일 19시,토요일,전라남도 여수시 교동,경상사고,0,0,1,0,차대사람 - 기타,안전운전불이행,건조,맑음,교차로 - 교차로안,승용,여,50세,상해없음,보행자,여,13세,경상
2022050700100483,2022년 5월 7일 20시,토요일,전라남도 장성군 장성읍,경상사고,0,0,1,0,차대차 - 측면충돌,안전운전불이행,건조,맑음,단일로 - 기타,화물,남,47세,상해없음,자전거,남,45세,경상
2022050700100511,2022년 5월 7일 21시,토요일,전라남도 목포시 상동,경상사고,0,0,1,0,차대차 - 측면충돌,안전운전불이행,건조,맑음,단일로 - 기타,승용,남,26세,상해없음,승용,남,27세,경상
2022050800100097,2022년 5월 8일 10시,일요일,전라남도 순천시 해룡면,중상사고,0,1,1,0,차대차 - 기타,안전운전불이행,건조,맑음,교차로 - 교차로안,승용,여,34세,상해없음,승용,남,37세,경상
2022050800100098,2022년 5월 8일 10시,일요일,전라남도 순천시 해룡면,경상사고,0,0,1,0,차대차 - 측면충돌,안전운전불이행,건조,맑음,단일로 - 기타,화물,여,60세,기타불명,승용,남,30세,경상
2022050800100121,2022년 5월 8일 11시,일요일,전라남도 담양군 대전면,경상사고,0,0,1,0,차대사람 - 기타,안전운전불이행,건조,맑음,단일로 - 기타,승용,남,45세,상해없음,보행자,남,75세,경상
2022050800100154,2022년 5월 8일 12시,일요일,전라남도 여수시 학동,경상사고,0,0,1,0,차대차 - 측면충돌,안전운전불이행,건조,맑음,교차로 - 교차로부근,승용,남,66세,상해없음,승용,여,30세,상해없음
2022050800100195,2022년 5월 8일 13시,일요일,전라남도 목포시 상동,경상사고,0,0,2,0,차대차 - 측면충돌,신호위반,건조,맑음,교차로 - 교차로안,승용,여,61세,경상,승용,남,47세,경상
2022050800100196,2022년 5월 8일 13시,일요일,전라남도 영암군 덕진면,중상사고,0,2,2,4,차대차 - 추돌,안전운전불이행,건조,맑음,교차로 - 교차로부근,화물,남,66세,기타불명,승용,여,55세,경상
2022050800100197,2022년 5월 8일 13시,일요일,전라남도 광양시 진상면,경상사고,0,0,1,0,차대차 - 정면충돌,중앙선침범,건조,맑음,단일로 - 기타,승용,남,57세,상해없음,승용,남,52세,경상
2022050800100198,2022년 5월 8일 13시,일요일,전라남도 광양시 광양읍,중상사고,0,1,1,0,차대차 - 정면충돌,안전운전불이행,건조,맑음,교차로 - 교차로안,승용,남,52세,경상,승용,남,34세,중상
2022050800100231,2022년 5월 8일 14시,일요일,전라남도 나주시 경현동,경상사고,0,0,2,0,차대차 - 기타,안전운전불이행,건조,맑음,단일로 - 기타,승용,남,35세,상해없음,승용,남,33세,경상
2022050800100257,2022년 5월 8일 15시,일요일,전라남도 해남군 화원면,중상사고,0,1,4,0,차대차 - 추돌,안전운전불이행,건조,맑음,교차로 - 교차로부근,승용,남,53세,상해없음,승용,남,45세,경상
2022050800100258,2022년 5월 8일 15시,일요일,전라남도 보성군 조성면,중상사고,0,1,1,0,차대차 - 측면충돌,직진우회전진행방해,건조,맑음,교차로 - 교차로안,화물,남,60세,경상,승용,여,57세,중상
2022050800100259,2022년 5월 8일 15시,일요일,전라남도 영암군 영암읍,경상사고,0,0,3,0,차대차 - 추돌,안전운전불이행,건조,맑음,교차로 - 교차로부근,승용,여,50세,상해없음,승용,여,40세,경상
2022050800100260,2022년 5월 8일 15시,일요일,전라남도 담양군 담양읍,경상사고,0,0,2,0,차대사람 - 차도통행중,안전운전불이행,건조,맑음,기타 - 기타,승용,남,59세,상해없음,보행자,여,37세,경상
2022050800100261,2022년 5월 8일 15시,일요일,전라남도 장성군 남면,중상사고,0,1,5,0,차대차 - 추돌,안전운전불이행,건조,맑음,단일로 - 터널,승용,남,40세,상해없음,승용,남,56세,경상
2022050800100288,2022년 5월 8일 16시,일요일,전라남도 담양군 고서면,경상사고,0,0,5,0,차대차 - 측면충돌,중앙선침범,건조,맑음,단일로 - 기타,승용,여,61세,상해없음,승용,남,60세,경상
2022050800100354,2022년 5월 8일 18시,일요일,전라남도 여수시 충무동,중상사고,0,1,0,0,차대사람 - 횡단중,안전운전불이행,건조,맑음,교차로 - 교차로부근,승용,남,70세,상해없음,보행자,여,75세,중상
2022050800100381,2022년 5월 8일 19시,일요일,전라남도 여수시 문수동,경상사고,0,0,2,0,차대차 - 측면충돌,안전운전불이행,건조,맑음,교차로 - 교차로부근,승용,남,55세,상해없음,승용,남,49세,경상
2022050800100382,2022년 5월 8일 19시,일요일,전라남도 순천시 조곡동,경상사고,0,0,1,0,차대차 - 측면충돌,안전운전불이행,건조,맑음,단일로 - 기타,승용,여,52세,상해없음,승용,남,66세,경상
2022050800100450,2022년 5월 8일 21시,일요일,전라남도 무안군 무안읍,중상사고,0,1,0,0,차대사람 - 횡단중,보행자보호의무위반,건조,맑음,교차로 - 교차로부근,승용,여,57세,상해없음,보행자,여,21세,중상
2022050900100071,2022년 5월 9일 07시,월요일,전라남도 여수시 화정면,부상신고사고,0,0,0,1,차대차 - 기타,안전운전불이행,건조,맑음,기타 - 기타,원동기,여,62세,부상신고,건설기계,남,50세,상해없음
2022050900100072,2022년 5월 9일 07시,월요일,전라남도 순천시 석현동,경상사고,0,0,1,0,차대차 - 기타,안전운전불이행,건조,맑음,교차로 - 교차로안,화물,남,66세,기타불명,승용,여,47세,경상
2022050900100073,2022년 5월 9일 07시,월요일,전라남도 장성군 장성읍,경상사고,0,0,1,0,차대차 - 측면충돌,안전운전불이행,건조,맑음,교차로 - 교차로안,승용,남,58세,상해없음,승용,남,52세,경상
2022050900100106,2022년 5월 9일 08시,월요일,전라남도 화순군 도곡면,경상사고,0,0,1,0,차대차 - 측면충돌,신호위반,건조,맑음,교차로 - 교차로안,건설기계,남,44세,상해없음,화물,남,66세,경상
2022050900100143,2022년 5월 9일 09시,월요일,전라남도 신안군 암태면,경상사고,0,0,1,0,차대차 - 측면충돌,직진우회전진행방해,건조,맑음,교차로 - 교차로안,화물,남,76세,상해없음,이륜,여,61세,경상
2022050900100213,2022년 5월 9일 11시,월요일,전라남도 목포시 산정동,경상사고,0,0,1,0,차대사람 - 기타,안전운전불이행,건조,맑음,교차로 - 교차로부근,화물,남,58세,상해없음,보행자,남,77세,경상
2022050900100214,2022년 5월 9일 11시,월요일,전라남도 순천시 남정동,중상사고,0,1,1,0,차대사람 - 기타,기타,건조,맑음,단일로 - 기타,개인형이동수단(PM),남,21세,경상,보행자,여,70세,중상
2022050900100215,2022년 5월 9일 11시,월요일,전라남도 해남군 해남읍,중상사고,0,1,0,0,차대차 - 측면충돌,교차로운행방법위반,건조,맑음,교차로 - 교차로안,승용,여,71세,상해없음,승용,남,32세,중상
2022050900100216,2022년 5월 9일 11시,월요일,전라남도 담양군 수북면,경상사고,0,0,2,0,차대차 - 추돌,안전거리미확보,건조,맑음,교차로 - 교차로부근,건설기계,남,47세,상해없음,승용,여,25세,경상
2022050900100241,2022년 5월 9일 12시,월요일,전라남도 무안군 무안읍,경상사고,0,0,1,0,차대차 - 측면충돌,안전운전불이행,건조,맑음,교차로 - 교차로안,승용,남,35세,상해없음,승용,남,79세,경상
2022050900100275,2022년 5월 9일 13시,월요일,전라남도 여수시 신기동,경상사고,0,0,2,0,차대차 - 측면충돌,기타,건조,맑음,교차로 - 교차로부근,승용,남,23세,경상,화물,남,70세,경상
2022050900100276,2022년 5월 9일 13시,월요일,전라남도 강진군 병영면,경상사고,0,0,2,0,차대차 - 측면충돌,교차로운행방법위반,건조,맑음,교차로 - 교차로안,화물,남,61세,상해없음,승용,남,73세,경상
2022050900100277,2022년 5월 9일 13시,월요일,전라남도 광양시 도이동,경상사고,0,0,1,0,차대차 - 측면충돌,교차로운행방법위반,건조,맑음,교차로 - 교차로안,화물,여,56세,상해없음,승용,남,25세,경상
2022050900100320,2022년 5월 9일 14시,월요일,전라남도 완도군 완도읍,경상사고,0,0,2,0,차대차 - 기타,안전운전불이행,건조,맑음,단일로 - 기타,화물,남,72세,상해없음,승용,여,68세,기타불명
2022050900100321,2022년 5월 9일 14시,월요일,전라남도 광양시 광양읍,중상사고,0,1,0,0,차대차 - 측면충돌,신호위반,건조,맑음,교차로 - 교차로안,승용,남,55세,상해없음,이륜,남,31세,중상
2022050900100322,2022년 5월 9일 14시,월요일,전라남도 광양시 중동,경상사고,0,0,1,0,차대차 - 기타,기타,건조,맑음,단일로 - 기타,승용,여,48세,상해없음,승용,남,48세,경상
2022050900100362,2022년 5월 9일 15시,월요일,전라남도 고흥군 영남면,경상사고,0,0,1,0,차대차 - 기타,교차로운행방법위반,건조,맑음,교차로 - 교차로안,화물,남,69세,상해없음,원동기,남,45세,경상
2022050900100414,2022년 5월 9일 16시,월요일,전라남도 목포시 옥암동,경상사고,0,0,3,0,차대차 - 정면충돌,안전운전불이행,건조,맑음,교차로 - 교차로부근,승용,남,49세,상해없음,승용,남,51세,경상
2022050900100415,2022년 5월 9일 16시,월요일,전라남도 여수시 둔덕동,사망사고,1,0,2,0,차대차 - 정면충돌,신호위반,건조,맑음,교차로 - 교차로안,화물,남,55세,사망,승용,남,24세,경상
2022050900100452,2022년 5월 9일 17시,월요일,전라남도 여수시 평여동,경상사고,0,0,1,0,차대차 - 추돌,신호위반,건조,맑음,단일로 - 터널,화물,남,53세,상해없음,승용,남,35세,경상
2022050900100453,2022년 5월 9일 17시,월요일,전라남도 순천시 서면,경상사고,0,0,1,0,차대차 - 기타,안전운전불이행,건조,맑음,단일로 - 기타,승용,남,60세,상해없음,승용,남,54세,경상
2022050900100454,2022년 5월 9일 17시,월요일,전라남도 영암군 삼호읍,경상사고,0,0,2,0,차대차 - 측면충돌,안전운전불이행,건조,맑음,교차로 - 교차로안,승용,남,59세,경상,승용,여,22세,경상
2022050900100499,2022년 5월 9일 18시,월요일,전라남도 여수시 봉계동,경상사고,0,0,1,0,차대차 - 측면충돌,신호위반,건조,맑음,교차로 - 교차로안,이륜,남,26세,상해없음,승용,여,27세,경상
2022050900100500,2022년 5월 9일 18시,월요일,전라남도 여수시 평여동,중상사고,0,1,0,0,차대차 - 추돌,안전운전불이행,건조,맑음,단일로 - 터널,승용,여,34세,중상,화물,기타불명,미분류,기타불명
2022050900100536,2022년 5월 9일 19시,월요일,전라남도 목포시 옥암동,경상사고,0,0,1,1,차대차 - 기타,직진우회전진행방해,건조,맑음,교차로 - 교차로안,승용,남,64세,부상신고,승용,여,28세,경상
2022050900100562,2022년 5월 9일 20시,월요일,전라남도 광양시 광양읍,경상사고,0,0,1,0,차대차 - 측면충돌,안전운전불이행,건조,맑음,기타 - 기타,승용,여,26세,상해없음,승용,남,28세,경상
2022051000100110,2022년 5월 10일 08시,화요일,전라남도 여수시 학동,중상사고,0,1,1,0,차대차 - 기타,안전운전불이행,건조,맑음,교차로 - 교차로안,승용,남,27세,상해없음,승용,남,29세,중상
2022051000100161,2022년 5월 10일 09시,화요일,전라남도 목포시 옥암동,부상신고사고,0,0,0,1,차대차 - 측면충돌,중앙선침범,건조,맑음,단일로 - 기타,자전거,남,27세,부상신고,승용,여,36세,상해없음
2022051000100162,2022년 5월 10일 09시,화요일,전라남도 순천시 서면,경상사고,0,0,1,0,차대차 - 측면충돌,안전운전불이행,건조,맑음,단일로 - 기타,특수,남,44세,상해없음,승용,남,41세,경상
2022051000100163,2022년 5월 10일 09시,화요일,전라남도 완도군 완도읍,경상사고,0,0,1,0,차대사람 - 횡단중,안전운전불이행,건조,맑음,교차로 - 교차로부근,승용,여,37세,상해없음,보행자,여,33세,경상
2022051000100192,2022년 5월 10일 10시,화요일,전라남도 목포시 석현동,경상사고,0,0,2,0,차대차 - 측면충돌,안전운전불이행,건조,맑음,교차로 - 교차로부근,승용,남,74세,상해없음,승용,남,75세,경상
2022051000100193,2022년 5월 10일 10시,화요일,전라남도 순천시 연향동,경상사고,0,0,2,0,차대차 - 측면충돌,중앙선침범,건조,맑음,교차로 - 교차로안,승용,여,33세,경상,화물,남,66세,상해없음
2022051000100194,2022년 5월 10일 10시,화요일,전라남도 곡성군 곡성읍,경상사고,0,0,1,0,차대사람 - 기타,안전운전불이행,건조,맑음,주차장 - 주차장,화물,남,58세,상해없음,보행자,여,86세,경상
2022051000100220,2022년 5월 10일 11시,화요일,전라남도 순천시 저전동,경상사고,0,0,1,0,차대차 - 기타,안전운전불이행,건조,맑음,교차로 - 교차로안,승용,남,50세,상해없음,승합,남,40세,상해없음
2022051000100221,2022년 5월 10일 11시,화요일,전라남도 나주시 남평읍,경상사고,0,0,3,0,차대차 - 정면충돌,중앙선침범,건조,맑음,단일로 - 기타,승용,남,63세,경상,승용,여,78세,상해없음
2022051000100222,2022년 5월 10일 11시,화요일,전라남도 완도군 신지면,경상사고,0,0,3,0,차대차 - 측면충돌,교차로운행방법위반,건조,맑음,교차로 - 교차로안,승용,여,42세,경상,승용,남,66세,경상
2022051000100334,2022년 5월 10일 14시,화요일,전라남도 여수시 문수동,경상사고,0,0,1,0,차대차 - 측면충돌,교차로운행방법위반,건조,맑음,교차로 - 교차로안,승용,남,38세,상해없음,승용,남,39세,경상
2022051000100335,2022년 5월 10일 14시,화요일,전라남도 해남군 해남읍,중상사고,0,1,0,0,차대차 - 측면충돌,신호위반,건조,맑음,단일로 - 기타,승용,남,29세,기타불명,승용,여,41세,중상
2022051000100336,2022년 5월 10일 14시,화요일,전라남도 영암군 영암읍,경상사고,0,0,1,0,차대차 - 정면충돌,안전운전불이행,건조,맑음,교차로 - 교차로부근,승용,남,67세,경상,화물,남,67세,상해없음
2022051000100363,2022년 5월 10일 15시,화요일,전라남도 나주시 다시면,경상사고,0,0,1,0,차대차 - 추돌,안전거리미확보,건조,맑음,교차로 - 교차로부근,화물,남,33세,상해없음,화물,남,27세,경상
2022051000100415,2022년 5월 10일 16시,화요일,전라남도 구례군 구례읍,경상사고,0,0,2,0,차대차 - 측면충돌,중앙선침범,건조,맑음,단일로 - 기타,승용,여,63세,상해없음,승용,여,56세,경상
2022051000100495,2022년 5월 10일 18시,화요일,전라남도 목포시 창평동,경상사고,0,0,3,0,차대차 - 측면충돌,직진우회전진행방해,건조,맑음,교차로 - 교차로안,승용,남,54세,경상,승용,남,62세,경상
2022051000100527,2022년 5월 10일 19시,화요일,전라남도 여수시 신월동,경상사고,0,0,1,0,차대차 - 기타,안전운전불이행,젖음/습기,비,단일로 - 기타,화물,남,49세,상해없음,이륜,남,41세,경상
2022051000100528,2022년 5월 10일 19시,화요일,전라남도 순천시 조곡동,부상신고사고,0,0,0,1,차대사람 - 횡단중,안전운전불이행,건조,맑음,단일로 - 기타,승용,남,69세,상해없음,보행자,여,16세,부상신고
2022051000100556,2022년 5월 10일 20시,화요일,전라남도 영암군 삼호읍,경상사고,0,0,1,0,차대사람 - 차도통행중,안전운전불이행,건조,맑음,단일로 - 기타,승용,여,52세,상해없음,보행자,여,65세,경상
2022051000100584,2022년 5월 10일 21시,화요일,전라남도 순천시 서면,경상사고,0,0,1,0,차량단독 - 기타,안전운전불이행,건조,맑음,단일로 - 기타,승용,남,62세,상해없음,,,,
2022051000100597,2022년 5월 10일 22시,화요일,전라남도 여수시 미평동,중상사고,0,1,1,0,차대차 - 측면충돌,안전운전불이행,젖음/습기,비,단일로 - 기타,승용,여,62세,상해없음,승용,여,66세,경상
2022051100100032,2022년 5월 11일 05시,수요일,전라남도 무안군 해제면,경상사고,0,0,1,0,차대차 - 측면충돌,안전운전불이행,건조,맑음,단일로 - 기타,화물,남,72세,상해없음,사륜오토바이(ATV),여,75세,경상
2022051100100063,2022년 5월 11일 07시,수요일,전라남도 목포시 용당동,경상사고,0,0,1,0,차대차 - 측면충돌,안전운전불이행,건조,맑음,단일로 - 기타,승용,남,70세,상해없음,자전거,남,60세,경상
2022051100100098,2022년 5월 11일 08시,수요일,전라남도 여수시 웅천동,경상사고,0,0,3,0,차대차 - 측면충돌,차로위반,건조,맑음,단일로 - 기타,승용,여,43세,상해없음,승용,남,39세,경상
2022051100100135,2022년 5월 11일 09시,수요일,전라남도 무안군 삼향읍,경상사고,0,0,1,0,차량단독 - 기타,안전운전불이행,건조,맑음,기타 - 기타,화물,남,67세,경상,,,,
2022051100100136,2022년 5월 11일 09시,수요일,전라남도 무안군 청계면,경상사고,0,0,1,0,차대차 - 측면충돌,안전거리미확보,건조,맑음,단일로 - 기타,화물,남,64세,상해없음,승용,여,48세,경상
2022051100100165,2022년 5월 11일 10시,수요일,전라남도 목포시 산정동,경상사고,0,0,1,0,차대차 - 측면충돌,신호위반,건조,맑음,교차로 - 교차로안,승용,여,62세,상해없음,화물,남,66세,경상
2022051100100166,2022년 5월 11일 10시,수요일,전라남도 순천시 조례동,중상사고,0,1,0,0,차대차 - 측면충돌,신호위반,건조,맑음,교차로 - 교차로안,화물,남,78세,상해없음,승용,여,60세,중상
2022051100100211,2022년 5월 11일 12시,수요일,전라남도 순천시 풍덕동,경상사고,0,0,1,0,차대차 - 측면충돌,안전운전불이행,건조,맑음,단일로 - 기타,승용,남,62세,상해없음,승용,남,47세,경상
2022051100100274,2022년 5월 11일 14시,수요일,전라남도 장흥군 장흥읍,경상사고,0,0,1,0,차대차 - 정면충돌,안전운전불이행,건조,맑음,교차로 - 교차로안,자전거,여,62세,경상,승용,남,33세,상해없음
2022051100100313,2022년 5월 11일 15시,수요일,전라남도 광양시 광양읍,중상사고,0,1,0,0,차대차 - 측면충돌,교차로운행방법위반,건조,맑음,교차로 - 교차로안,승용,여,59세,상해없음,이륜,여,71세,중상
2022051100100346,2022년 5월 11일 16시,수요일,전라남도 순천시 덕월동,중상사고,0,1,0,0,차대차 - 측면충돌,안전운전불이행,건조,맑음,교차로 - 교차로안,자전거,남,8세,중상,승용,남,68세,상해없음
2022051100100347,2022년 5월 11일 16시,수요일,전라남도 함평군 엄다면,중상사고,0,1,0,0,차량단독 - 도로외이탈 - 기타,안전운전불이행,건조,맑음,단일로 - 기타,사륜오토바이(ATV),여,80세,중상,,,,
2022051100100348,2022년 5월 11일 16시,수요일,전라남도 강진군 강진읍,경상사고,0,0,2,0,차대차 - 추돌,기타,건조,맑음,교차로 - 교차로안,승용,여,51세,경상,승용,남,64세,경상
2022051100100403,2022년 5월 11일 17시,수요일,전라남도 해남군 송지면,중상사고,0,1,0,0,차대차 - 측면충돌,기타,건조,맑음,교차로 - 교차로안,승용,남,37세,상해없음,원동기,남,79세,중상
2022051100100404,2022년 5월 11일 17시,수요일,전라남도 담양군 대전면,경상사고,0,0,1,0,차량단독 - 기타,안전운전불이행,건조,맑음,단일로 - 기타,자전거,남,22세,경상,,,,
2022051100100405,2022년 5월 11일 17시,수요일,전라남도 담양군 담양읍,경상사고,0,0,1,0,차대차 - 기타,불법유턴,건조,맑음,단일로 - 기타,승용,남,35세,상해없음,이륜,남,46세,경상
2022051100100485,2022년 5월 11일 19시,수요일,전라남도 순천시 석현동,경상사고,0,0,1,0,차대차 - 후진중충돌,안전운전불이행,건조,맑음,기타 - 기타,화물,남,56세,상해없음,원동기,남,36세,경상
2022051100100513,2022년 5월 11일 20시,수요일,전라남도 목포시 죽교동,경상사고,0,0,2,0,차대차 - 측면충돌,안전운전불이행,건조,기타,교차로 - 교차로부근,화물,남,57세,상해없음,승용,남,68세,경상
2022051100100514,2022년 5월 11일 20시,수요일,전라남도 해남군 북일면,중상사고,0,1,0,0,차대차 - 추돌,안전운전불이행,건조,맑음,단일로 - 기타,화물,남,58세,상해없음,농기계,남,67세,중상
2022051100100515,2022년 5월 11일 20시,수요일,전라남도 완도군 완도읍,경상사고,0,0,1,0,차대차 - 기타,안전운전불이행,건조,맑음,교차로 - 교차로안,승용,남,25세,상해없음,승용,여,51세,경상