사고번호,사고일시,요일,시군구,사고내용,사망자수,중상자수,경상자수,부상신고자수,사고유형,법규위반,노면상태,기상상태,도로형태,가해운전자 차종,가해운전자 성별,가해운전자 연령,가해운전자 상해정도,피해운전자 차종,피해운전자 성별,피해운전자 연령,피해운전자 상해정도
2022051800100106,2022년 5월 18일 08시,수요일,전라남도 완도군 완도읍,경상사고,0,0,1,0,차대차 - 기타,안전운전불이행,건조,맑음,단일로 - 기타,승용,남,66세,상해없음,승용,남,60세,경상
2022051800100107,2022년 5월 18일 08시,수요일,전라남도 광양시 광양읍,중상사고,0,1,1,0,차대차 - 측면충돌,직진우회전진행방해,건조,맑음,교차로 - 교차로안,승용,여,65세,중상,화물,남,60세,경상
2022051800100108,2022년 5월 18일 08시,수요일,전라남도 광양시 광양읍,경상사고,0,0,1,0,차대차 - 측면충돌,신호위반,건조,맑음,교차로 - 교차로안,건설기계,남,67세,상해없음,화물,남,29세,경상
2022051800100154,2022년 5월 18일 09시,수요일,전라남도 영암군 신북면,경상사고,0,0,1,0,차대차 - 측면충돌,안전거리미확보,건조,맑음,단일로 - 기타,이륜,남,78세,경상,승용,여,44세,상해없음
2022051800100181,2022년 5월 18일 10시,수요일,전라남도 신안군 지도읍,경상사고,0,0,1,0,차대차 - 측면충돌,교차로운행방법위반,건조,흐림,교차로 - 교차로부근,승합,여,47세,상해없음,화물,남,22세,경상
2022051800100182,2022년 5월 18일 10시,수요일,전라남도 영광군 영광읍,중상사고,0,1,0,0,차대차 - 측면충돌,직진우회전진행방해,건조,맑음,교차로 - 교차로안,이륜,남,75세,중상,승용,남,80세,상해없음
2022051800100205,2022년 5월 18일 11시,수요일,전라남도 담양군 무정면,경상사고,0,0,3,0,차대차 - 정면충돌,안전운전불이행,건조,맑음,교차로 - 교차로안,화물,남,56세,상해없음,승용,여,61세,경상
2022051800100225,2022년 5월 18일 12시,수요일,전라남도 장성군 삼계면,중상사고,0,1,8,1,차대차 - 기타,신호위반,건조,맑음,교차로 - 교차로안,건설기계,남,28세,상해없음,승용,남,38세,경상
2022051800100288,2022년 5월 18일 14시,수요일,전라남도 순천시 연향동,중상사고,0,1,0,0,차대사람 - 횡단중,안전운전불이행,건조,맑음,교차로 - 교차로안,승용,남,44세,상해없음,보행자,여,70세,중상
2022051800100289,2022년 5월 18일 14시,수요일,전라남도 고흥군 고흥읍,경상사고,0,0,2,0,차대차 - 기타,기타,건조,맑음,교차로 - 교차로안,승용,여,56세,경상,승용,남,29세,경상
2022051800100290,2022년 5월 18일 14시,수요일,전라남도 강진군 강진읍,경상사고,0,0,1,0,차대사람 - 횡단중,안전운전불이행,건조,맑음,교차로 - 교차로안,승용,남,60세,상해없음,보행자,여,70세,경상
2022051800100343,2022년 5월 18일 15시,수요일,전라남도 여수시 신기동,경상사고,0,0,1,0,차대사람 - 횡단중,보행자보호의무위반,건조,맑음,교차로 - 교차로안,승용,여,49세,상해없음,보행자,남,15세,경상
2022051800100344,2022년 5월 18일 15시,수요일,전라남도 장흥군 장흥읍,경상사고,0,0,2,0,차대차 - 기타,신호위반,건조,맑음,교차로 - 교차로안,승용,남,62세,상해없음,승용,남,33세,경상
2022051800100345,2022년 5월 18일 15시,수요일,전라남도 완도군 완도읍,경상사고,0,0,1,0,차대사람 - 기타,안전운전불이행,건조,맑음,단일로 - 기타,승용,남,60세,상해없음,보행자,남,50세,경상
2022051800100386,2022년 5월 18일 16시,수요일,전라남도 여수시 여서동,부상신고사고,0,0,0,1,차대차 - 측면충돌,신호위반,건조,맑음,교차로 - 교차로부근,이륜,여,35세,부상신고,승용,여,51세,상해없음
2022051800100387,2022년 5월 18일 16시,수요일,전라남도 여수시 해산동,경상사고,0,0,2,0,차대차 - 측면충돌,안전운전불이행,건조,맑음,단일로 - 기타,승용,남,32세,상해없음,승용,남,20세,경상
2022051800100388,2022년 5월 18일 16시,수요일,전라남도 여수시 덕충동,경상사고,0,0,1,0,차대차 - 기타,교차로운행방법위반,건조,맑음,교차로 - 교차로안,승용,여,51세,상해없음,승용,여,42세,경상
2022051800100389,2022년 5월 18일 16시,수요일,전라남도 순천시 조곡동,경상사고,0,0,1,0,차대차 - 측면충돌,중앙선침범,건조,맑음,단일로 - 기타,건설기계,남,67세,상해없음,승용,남,45세,경상
2022051800100390,2022년 5월 18일 16시,수요일,전라남도 장흥군 용산면,경상사고,0,0,1,0,차량단독 - 전도전복 - 전도,안전거리미확보,건조,맑음,단일로 - 기타,이륜,남,60세,경상,,,,
2022051800100435,2022년 5월 18일 17시,수요일,전라남도 여수시 화장동,경상사고,0,0,2,0,차대차 - 측면충돌,안전운전불이행,건조,맑음,단일로 - 기타,승용,남,75세,상해없음,승용,남,51세,경상
2022051800100485,2022년 5월 18일 18시,수요일,전라남도 순천시 조례동,경상사고,0,0,2,0,차대차 - 측면충돌,안전운전불이행,건조,맑음,단일로 - 기타,화물,남,50세,상해없음,승용,남,32세,경상
2022051800100487,2022년 5월 18일 18시,수요일,전라남도 장성군 서삼면,중상사고,0,1,1,0,차량단독 - 전도전복 - 전도,안전운전불이행,건조,맑음,단일로 - 기타,승용,남,74세,경상,,,,
2022051800100488,2022년 5월 18일 18시,수요일,전라남도 강진군 강진읍,중상사고,0,2,0,1,차대차 - 추돌,안전운전불이행,건조,맑음,단일로 - 기타,화물,남,64세,부상신고,승용,남,42세,중상
2022051800100525,2022년 5월 18일 19시,수요일,전라남도 목포시 석현동,중상사고,0,1,0,0,차대사람 - 횡단중,안전운전불이행,건조,맑음,교차로 - 교차로횡단보도내,화물,남,53세,상해없음,보행자,여,75세,중상
2022051800100548,2022년 5월 18일 20시,수요일,전라남도 여수시 학동,경상사고,0,0,1,0,차대차 - 정면충돌,교차로운행방법위반,건조,맑음,단일로 - 기타,승용,여,47세,상해없음,승용,여,53세,경상
2022051800100549,2022년 5월 18일 20시,수요일,전라남도 장성군 삼계면,경상사고,0,0,2,0,차대차 - 측면충돌,중앙선침범,건조,맑음,단일로 - 기타,화물,남,40세,경상,승용,남,31세,경상
2022051800100608,2022년 5월 18일 23시,수요일,전라남도 순천시 조례동,중상사고,0,1,0,0,차대차 - 측면충돌,안전운전불이행,건조,맑음,교차로 - 교차로안,자전거,남,28세,중상,승용,남,44세,상해없음
2022051900100054,2022년 5월 19일 06시,목요일,전라남도 광양시 광양읍,경상사고,0,0,1,0,차대차 - 기타,안전운전불이행,건조,맑음,단일로 - 기타,승용,여,45세,상해없음,자전거,남,79세,경상
2022051900100156,2022년 5월 19일 09시,목요일,전라남도 순천시 장천동,경상사고,0,0,2,0,차대차 - 측면충돌,안전운전불이행,건조,맑음,단일로 - 기타,화물,남,49세,경상,승용,여,56세,경상
2022051900100213,2022년 5월 19일 11시,목요일,전라남도 광양시 금호동,경상사고,0,0,2,0,차대차 - 기타,신호위반,건조,맑음,교차로 - 교차로안,특수,남,55세,상해없음,화물,남,59세,경상
2022051900100270,2022년 5월 19일 13시,목요일,전라남도 순천시 왕지동,경상사고,0,0,1,0,차대차 - 측면충돌,안전운전불이행,건조,맑음,교차로 - 교차로안,승용,남,57세,상해없음,승용,여,39세,경상
2022051900100296,2022년 5월 19일 14시,목요일,전라남도 순천시 왕지동,경상사고,0,0,1,0,차대차 - 추돌,안전운전불이행,건조,맑음,단일로 - 기타,이륜,남,25세,경상,승용,남,54세,상해없음
2022051900100348,2022년 5월 19일 16시,목요일,전라남도 여수시 돌산읍,경상사고,0,0,1,0,차대차 - 기타,안전운전불이행,건조,맑음,단일로 - 기타,승용,남,69세,기타불명,이륜,남,29세,경상
2022051900100349,2022년 5월 19일 16시,목요일,전라남도 고흥군 두원면,부상신고사고,0,0,0,1,차대차 - 기타,안전운전불이행,건조,맑음,교차로 - 교차로부근,승용,여,60세,상해없음,이륜,남,80세,부상신고
2022051900100350,2022년 5월 19일 16시,목요일,전라남도 구례군 구례읍,중상사고,0,1,0,0,차대차 - 측면충돌,직진우회전진행방해,건조,맑음,교차로 - 교차로안,승용,남,30세,기타불명,이륜,남,57세,중상
2022051900100480,2022년 5월 19일 19시,목요일,전라남도 순천시 연향동,경상사고,0,0,1,0,차대차 - 기타,중앙선침범,건조,맑음,단일로 - 기타,승용,남,43세,상해없음,승용,남,67세,상해없음
2022051900100502,2022년 5월 19일 20시,목요일,전라남도 목포시 옥암동,경상사고,0,0,1,0,차대차 - 기타,안전운전불이행,건조,맑음,기타 - 기타,승용,남,35세,기타불명,승용,남,30세,경상
2022051900100561,2022년 5월 19일 22시,목요일,전라남도 목포시 산정동,경상사고,0,0,1,0,차대차 - 기타,안전거리미확보,건조,맑음,단일로 - 기타,승용,남,24세,상해없음,이륜,남,28세,경상
2022052000100011,2022년 5월 20일 00시,금요일,전라남도 순천시 조곡동,경상사고,0,0,1,0,차대차 - 추돌,안전운전불이행,건조,맑음,단일로 - 기타,승용,남,21세,상해없음,승용,남,42세,경상
2022052000100023,2022년 5월 20일 01시,금요일,전라남도 순천시 조례동,경상사고,0,0,1,0,차대차 - 측면충돌,신호위반,건조,맑음,교차로 - 교차로안,승용,남,27세,상해없음,승용,남,59세,경상
2022052000100041,2022년 5월 20일 04시,금요일,전라남도 나주시 왕곡면,경상사고,0,0,1,0,차대차 - 측면충돌,안전운전불이행,건조,맑음,단일로 - 기타,화물,남,35세,경상,승용,남,23세,상해없음
2022052000100060,2022년 5월 20일 06시,금요일,전라남도 화순군 화순읍,경상사고,0,0,1,0,차대차 - 추돌,안전거리미확보,건조,맑음,단일로 - 터널,승용,남,58세,상해없음,승용,여,36세,경상
2022052000100080,2022년 5월 20일 07시,금요일,전라남도 여수시 미평동,경상사고,0,0,1,0,차대차 - 추돌,안전운전불이행,건조,맑음,단일로 - 기타,승용,남,75세,상해없음,승용,남,38세,경상
2022052000100081,2022년 5월 20일 07시,금요일,전라남도 완도군 완도읍,경상사고,0,0,1,0,차대차 - 기타,신호위반,건조,맑음,교차로 - 교차로안,화물,남,70세,상해없음,승용,여,61세,경상
2022052000100124,2022년 5월 20일 08시,금요일,전라남도 목포시 용해동,경상사고,0,0,1,0,차대차 - 측면충돌,신호위반,건조,맑음,교차로 - 교차로안,승용,남,67세,상해없음,승용,남,52세,경상
2022052000100125,2022년 5월 20일 08시,금요일,전라남도 담양군 수북면,경상사고,0,0,1,0,차대차 - 추돌,안전운전불이행,건조,맑음,교차로 - 교차로부근,승용,여,54세,상해없음,승용,남,31세,경상
2022052000100126,2022년 5월 20일 08시,금요일,전라남도 광양시 광영동,경상사고,0,0,1,0,차대차 - 측면충돌,신호위반,건조,맑음,교차로 - 교차로안,이륜,남,71세,경상,승용,남,38세,상해없음
2022052000100157,2022년 5월 20일 09시,금요일,전라남도 여수시 여서동,경상사고,0,0,1,0,차대차 - 측면충돌,교차로운행방법위반,건조,맑음,교차로 - 교차로안,승용,남,34세,상해없음,승용,남,63세,경상
2022052000100186,2022년 5월 20일 10시,금요일,전라남도 영암군 서호면,경상사고,0,0,1,0,차대차 - 측면충돌,중앙선침범,건조,맑음,교차로 - 교차로안,이륜,남,78세,상해없음,승용,여,53세,경상
2022052000100209,2022년 5월 20일 11시,금요일,전라남도 여수시 신기동,중상사고,0,1,0,0,차대사람 - 기타,안전운전불이행,건조,맑음,교차로 - 교차로안,건설기계,남,75세,상해없음,보행자,여,61세,중상
2022052000100239,2022년 5월 20일 12시,금요일,전라남도 여수시 오림동,경상사고,0,0,1,0,차대차 - 기타,중앙선침범,건조,맑음,단일로 - 기타,승용,여,52세,상해없음,승용,남,23세,경상
2022052000100240,2022년 5월 20일 12시,금요일,전라남도 순천시 조례동,경상사고,0,0,1,0,차대차 - 기타,안전운전불이행,건조,맑음,교차로 - 교차로안,승용,남,37세,상해없음,승용,남,63세,경상
2022052000100270,2022년 5월 20일 13시,금요일,전라남도 나주시 봉황면,중상사고,0,1,0,0,차대차 - 정면충돌,중앙선침범,건조,맑음,단일로 - 기타,화물,남,61세,상해없음,이륜,남,69세,중상
2022052000100271,2022년 5월 20일 13시,금요일,전라남도 영암군 시종면,경상사고,0,0,1,0,차량단독 - 도로외이탈 - 기타,안전운전불이행,건조,맑음,기타 - 기타,농기계,남,76세,경상,,,,
2022052000100272,2022년 5월 20일 13시,금요일,전라남도 장성군 장성읍,중상사고,0,2,1,0,차량단독 - 공작물충돌,안전운전불이행,건조,맑음,단일로 - 기타,승용,남,79세,경상,,,,
2022052000100307,2022년 5월 20일 14시,금요일,전라남도 함평군 월야면,경상사고,0,0,1,0,차대차 - 측면충돌,불법유턴,건조,맑음,교차로 - 교차로안,농기계,남,62세,상해없음,승용,여,46세,경상
2022052000100308,2022년 5월 20일 14시,금요일,전라남도 광양시 중동,부상신고사고,0,0,0,1,차대차 - 기타,안전운전불이행,건조,맑음,교차로 - 교차로안,승용,여,35세,기타불명,기타불명,남,9세,부상신고
2022052000100351,2022년 5월 20일 15시,금요일,전라남도 함평군 해보면,경상사고,0,0,1,1,차대차 - 측면충돌,기타,건조,맑음,교차로 - 교차로안,승용,남,56세,부상신고,승용,남,49세,경상
2022052000100352,2022년 5월 20일 15시,금요일,전라남도 완도군 약산면,경상사고,0,0,2,0,차대차 - 기타,중앙선침범,건조,맑음,단일로 - 기타,화물,남,75세,경상,화물,남,51세,경상
2022052000100397,2022년 5월 20일 16시,금요일,전라남도 순천시 해룡면,경상사고,0,0,1,0,차대사람 - 횡단중,보행자보호의무위반,건조,맑음,교차로 - 교차로횡단보도내,승용,남,51세,상해없음,보행자,남,11세,경상
2022052000100398,2022년 5월 20일 16시,금요일,전라남도 순천시 연향동,중상사고,0,1,0,0,차대차 - 기타,안전운전불이행,건조,맑음,단일로 - 기타,승용,남,23세,상해없음,이륜,남,22세,중상
2022052000100399,2022년 5월 20일 16시,금요일,전라남도 해남군 황산면,중상사고,0,1,0,0,차대사람 - 기타,안전운전불이행,건조,맑음,단일로 - 기타,농기계,남,66세,상해없음,보행자,여,75세,중상
2022052000100400,2022년 5월 20일 16시,금요일,전라남도 무안군 삼향읍,경상사고,0,0,1,0,차대차 - 추돌,안전운전불이행,건조,맑음,단일로 - 기타,건설기계,남,60세,기타불명,승용,여,34세,경상
2022052000100453,2022년 5월 20일 17시,금요일,전라남도 나주시 남평읍,중상사고,0,1,0,0,차대차 - 측면충돌,직진우회전진행방해,건조,맑음,교차로 - 교차로안,승용,여,27세,상해없음,승용,여,74세,중상
2022052000100454,2022년 5월 20일 17시,금요일,전라남도 고흥군 도화면,경상사고,0,0,1,0,차대차 - 후진중충돌,안전운전불이행,건조,맑음,단일로 - 기타,건설기계,남,44세,상해없음,승용,남,52세,상해없음
2022052000100455,2022년 5월 20일 17시,금요일,전라남도 완도군 약산면,경상사고,0,0,1,0,차대차 - 측면충돌,중앙선침범,건조,맑음,단일로 - 기타,화물,남,78세,상해없음,승용,여,30세,경상
2022052000100456,2022년 5월 20일 17시,금요일,전라남도 광양시 광양읍,중상사고,0,1,2,0,차대차 - 측면충돌,기타,건조,맑음,교차로 - 교차로안,승용,여,47세,중상,승용,여,26세,경상
2022052000100503,2022년 5월 20일 18시,금요일,전라남도 목포시 석현동,경상사고,0,0,4,0,차대차 - 기타,중앙선침범,건조,맑음,단일로 - 기타,승용,여,64세,상해없음,승용,남,22세,경상
2022052000100504,2022년 5월 20일 18시,금요일,전라남도 장흥군 용산면,중상사고,0,1,0,0,차량단독 - 공작물충돌,안전운전불이행,건조,맑음,단일로 - 기타,농기계,여,73세,중상,,,,
2022052000100505,2022년 5월 20일 18시,금요일,전라남도 장흥군 장흥읍,경상사고,0,0,2,1,차대차 - 측면충돌,교차로운행방법위반,건조,맑음,교차로 - 교차로안,승용,남,73세,경상,승용,남,23세,부상신고
2022052000100564,2022년 5월 20일 19시,금요일,전라남도 목포시 용당동,경상사고,0,0,1,0,차대사람 - 기타,안전운전불이행,건조,맑음,단일로 - 기타,화물,남,58세,상해없음,보행자,남,62세,경상
2022052000100594,2022년 5월 20일 20시,금요일,전라남도 여수시 신기동,경상사고,0,0,1,0,차대차 - 기타,안전운전불이행,건조,맑음,교차로 - 교차로부근,승용,남,70세,상해없음,승용,여,41세,상해없음
2022052000100595,2022년 5월 20일 20시,금요일,전라남도 순천시 해룡면,경상사고,0,0,1,0,차대차 - 기타,안전운전불이행,건조,맑음,교차로 - 교차로부근,승용,남,26세,상해없음,승용,남,25세,경상
2022052000100596,2022년 5월 20일 20시,금요일,전라남도 화순군 화순읍,중상사고,0,1,0,0,차대사람 - 횡단중,안전운전불이행,젖음/습기,흐림,단일로 - 기타,승용,남,67세,상해없음,보행자,여,79세,중상
2022052000100675,2022년 5월 20일 23시,금요일,전라남도 광양시 중동,경상사고,0,0,1,0,차대사람 - 기타,안전운전불이행,건조,맑음,기타 - 기타,승용,남,43세,상해없음,보행자,남,53세,경상
2022052100100018,2022년 5월 21일 00시,토요일,전라남도 목포시 용당동,중상사고,0,1,1,0,차대사람 - 횡단중,기타,건조,맑음,교차로 - 교차로부근,승용,남,39세,상해없음,보행자,남,18세,중상
2022052100100019,2022년 5월 21일 00시,토요일,전라남도 순천시 조례동,중상사고,0,1,0,0,차량단독 - 기타,안전운전불이행,건조,맑음,단일로 - 기타,개인형이동수단(PM),남,39세,중상,,,,
2022052100100158,2022년 5월 21일 10시,토요일,전라남도 구례군 구례읍,중상사고,0,1,0,0,차대차 - 측면충돌,교차로운행방법위반,건조,맑음,교차로 - 교차로안,승용,남,53세,상해없음,승용,남,39세,중상
2022052100100247,2022년 5월 21일 12시,토요일,전라남도 여수시 국동,경상사고,0,0,1,0,차대차 - 후진중충돌,안전운전불이행,건조,맑음,단일로 - 기타,화물,남,51세,상해없음,이륜,남,27세,경상
2022052100100285,2022년 5월 21일 13시,토요일,전라남도 목포시 석현동,경상사고,0,0,1,0,차대차 - 추돌,안전운전불이행,건조,맑음,교차로 - 교차로안,승용,남,22세,상해없음,승용,여,65세,경상
2022052100100286,2022년 5월 21일 13시,토요일,전라남도 나주시 봉황면,중상사고,0,4,1,0,차대차 - 정면충돌,중앙선침범,건조,맑음,단일로 - 기타,승용,남,66세,경상,화물,남,62세,중상
2022052100100287,2022년 5월 21일 13시,토요일,전라남도 장흥군 장흥읍,경상사고,0,0,3,0,차대차 - 추돌,안전거리미확보,건조,맑음,단일로 - 기타,화물,남,58세,상해없음,승용,남,50세,경상
2022052100100288,2022년 5월 21일 13시,토요일,전라남도 해남군 해남읍,중상사고,0,1,1,0,차대차 - 측면충돌,안전운전불이행,건조,맑음,단일로 - 기타,화물,남,48세,상해없음,승용,여,67세,중상
2022052100100289,2022년 5월 21일 13시,토요일,전라남도 영암군 삼호읍,중상사고,0,3,1,0,차대차 - 측면충돌,직진우회전진행방해,건조,맑음,교차로 - 교차로안,승용,여,43세,중상,승용,남,55세,경상
2022052100100372,2022년 5월 21일 15시,토요일,전라남도 순천시 연향동,중상사고,0,1,0,0,차대사람 - 횡단중,안전운전불이행,건조,맑음,단일로 - 기타,화물,남,39세,상해없음,보행자,여,65세,중상
2022052100100373,2022년 5월 21일 15시,토요일,전라남도 광양시 금호동,경상사고,0,0,6,0,차대차 - 측면충돌,중앙선침범,건조,맑음,단일로 - 기타,승용,남,65세,상해없음,승용,남,50세,경상
2022052100100374,2022년 5월 21일 15시,토요일,전라남도 구례군 구례읍,경상사고,0,0,1,0,차대차 - 추돌,안전운전불이행,건조,맑음,교차로 - 교차로부근,승용,여,56세,상해없음,자전거,남,72세,경상
2022052100100443,2022년 5월 21일 17시,토요일,전라남도 순천시 상사면,경상사고,0,0,1,0,차대차 - 기타,중앙선침범,건조,맑음,단일로 - 기타,승용,남,77세,상해없음,화물,남,61세,경상
2022052100100444,2022년 5월 21일 17시,토요일,전라남도 순천시 오천동,경상사고,0,0,3,0,차대차 - 기타,직진우회전진행방해,건조,맑음,교차로 - 교차로안,승용,남,29세,경상,승용,남,52세,경상
2022052100100480,2022년 5월 21일 18시,토요일,전라남도 강진군 성전면,경상사고,0,0,4,0,차대차 - 추돌,안전운전불이행,건조,맑음,단일로 - 기타,화물,남,49세,경상,승용,남,44세,경상
2022052100100539,2022년 5월 21일 20시,토요일,전라남도 목포시 상동,경상사고,0,0,5,0,차대차 - 측면충돌,신호위반,건조,맑음,교차로 - 교차로안,승용,남,59세,상해없음,승용,여,49세,경상
2022052100100563,2022년 5월 21일 21시,토요일,전라남도 함평군 나산면,중상사고,0,1,0,0,차대사람 - 기타,안전운전불이행,건조,맑음,단일로 - 기타,승용,남,54세,상해없음,보행자,남,79세,중상
2022052100100585,2022년 5월 21일 22시,토요일,전라남도 순천시 조례동,경상사고,0,0,1,0,차대차 - 측면충돌,안전운전불이행,건조,맑음,단일로 - 기타,승용,남,52세,상해없음,개인형이동수단(PM),여,20세,경상
2022052200100053,2022년 5월 22일 05시,일요일,전라남도 목포시 호남동,경상사고,0,0,1,0,차대차 - 추돌,안전운전불이행,건조,맑음,교차로 - 교차로부근,승용,남,26세,상해없음,승용,여,32세,경상
2022052200100060,2022년 5월 22일 06시,일요일,전라남도 무안군 현경면,부상신고사고,0,0,0,1,차대차 - 정면충돌,안전운전불이행,건조,맑음,교차로 - 교차로안,원동기,남,65세,부상신고,승용,남,67세,상해없음
2022052200100065,2022년 5월 22일 07시,일요일,전라남도 담양군 창평면,경상사고,0,0,1,0,차량단독 - 기타,안전운전불이행,건조,맑음,교차로 - 교차로안,이륜,남,81세,경상,,,,
2022052200100077,2022년 5월 22일 08시,일요일,전라남도 진도군 진도읍,경상사고,0,0,1,0,차대차 - 측면충돌,교차로운행방법위반,건조,맑음,교차로 - 교차로부근,승용,여,66세,상해없음,승용,여,58세,경상
2022052200100091,2022년 5월 22일 09시,일요일,전라남도 장흥군 장흥읍,경상사고,0,0,8,0,차대차 - 추돌,안전거리미확보,건조,맑음,교차로 - 교차로부근,승용,여,41세,경상,승용,남,65세,경상
2022052200100102,2022년 5월 22일 10시,일요일,전라남도 신안군 압해읍,경상사고,0,0,2,0,차대차 - 측면충돌,중앙선침범,건조,맑음,교차로 - 교차로안,승용,남,73세,상해없음,승용,남,41세,경상
2022052200100103,2022년 5월 22일 10시,일요일,전라남도 해남군 화원면,경상사고,0,0,3,0,차대차 - 측면충돌,중앙선침범,건조,맑음,단일로 - 기타,승용,여,55세,상해없음,승합,남,56세,경상
2022052200100104,2022년 5월 22일 10시,일요일,전라남도 함평군 나산면,중상사고,0,1,0,0,차대차 - 측면충돌,직진우회전진행방해,건조,맑음,교차로 - 교차로안,승합,남,66세,상해없음,이륜,남,75세,중상
2022052200100166,2022년 5월 22일 12시,일요일,전라남도 여수시 남면,중상사고,0,1,0,0,차량단독 - 도로외이탈 - 기타,안전운전불이행,건조,맑음,단일로 - 기타,승용,여,72세,중상,,,,
2022052200100167,2022년 5월 22일 12시,일요일,전라남도 영암군 금정면,경상사고,0,0,1,0,차대차 - 측면충돌,직진우회전진행방해,건조,맑음,교차로 - 교차로안,농기계,남,74세,상해없음,화물,남,78세,경상
2022052200100200,2022년 5월 22일 13시,일요일,전라남도 순천시 연향동,경상사고,0,0,1,0,차대차 - 후진중충돌,안전운전불이행,건조,맑음,교차로 - 교차로안,승용,남,72세,상해없음,승용,남,29세,경상
2022052200100235,2022년 5월 22일 14시,일요일,전라남도 순천시 풍덕동,중상사고,0,1,0,0,차대차 - 기타,안전운전불이행,건조,맑음,교차로 - 교차로안,화물,남,47세,상해없음,자전거,남,39세,중상
2022052200100236,2022년 5월 22일 14시,일요일,전라남도 담양군 담양읍,경상사고,0,0,1,0,차대사람 - 기타,안전운전불이행,건조,맑음,단일로 - 기타,이륜,남,82세,기타불명,보행자,여,40세,경상
2022052200100268,2022년 5월 22일 15시,일요일,전라남도 화순군 화순읍,경상사고,0,0,1,0,차대차 - 추돌,안전운전불이행,건조,맑음,단일로 - 기타,화물,남,56세,상해없음,승용,여,23세,경상
2022052200100303,2022년 5월 22일 16시,일요일,전라남도 여수시 웅천동,경상사고,0,0,1,0,차대사람 - 기타,기타,건조,맑음,단일로 - 기타,이륜,남,29세,상해없음,보행자,남,26세,경상
2022052200100304,2022년 5월 22일 16시,일요일,전라남도 장흥군 장흥읍,경상사고,0,0,2,0,차대차 - 정면충돌,신호위반,건조,맑음,교차로 - 교차로부근,승용,남,72세,상해없음,승용,남,64세,경상
2022052200100305,2022년 5월 22일 16시,일요일,전라남도 영암군 삼호읍,경상사고,0,0,1,0,차대차 - 측면충돌,기타,건조,맑음,교차로 - 교차로안,원동기,남,16세,상해없음,승용,여,55세,경상
2022052200100350,2022년 5월 22일 17시,일요일,전라남도 목포시 옥암동,경상사고,0,0,4,0,차대차 - 측면충돌,차로위반,건조,맑음,교차로 - 교차로부근,승용,여,25세,경상,승합,남,42세,경상
2022052200100351,2022년 5월 22일 17시,일요일,전라남도 여수시 학동,경상사고,0,0,1,0,차대차 - 추돌,안전운전불이행,건조,맑음,교차로 - 교차로부근,승용,남,56세,상해없음,승용,남,45세,경상
2022052200100352,2022년 5월 22일 17시,일요일,전라남도 화순군 화순읍,경상사고,0,0,2,0,차대차 - 기타,중앙선침범,건조,맑음,단일로 - 기타,이륜,남,40세,상해없음,승용,남,67세,경상
2022052200100381,2022년 5월 22일 18시,일요일,전라남도 목포시 상동,경상사고,0,0,2,0,차대차 - 측면충돌,신호위반,건조,맑음,교차로 - 교차로안,승용,여,50세,상해없음,승용,남,62세,경상
2022052200100382,2022년 5월 22일 18시,일요일,전라남도 여수시 미평동,중상사고,0,1,0,0,차대사람 - 길가장자리구역통행중,안전운전불이행,건조,맑음,단일로 - 기타,승용,남,64세,상해없음,보행자,여,65세,중상
2022052200100383,2022년 5월 22일 18시,일요일,전라남도 여수시 돌산읍,중상사고,0,2,0,0,차대차 - 기타,교차로운행방법위반,건조,맑음,교차로 - 교차로안,승용,남,33세,상해없음,승용,남,66세,중상
2022052200100434,2022년 5월 22일 20시,일요일,전라남도 여수시 국동,중상사고,0,1,0,0,차대사람 - 차도통행중,안전운전불이행,건조,맑음,단일로 - 기타,승용,남,44세,상해없음,보행자,여,70세,중상
2022052200100435,2022년 5월 22일 20시,일요일,전라남도 순천시 용당동,경상사고,0,0,1,0,차대차 - 측면충돌,안전운전불이행,건조,맑음,교차로 - 교차로안,이륜,남,56세,상해없음,이륜,남,36세,경상
2022052200100492,2022년 5월 22일 23시,일요일,전라남도 해남군 마산면,중상사고,0,1,0,0,차량단독 - 기타,안전운전불이행,건조,맑음,교차로 - 교차로부근,승용,여,40세,중상,,,,
2022052300100006,2022년 5월 23일 00시,월요일,전라남도 목포시 대양동,경상사고,0,0,1,0,차대차 - 추돌,안전운전불이행,건조,맑음,기타 - 기타,원동기,남,30세,상해없음,승용,남,40세,경상
2022052300100047,2022년 5월 23일 06시,월요일,전라남도 신안군 암태면,경상사고,0,0,1,0,차대차 - 측면충돌,중앙선침범,건조,맑음,단일로 - 교량,승용,여,66세,상해없음,승용,남,52세,경상
2022052300100049,2022년 5월 23일 06시,월요일,전라남도 나주시 문평면,경상사고,0,0,1,0,차대차 - 측면충돌,교차로운행방법위반,기타,안개,교차로 - 교차로부근,승용,남,25세,상해없음,화물,남,40세,경상
2022052300100069,2022년 5월 23일 07시,월요일,전라남도 여수시 율촌면,중상사고,0,1,1,0,차대차 - 측면충돌,교차로운행방법위반,건조,맑음,교차로 - 교차로안,승용,여,29세,경상,승용,여,52세,중상
2022052300100070,2022년 5월 23일 07시,월요일,전라남도 영암군 학산면,경상사고,0,0,1,0,차대차 - 측면충돌,차로위반,건조,맑음,단일로 - 기타,특수,남,51세,상해없음,승용,여,40세,경상