사고번호,사고일시,요일,시군구,사고내용,사망자수,중상자수,경상자수,부상신고자수,사고유형,법규위반,노면상태,기상상태,도로형태,가해운전자 차종,가해운전자 성별,가해운전자 연령,가해운전자 상해정도,피해운전자 차종,피해운전자 성별,피해운전자 연령,피해운전자 상해정도
2022052300100071,2022년 5월 23일 07시,월요일,전라남도 장성군 남면,경상사고,0,0,2,0,차대차 - 측면충돌,안전운전불이행,건조,맑음,교차로 - 교차로안,승용,남,48세,경상,승용,남,65세,경상
2022052300100102,2022년 5월 23일 08시,월요일,전라남도 목포시 상동,경상사고,0,0,1,0,차대차 - 측면충돌,안전운전불이행,건조,맑음,교차로 - 교차로횡단보도내,승용,남,63세,상해없음,자전거,남,81세,경상
2022052300100103,2022년 5월 23일 08시,월요일,전라남도 장흥군 대덕읍,중상사고,0,1,0,0,차대사람 - 길가장자리구역통행중,안전운전불이행,건조,맑음,단일로 - 기타,건설기계,남,51세,상해없음,보행자,여,83세,중상
2022052300100104,2022년 5월 23일 08시,월요일,전라남도 화순군 화순읍,경상사고,0,0,1,0,차대사람 - 횡단중,안전운전불이행,건조,맑음,단일로 - 기타,승용,여,48세,상해없음,보행자,여,12세,경상
2022052300100105,2022년 5월 23일 08시,월요일,전라남도 광양시 광양읍,경상사고,0,0,1,0,차대차 - 측면충돌,안전거리미확보,건조,맑음,단일로 - 기타,이륜,남,78세,경상,승용,남,86세,상해없음
2022052300100146,2022년 5월 23일 09시,월요일,전라남도 장흥군 장흥읍,경상사고,0,0,1,0,차대차 - 측면충돌,안전운전불이행,건조,맑음,교차로 - 교차로안,이륜,남,49세,경상,화물,여,52세,상해없음
2022052300100189,2022년 5월 23일 10시,월요일,전라남도 여수시 월내동,경상사고,0,0,1,0,차대차 - 측면충돌,안전운전불이행,건조,맑음,교차로 - 교차로부근,화물,남,42세,상해없음,승용,여,56세,경상
2022052300100190,2022년 5월 23일 10시,월요일,전라남도 순천시 조례동,경상사고,0,0,3,0,차대차 - 측면충돌,안전운전불이행,건조,맑음,단일로 - 기타,화물,남,48세,상해없음,승용,남,55세,상해없음
2022052300100218,2022년 5월 23일 11시,월요일,전라남도 화순군 화순읍,중상사고,0,1,0,0,차량단독 - 기타,안전운전불이행,건조,맑음,단일로 - 기타,농기계,남,75세,중상,,,,
2022052300100250,2022년 5월 23일 12시,월요일,전라남도 순천시 월등면,경상사고,0,0,4,0,차대차 - 측면충돌,중앙선침범,건조,맑음,단일로 - 기타,화물,남,65세,상해없음,승용,남,41세,경상
2022052300100284,2022년 5월 23일 13시,월요일,전라남도 여수시 여서동,경상사고,0,0,3,0,차대차 - 측면충돌,안전운전불이행,건조,맑음,단일로 - 기타,승용,남,80세,상해없음,승용,여,25세,경상
2022052300100285,2022년 5월 23일 13시,월요일,전라남도 완도군 완도읍,경상사고,0,0,1,0,차대사람 - 횡단중,보행자보호의무위반,건조,맑음,단일로 - 기타,승용,여,61세,상해없음,보행자,여,63세,경상
2022052300100355,2022년 5월 23일 15시,월요일,전라남도 장흥군 장흥읍,경상사고,0,0,2,0,차대차 - 측면충돌,안전운전불이행,건조,맑음,교차로 - 교차로안,승용,여,35세,경상,승용,남,48세,경상
2022052300100408,2022년 5월 23일 16시,월요일,전라남도 순천시 행동,경상사고,0,0,1,0,차대차 - 측면충돌,안전운전불이행,건조,맑음,단일로 - 기타,자전거,남,9세,경상,승용,남,60세,상해없음
2022052300100409,2022년 5월 23일 16시,월요일,전라남도 순천시 조곡동,경상사고,0,0,1,0,차대차 - 기타,안전운전불이행,건조,맑음,기타 - 기타,화물,남,47세,상해없음,자전거,여,30세,경상
2022052300100449,2022년 5월 23일 17시,월요일,전라남도 목포시 용해동,중상사고,0,1,0,0,차대차 - 기타,중앙선침범,건조,맑음,교차로 - 교차로안,승용,남,71세,상해없음,이륜,남,52세,중상
2022052300100450,2022년 5월 23일 17시,월요일,전라남도 여수시 돌산읍,경상사고,0,0,1,0,차대차 - 기타,교차로운행방법위반,건조,맑음,교차로 - 교차로안,승용,남,25세,상해없음,승용,남,62세,경상
2022052300100451,2022년 5월 23일 17시,월요일,전라남도 해남군 해남읍,중상사고,0,1,0,0,차대사람 - 횡단중,보행자보호의무위반,건조,맑음,단일로 - 기타,승용,남,35세,상해없음,보행자,남,4세,중상
2022052300100500,2022년 5월 23일 18시,월요일,전라남도 목포시 산정동,경상사고,0,0,1,0,차대차 - 측면충돌,안전운전불이행,건조,맑음,단일로 - 기타,승용,남,59세,상해없음,승용,여,66세,경상
2022052300100556,2022년 5월 23일 20시,월요일,전라남도 목포시 옥암동,경상사고,0,0,2,0,차대차 - 기타,안전운전불이행,건조,맑음,교차로 - 교차로안,이륜,남,28세,경상,승용,남,65세,경상
2022052300100557,2022년 5월 23일 20시,월요일,전라남도 여수시 봉산동,경상사고,0,0,1,1,차대차 - 측면충돌,안전거리미확보,건조,맑음,단일로 - 기타,승용,남,77세,부상신고,승용,남,50세,경상
2022052300100558,2022년 5월 23일 20시,월요일,전라남도 여수시 여서동,경상사고,0,0,1,0,차대차 - 추돌,안전운전불이행,건조,맑음,교차로 - 교차로안,승용,남,29세,상해없음,승용,여,59세,경상
2022052300100589,2022년 5월 23일 21시,월요일,전라남도 여수시 여서동,경상사고,0,0,2,0,차대차 - 추돌,안전운전불이행,건조,맑음,교차로 - 교차로부근,승용,남,59세,상해없음,승용,남,21세,경상
2022052300100605,2022년 5월 23일 22시,월요일,전라남도 구례군 구례읍,경상사고,0,0,1,0,차대사람 - 차도통행중,안전운전불이행,건조,기타,단일로 - 기타,승용,남,49세,상해없음,보행자,남,55세,경상
2022052400100005,2022년 5월 24일 00시,화요일,전라남도 순천시 조례동,경상사고,0,0,1,0,차대차 - 측면충돌,차로위반,건조,맑음,교차로 - 교차로부근,기타불명,기타불명,미분류,기타불명,승용,여,27세,경상
2022052400100024,2022년 5월 24일 03시,화요일,전라남도 순천시 연향동,경상사고,0,0,1,0,차대차 - 측면충돌,안전운전불이행,건조,맑음,교차로 - 교차로안,승용,여,53세,기타불명,승용,남,22세,경상
2022052400100053,2022년 5월 24일 07시,화요일,전라남도 영암군 삼호읍,경상사고,0,0,2,0,차대차 - 측면충돌,직진우회전진행방해,건조,맑음,교차로 - 교차로안,화물,남,69세,경상,승용,남,51세,경상
2022052400100094,2022년 5월 24일 08시,화요일,전라남도 순천시 연향동,경상사고,0,0,1,0,차대사람 - 기타,안전운전불이행,건조,맑음,단일로 - 기타,승용,여,48세,상해없음,보행자,여,24세,경상
2022052400100147,2022년 5월 24일 09시,화요일,전라남도 나주시 왕곡면,경상사고,0,0,1,0,차대차 - 추돌,안전거리미확보,건조,맑음,단일로 - 기타,승용,남,30세,상해없음,화물,남,63세,경상
2022052400100148,2022년 5월 24일 09시,화요일,전라남도 강진군 강진읍,경상사고,0,0,2,0,차대차 - 측면충돌,직진우회전진행방해,건조,맑음,교차로 - 교차로안,승용,남,33세,상해없음,승용,여,70세,경상
2022052400100181,2022년 5월 24일 10시,화요일,전라남도 장흥군 장동면,경상사고,0,0,6,0,차대차 - 추돌,안전운전불이행,건조,맑음,단일로 - 기타,화물,남,56세,경상,화물,남,28세,경상
2022052400100182,2022년 5월 24일 10시,화요일,전라남도 고흥군 두원면,중상사고,0,1,0,0,차량단독 - 공작물충돌,안전운전불이행,건조,맑음,단일로 - 기타,승용,여,64세,중상,,,,
2022052400100219,2022년 5월 24일 11시,화요일,전라남도 순천시 옥천동,경상사고,0,0,1,0,차대차 - 기타,안전운전불이행,건조,맑음,교차로 - 교차로부근,승용,남,75세,상해없음,이륜,남,40세,경상
2022052400100220,2022년 5월 24일 11시,화요일,전라남도 나주시 송월동,경상사고,0,0,3,0,차대차 - 추돌,안전운전불이행,건조,맑음,교차로 - 교차로부근,승용,여,74세,상해없음,승용,남,54세,경상
2022052400100252,2022년 5월 24일 12시,화요일,전라남도 순천시 풍덕동,경상사고,0,0,1,0,차대차 - 기타,안전운전불이행,건조,맑음,단일로 - 기타,화물,남,48세,상해없음,이륜,남,59세,경상
2022052400100276,2022년 5월 24일 13시,화요일,전라남도 광양시 옥룡면,경상사고,0,0,1,0,차대차 - 정면충돌,중앙선침범,건조,맑음,단일로 - 기타,승용,남,82세,상해없음,승용,남,72세,경상
2022052400100312,2022년 5월 24일 14시,화요일,전라남도 장흥군 관산읍,경상사고,0,0,1,0,차대사람 - 차도통행중,안전운전불이행,건조,맑음,단일로 - 기타,승용,남,34세,상해없음,보행자,여,62세,경상
2022052400100313,2022년 5월 24일 14시,화요일,전라남도 보성군 득량면,경상사고,0,0,1,0,차량단독 - 전도전복 - 전도,안전운전불이행,건조,맑음,기타 - 기타,원동기,남,74세,경상,,,,
2022052400100355,2022년 5월 24일 15시,화요일,전라남도 목포시 상동,경상사고,0,0,1,0,차대차 - 측면충돌,안전운전불이행,건조,맑음,교차로 - 교차로부근,화물,남,80세,상해없음,승용,남,33세,경상
2022052400100356,2022년 5월 24일 15시,화요일,전라남도 순천시 해룡면,경상사고,0,0,1,0,차대차 - 기타,차로위반,건조,맑음,단일로 - 기타,승용,남,45세,상해없음,화물,남,56세,경상
2022052400100357,2022년 5월 24일 15시,화요일,전라남도 고흥군 고흥읍,중상사고,0,1,1,0,차대차 - 측면충돌,직진우회전진행방해,건조,맑음,교차로 - 교차로안,농기계,남,78세,중상,승용,여,64세,경상
2022052400100394,2022년 5월 24일 16시,화요일,전라남도 영광군 백수읍,경상사고,0,0,1,0,차대사람 - 기타,기타,건조,맑음,단일로 - 기타,승합,남,61세,상해없음,보행자,여,80세,경상
2022052400100435,2022년 5월 24일 17시,화요일,전라남도 목포시 산정동,경상사고,0,0,1,0,차대차 - 측면충돌,교차로운행방법위반,건조,맑음,교차로 - 교차로안,화물,남,45세,상해없음,이륜,남,24세,경상
2022052400100436,2022년 5월 24일 17시,화요일,전라남도 고흥군 남양면,중상사고,0,1,0,0,차대차 - 측면충돌,안전운전불이행,건조,맑음,단일로 - 기타,건설기계,남,62세,상해없음,승용,남,39세,중상
2022052400100437,2022년 5월 24일 17시,화요일,전라남도 화순군 화순읍,경상사고,0,0,1,0,차대사람 - 차도통행중,보행자보호의무위반,건조,맑음,교차로 - 교차로안,승용,여,27세,상해없음,보행자,남,52세,경상
2022052400100481,2022년 5월 24일 18시,화요일,전라남도 순천시 매곡동,경상사고,0,0,2,0,차대차 - 측면충돌,교차로운행방법위반,건조,맑음,교차로 - 교차로안,이륜,남,73세,경상,승용,여,26세,경상
2022052400100482,2022년 5월 24일 18시,화요일,전라남도 강진군 강진읍,경상사고,0,0,2,0,차대차 - 측면충돌,직진우회전진행방해,건조,맑음,교차로 - 교차로안,승용,남,80세,상해없음,승합,여,70세,경상
2022052400100483,2022년 5월 24일 18시,화요일,전라남도 강진군 칠량면,중상사고,0,1,0,0,차대사람 - 기타,안전운전불이행,건조,맑음,단일로 - 교량,농기계,남,80세,상해없음,보행자,여,80세,중상
2022052400100514,2022년 5월 24일 19시,화요일,전라남도 목포시 옥암동,경상사고,0,0,3,0,차대차 - 정면충돌,안전운전불이행,건조,맑음,교차로 - 교차로안,승용,남,55세,상해없음,승용,남,48세,경상
2022052400100515,2022년 5월 24일 19시,화요일,전라남도 광양시 광양읍,경상사고,0,0,1,0,차대차 - 기타,안전운전불이행,건조,맑음,교차로 - 교차로안,승용,남,37세,상해없음,승용,여,56세,경상
2022052400100539,2022년 5월 24일 20시,화요일,전라남도 담양군 월산면,경상사고,0,0,2,0,차대차 - 측면충돌,중앙선침범,건조,맑음,단일로 - 기타,승용,남,73세,상해없음,원동기,남,83세,경상
2022052400100540,2022년 5월 24일 20시,화요일,전라남도 광양시 중동,중상사고,0,1,0,0,차대차 - 측면충돌,안전운전불이행,건조,맑음,단일로 - 기타,승용,남,21세,상해없음,이륜,남,18세,중상
2022052400100567,2022년 5월 24일 21시,화요일,전라남도 광양시 마동,경상사고,0,0,1,0,차대사람 - 기타,안전운전불이행,건조,맑음,기타 - 기타,승용,남,46세,기타불명,보행자,남,35세,경상
2022052400100589,2022년 5월 24일 22시,화요일,전라남도 순천시 조례동,경상사고,0,0,1,0,차대차 - 측면충돌,안전거리미확보,건조,맑음,교차로 - 교차로부근,승용,여,53세,상해없음,승합,남,55세,경상
2022052500100047,2022년 5월 25일 06시,수요일,전라남도 광양시 금호동,경상사고,0,0,3,0,차대차 - 추돌,안전운전불이행,건조,맑음,단일로 - 기타,승용,남,55세,경상,승용,남,51세,경상
2022052500100065,2022년 5월 25일 07시,수요일,전라남도 광양시 태인동,경상사고,0,0,1,0,차대차 - 추돌,안전운전불이행,건조,맑음,교차로 - 교차로횡단보도내,화물,남,54세,상해없음,승용,남,32세,경상
2022052500100108,2022년 5월 25일 08시,수요일,전라남도 신안군 암태면,중상사고,0,1,0,0,차대차 - 기타,안전운전불이행,건조,맑음,단일로 - 기타,화물,남,53세,상해없음,농기계,남,73세,중상
2022052500100109,2022년 5월 25일 08시,수요일,전라남도 보성군 조성면,경상사고,0,0,1,0,차대차 - 측면충돌,안전거리미확보,건조,맑음,단일로 - 기타,농기계,남,74세,상해없음,승합,여,43세,경상
2022052500100110,2022년 5월 25일 08시,수요일,전라남도 무안군 무안읍,경상사고,0,0,1,0,차대사람 - 길가장자리구역통행중,안전운전불이행,건조,맑음,교차로 - 교차로부근,승용,여,37세,상해없음,보행자,여,8세,경상
2022052500100152,2022년 5월 25일 09시,수요일,전라남도 목포시 옥암동,경상사고,0,0,1,0,차대차 - 측면충돌,차로위반,건조,맑음,단일로 - 기타,화물,남,72세,상해없음,승용,남,33세,경상
2022052500100181,2022년 5월 25일 10시,수요일,전라남도 목포시 옥암동,경상사고,0,0,1,1,차대차 - 측면충돌,신호위반,건조,맑음,교차로 - 교차로안,개인형이동수단(PM),남,23세,부상신고,승용,남,78세,상해없음
2022052500100182,2022년 5월 25일 10시,수요일,전라남도 순천시 서면,경상사고,0,0,1,0,차대차 - 기타,신호위반,건조,맑음,단일로 - 기타,승용,남,75세,상해없음,농기계,남,74세,경상
2022052500100209,2022년 5월 25일 11시,수요일,전라남도 목포시 옥암동,경상사고,0,0,1,0,차대차 - 측면충돌,안전거리미확보,건조,맑음,단일로 - 기타,승용,남,54세,상해없음,화물,남,58세,경상
2022052500100210,2022년 5월 25일 11시,수요일,전라남도 순천시 교량동,중상사고,0,1,0,0,차대차 - 기타,안전운전불이행,건조,맑음,단일로 - 기타,승용,여,52세,상해없음,자전거,여,78세,중상
2022052500100211,2022년 5월 25일 11시,수요일,전라남도 순천시 낙안면,경상사고,0,0,1,0,차대차 - 기타,교차로운행방법위반,건조,맑음,교차로 - 교차로안,승용,남,32세,상해없음,농기계,남,46세,경상
2022052500100247,2022년 5월 25일 12시,수요일,전라남도 여수시 공화동,경상사고,0,0,1,0,차대차 - 추돌,안전운전불이행,건조,맑음,단일로 - 기타,승용,남,54세,상해없음,승용,남,58세,경상
2022052500100248,2022년 5월 25일 12시,수요일,전라남도 해남군 해남읍,경상사고,0,0,1,0,차대차 - 측면충돌,교차로운행방법위반,건조,맑음,교차로 - 교차로안,승용,남,49세,기타불명,승용,여,35세,경상
2022052500100283,2022년 5월 25일 13시,수요일,전라남도 순천시 해룡면,경상사고,0,0,1,0,차대차 - 측면충돌,신호위반,건조,맑음,단일로 - 기타,건설기계,남,54세,상해없음,승용,남,66세,경상
2022052500100284,2022년 5월 25일 13시,수요일,전라남도 고흥군 도양읍,경상사고,0,0,1,0,차대차 - 기타,교차로운행방법위반,건조,맑음,교차로 - 교차로안,화물,남,81세,상해없음,승용,여,46세,경상
2022052500100285,2022년 5월 25일 13시,수요일,전라남도 담양군 담양읍,중상사고,0,1,6,0,차대차 - 추돌,안전운전불이행,건조,맑음,단일로 - 기타,화물,남,60세,경상,승합,남,61세,경상
2022052500100327,2022년 5월 25일 14시,수요일,전라남도 순천시 조례동,경상사고,0,0,1,0,차대차 - 측면충돌,안전운전불이행,건조,맑음,단일로 - 기타,이륜,남,17세,경상,승용,남,72세,상해없음
2022052500100328,2022년 5월 25일 14시,수요일,전라남도 강진군 군동면,경상사고,0,0,3,0,차대차 - 측면충돌,기타,건조,맑음,교차로 - 교차로안,화물,남,70세,상해없음,승용,남,29세,경상
2022052500100407,2022년 5월 25일 16시,수요일,전라남도 목포시 옥암동,경상사고,0,0,1,0,차대차 - 측면충돌,신호위반,건조,맑음,교차로 - 교차로안,승용,남,72세,상해없음,승용,여,51세,경상
2022052500100408,2022년 5월 25일 16시,수요일,전라남도 여수시 충무동,경상사고,0,0,1,0,차대사람 - 횡단중,보행자보호의무위반,건조,맑음,교차로 - 교차로횡단보도내,승용,여,64세,상해없음,보행자,여,87세,경상
2022052500100409,2022년 5월 25일 16시,수요일,전라남도 여수시 관문동,경상사고,0,0,1,0,차대사람 - 기타,안전운전불이행,건조,맑음,단일로 - 기타,승용,여,69세,기타불명,보행자,여,44세,경상
2022052500100452,2022년 5월 25일 17시,수요일,전라남도 여수시 안산동,경상사고,0,0,1,0,차대사람 - 보도통행중,보행자보호의무위반,건조,맑음,교차로 - 교차로횡단보도내,승용,남,31세,상해없음,보행자,남,11세,경상
2022052500100454,2022년 5월 25일 17시,수요일,전라남도 화순군 화순읍,부상신고사고,0,0,0,1,차대차 - 측면충돌,직진우회전진행방해,건조,맑음,교차로 - 교차로안,승용,남,57세,상해없음,이륜,남,60세,부상신고
2022052500100455,2022년 5월 25일 17시,수요일,전라남도 화순군 도곡면,경상사고,0,0,2,0,차대차 - 측면충돌,교차로운행방법위반,건조,맑음,교차로 - 교차로안,승용,여,60세,경상,승용,남,26세,경상
2022052500100456,2022년 5월 25일 17시,수요일,전라남도 광양시 광양읍,경상사고,0,0,2,0,차대차 - 추돌,안전운전불이행,건조,맑음,교차로 - 교차로부근,승용,여,50세,상해없음,승용,여,28세,경상
2022052500100493,2022년 5월 25일 18시,수요일,전라남도 여수시 여서동,경상사고,0,0,1,0,차대차 - 측면충돌,안전운전불이행,건조,맑음,교차로 - 교차로안,이륜,여,30세,경상,승용,남,48세,상해없음
2022052500100494,2022년 5월 25일 18시,수요일,전라남도 고흥군 포두면,부상신고사고,0,0,0,1,차대차 - 기타,교차로운행방법위반,건조,맑음,교차로 - 교차로안,자전거,남,8세,부상신고,승용,남,79세,상해없음
2022052500100541,2022년 5월 25일 19시,수요일,전라남도 영광군 영광읍,중상사고,0,1,1,0,차대차 - 추돌,안전거리미확보,건조,맑음,단일로 - 기타,승용,남,65세,상해없음,승합,여,51세,경상
2022052500100623,2022년 5월 25일 21시,수요일,전라남도 목포시 산정동,경상사고,0,0,1,0,차대차 - 추돌,안전운전불이행,건조,맑음,단일로 - 기타,이륜,여,50세,상해없음,승용,남,53세,경상
2022052500100666,2022년 5월 25일 23시,수요일,전라남도 목포시 상동,경상사고,0,0,1,0,차대차 - 측면충돌,신호위반,건조,맑음,교차로 - 교차로안,승용,여,42세,상해없음,승용,남,27세,경상
2022052500100667,2022년 5월 25일 23시,수요일,전라남도 여수시 충무동,중상사고,0,1,0,0,차대차 - 측면충돌,안전운전불이행,건조,맑음,교차로 - 교차로안,승용,남,20세,상해없음,이륜,남,21세,중상
2022052600100051,2022년 5월 26일 04시,목요일,전라남도 장성군 장성읍,중상사고,0,1,1,0,차대차 - 추돌,안전운전불이행,건조,맑음,기타 - 기타,화물,남,31세,중상,화물,남,64세,경상
2022052600100074,2022년 5월 26일 06시,목요일,전라남도 화순군 도암면,중상사고,0,1,0,0,차대차 - 측면충돌,안전운전불이행,건조,맑음,교차로 - 교차로부근,승합,여,60세,상해없음,이륜,남,84세,중상
2022052600100129,2022년 5월 26일 08시,목요일,전라남도 목포시 용해동,경상사고,0,0,1,0,차대사람 - 기타,안전운전불이행,건조,맑음,기타 - 기타,승용,여,46세,상해없음,보행자,여,9세,경상
2022052600100130,2022년 5월 26일 08시,목요일,전라남도 나주시 다시면,경상사고,0,0,1,0,차대차 - 측면충돌,신호위반,건조,맑음,교차로 - 교차로안,건설기계,남,44세,상해없음,자전거,여,81세,경상
2022052600100131,2022년 5월 26일 08시,목요일,전라남도 화순군 화순읍,중상사고,0,1,0,0,차대차 - 기타,직진우회전진행방해,건조,맑음,교차로 - 교차로안,승용,남,60세,상해없음,자전거,남,13세,중상
2022052600100132,2022년 5월 26일 08시,목요일,전라남도 장성군 진원면,경상사고,0,0,1,0,차대차 - 기타,직진우회전진행방해,건조,맑음,교차로 - 교차로안,승용,여,72세,상해없음,승용,여,36세,경상
2022052600100133,2022년 5월 26일 08시,목요일,전라남도 장성군 장성읍,부상신고사고,0,0,0,1,차량단독 - 기타,안전운전불이행,건조,맑음,교차로 - 교차로부근,자전거,여,25세,부상신고,,,,
2022052600100173,2022년 5월 26일 09시,목요일,전라남도 영암군 삼호읍,경상사고,0,0,1,0,차대사람 - 횡단중,보행자보호의무위반,건조,맑음,단일로 - 기타,이륜,여,43세,상해없음,보행자,여,49세,경상
2022052600100203,2022년 5월 26일 10시,목요일,전라남도 순천시 해룡면,경상사고,0,0,1,0,차대차 - 기타,신호위반,건조,맑음,교차로 - 교차로안,승용,남,37세,상해없음,승용,남,42세,경상
2022052600100256,2022년 5월 26일 12시,목요일,전라남도 목포시 용당동,중상사고,0,1,0,0,차대차 - 측면충돌,안전운전불이행,건조,맑음,단일로 - 기타,승용,남,54세,상해없음,이륜,남,19세,중상
2022052600100291,2022년 5월 26일 13시,목요일,전라남도 목포시 측후동,경상사고,0,0,1,0,차대차 - 측면충돌,안전운전불이행,건조,맑음,교차로 - 교차로안,화물,남,60세,상해없음,승용,여,32세,경상
2022052600100292,2022년 5월 26일 13시,목요일,전라남도 목포시 옥암동,경상사고,0,0,1,0,차대차 - 측면충돌,안전운전불이행,건조,맑음,교차로 - 교차로부근,화물,남,56세,상해없음,화물,남,46세,경상
2022052600100319,2022년 5월 26일 14시,목요일,전라남도 여수시 덕충동,경상사고,0,0,1,0,차대차 - 추돌,안전운전불이행,건조,맑음,교차로 - 교차로부근,승용,여,32세,상해없음,승용,남,39세,경상
2022052600100353,2022년 5월 26일 15시,목요일,전라남도 여수시 국동,경상사고,0,0,3,0,차대차 - 추돌,안전거리미확보,건조,맑음,단일로 - 기타,화물,남,53세,상해없음,승용,남,77세,경상
2022052600100354,2022년 5월 26일 15시,목요일,전라남도 화순군 화순읍,경상사고,0,0,1,0,차대사람 - 보도통행중,보행자보호의무위반,건조,맑음,단일로 - 기타,승용,여,39세,상해없음,보행자,여,8세,경상
2022052600100399,2022년 5월 26일 16시,목요일,전라남도 목포시 상동,경상사고,0,0,1,0,차대사람 - 횡단중,보행자보호의무위반,건조,맑음,기타 - 기타,승용,남,20세,상해없음,보행자,남,6세,경상
2022052600100400,2022년 5월 26일 16시,목요일,전라남도 목포시 대양동,경상사고,0,0,1,0,차대차 - 측면충돌,안전운전불이행,건조,맑음,단일로 - 기타,화물,남,38세,상해없음,승용,남,77세,경상
2022052600100401,2022년 5월 26일 16시,목요일,전라남도 해남군 해남읍,경상사고,0,0,1,0,차대차 - 기타,안전운전불이행,건조,맑음,단일로 - 기타,승용,여,64세,상해없음,이륜,여,57세,경상
2022052600100402,2022년 5월 26일 16시,목요일,전라남도 영광군 영광읍,중상사고,0,1,0,0,차대차 - 측면충돌,안전운전불이행,건조,맑음,교차로 - 교차로안,승용,남,27세,상해없음,승용,여,44세,중상
2022052600100453,2022년 5월 26일 17시,목요일,전라남도 목포시 상동,경상사고,0,0,2,0,차대차 - 측면충돌,안전운전불이행,건조,맑음,교차로 - 교차로안,승용,남,69세,상해없음,승용,남,24세,경상
2022052600100454,2022년 5월 26일 17시,목요일,전라남도 여수시 소라면,경상사고,0,0,1,0,차대차 - 측면충돌,안전운전불이행,건조,맑음,단일로 - 기타,승용,남,41세,상해없음,승용,남,58세,경상
2022052600100455,2022년 5월 26일 17시,목요일,전라남도 순천시 해룡면,부상신고사고,0,0,0,1,차대차 - 측면충돌,안전운전불이행,건조,맑음,교차로 - 교차로부근,원동기,남,28세,부상신고,승용,남,61세,상해없음
2022052600100456,2022년 5월 26일 17시,목요일,전라남도 장흥군 장흥읍,경상사고,0,0,4,0,차대차 - 측면충돌,안전운전불이행,건조,맑음,교차로 - 교차로안,화물,여,64세,경상,승용,남,53세,경상
2022052600100457,2022년 5월 26일 17시,목요일,전라남도 보성군 보성읍,경상사고,0,0,1,0,차대차 - 측면충돌,안전운전불이행,건조,맑음,교차로 - 교차로안,화물,남,49세,상해없음,승용,남,82세,경상
2022052600100458,2022년 5월 26일 17시,목요일,전라남도 구례군 마산면,경상사고,0,0,1,0,차대차 - 기타,직진우회전진행방해,건조,맑음,기타 - 기타,승용,여,44세,상해없음,이륜,남,51세,경상
2022052600100562,2022년 5월 26일 19시,목요일,전라남도 목포시 용해동,부상신고사고,0,0,0,1,차대사람 - 기타,안전운전불이행,건조,맑음,단일로 - 기타,승용,여,42세,상해없음,보행자,남,75세,부상신고
2022052600100563,2022년 5월 26일 19시,목요일,전라남도 여수시 학동,경상사고,0,0,1,0,차대차 - 기타,안전운전불이행,건조,맑음,교차로 - 교차로안,승용,여,49세,상해없음,승용,남,52세,경상
2022052600100564,2022년 5월 26일 19시,목요일,전라남도 나주시 송월동,중상사고,0,1,0,0,차대사람 - 횡단중,안전운전불이행,건조,맑음,단일로 - 기타,승용,여,62세,상해없음,보행자,남,55세,중상
2022052600100595,2022년 5월 26일 20시,목요일,전라남도 영광군 백수읍,중상사고,0,1,0,0,차대사람 - 기타,안전운전불이행,건조,맑음,단일로 - 기타,승용,남,30세,상해없음,보행자,남,75세,중상
2022052600100596,2022년 5월 26일 20시,목요일,전라남도 장성군 장성읍,경상사고,0,0,1,0,차대차 - 측면충돌,안전운전불이행,건조,맑음,단일로 - 기타,승용,남,29세,상해없음,자전거,남,79세,경상
2022052600100597,2022년 5월 26일 20시,목요일,전라남도 담양군 대전면,경상사고,0,0,1,0,차대차 - 측면충돌,안전거리미확보,건조,맑음,단일로 - 기타,승용,여,52세,상해없음,화물,남,66세,경상
2022052600100642,2022년 5월 26일 22시,목요일,전라남도 순천시 조례동,경상사고,0,0,2,0,차대차 - 측면충돌,안전운전불이행,건조,맑음,교차로 - 교차로안,이륜,남,28세,기타불명,승용,남,37세,경상
2022052700100043,2022년 5월 27일 04시,금요일,전라남도 순천시 서면,중상사고,0,1,0,0,차대사람 - 기타,안전운전불이행,건조,맑음,단일로 - 기타,농기계,남,77세,상해없음,보행자,여,89세,중상
2022052700100079,2022년 5월 27일 07시,금요일,전라남도 목포시 산정동,경상사고,0,0,3,0,차대차 - 측면충돌,교차로운행방법위반,건조,맑음,교차로 - 교차로안,승용,남,73세,경상,화물,남,32세,경상
2022052700100080,2022년 5월 27일 07시,금요일,전라남도 무안군 청계면,경상사고,0,0,1,0,차대차 - 기타,안전운전불이행,건조,맑음,단일로 - 기타,이륜,남,53세,경상,화물,남,44세,상해없음
2022052700100119,2022년 5월 27일 08시,금요일,전라남도 여수시 광무동,경상사고,0,0,2,0,차대차 - 측면충돌,신호위반,건조,맑음,교차로 - 교차로안,승용,여,69세,기타불명,승용,여,41세,경상
2022052700100157,2022년 5월 27일 09시,금요일,전라남도 순천시 동외동,경상사고,0,0,1,0,차대차 - 추돌,안전거리미확보,건조,맑음,교차로 - 교차로부근,승합,남,51세,상해없음,승용,남,79세,경상
2022052700100185,2022년 5월 27일 10시,금요일,전라남도 함평군 함평읍,중상사고,0,1,0,0,차대차 - 측면충돌,교차로운행방법위반,건조,맑음,교차로 - 교차로안,이륜,남,77세,중상,승용,여,69세,상해없음
2022052700100186,2022년 5월 27일 10시,금요일,전라남도 무안군 현경면,경상사고,0,0,3,0,차대차 - 추돌,안전운전불이행,건조,맑음,단일로 - 기타,화물,여,64세,상해없음,승용,여,26세,경상