사고번호,사고일시,요일,시군구,사고내용,사망자수,중상자수,경상자수,부상신고자수,사고유형,법규위반,노면상태,기상상태,도로형태,가해운전자 차종,가해운전자 성별,가해운전자 연령,가해운전자 상해정도,피해운전자 차종,피해운전자 성별,피해운전자 연령,피해운전자 상해정도
2022052700100215,2022년 5월 27일 11시,금요일,전라남도 목포시 상동,경상사고,0,0,1,0,차대차 - 측면충돌,안전운전불이행,건조,맑음,단일로 - 기타,승용,여,44세,상해없음,이륜,남,64세,경상
2022052700100216,2022년 5월 27일 11시,금요일,전라남도 여수시 봉산동,경상사고,0,0,1,0,차대차 - 기타,안전운전불이행,건조,맑음,단일로 - 기타,화물,남,54세,상해없음,승용,남,49세,경상
2022052700100217,2022년 5월 27일 11시,금요일,전라남도 나주시 공산면,경상사고,0,0,4,0,차대차 - 추돌,안전운전불이행,건조,맑음,교차로 - 교차로안,특수,남,55세,경상,승용,여,51세,경상
2022052700100248,2022년 5월 27일 12시,금요일,전라남도 목포시 보광동1가,경상사고,0,0,1,0,차대차 - 기타,신호위반,건조,맑음,교차로 - 교차로안,승용,여,51세,상해없음,승용,남,48세,경상
2022052700100249,2022년 5월 27일 12시,금요일,전라남도 순천시 동외동,경상사고,0,0,1,0,차대차 - 측면충돌,안전운전불이행,건조,맑음,교차로 - 교차로안,이륜,남,27세,경상,승용,여,59세,상해없음
2022052700100250,2022년 5월 27일 12시,금요일,전라남도 화순군 화순읍,경상사고,0,0,1,0,차대사람 - 차도통행중,안전운전불이행,건조,맑음,단일로 - 기타,승용,남,39세,기타불명,보행자,여,62세,경상
2022052700100276,2022년 5월 27일 13시,금요일,전라남도 담양군 무정면,경상사고,0,0,1,0,차대차 - 측면충돌,안전운전불이행,건조,맑음,교차로 - 교차로부근,화물,남,51세,상해없음,화물,남,62세,경상
2022052700100277,2022년 5월 27일 13시,금요일,전라남도 광양시 광양읍,경상사고,0,0,1,0,차대차 - 후진중충돌,안전운전불이행,건조,맑음,단일로 - 기타,화물,남,40세,상해없음,농기계,남,83세,경상
2022052700100399,2022년 5월 27일 16시,금요일,전라남도 여수시 평여동,경상사고,0,0,1,0,차대차 - 측면충돌,안전운전불이행,건조,맑음,단일로 - 기타,특수,남,40세,상해없음,승용,남,29세,경상
2022052700100400,2022년 5월 27일 16시,금요일,전라남도 해남군 산이면,경상사고,0,0,1,0,차대차 - 기타,안전운전불이행,건조,맑음,교차로 - 교차로부근,건설기계,남,41세,상해없음,승용,남,51세,경상
2022052700100401,2022년 5월 27일 16시,금요일,전라남도 강진군 강진읍,경상사고,0,0,1,0,차대차 - 기타,안전운전불이행,건조,맑음,교차로 - 교차로안,자전거,남,73세,경상,화물,여,71세,상해없음
2022052700100402,2022년 5월 27일 16시,금요일,전라남도 완도군 완도읍,경상사고,0,0,1,0,차대차 - 추돌,안전운전불이행,건조,맑음,단일로 - 기타,승용,여,58세,상해없음,승용,여,56세,경상
2022052700100476,2022년 5월 27일 17시,금요일,전라남도 여수시 신기동,경상사고,0,0,1,0,차대차 - 추돌,신호위반,건조,맑음,교차로 - 교차로안,이륜,남,36세,상해없음,승용,여,45세,경상
2022052700100477,2022년 5월 27일 17시,금요일,전라남도 여수시 봉계동,경상사고,0,0,3,0,차대차 - 추돌,안전운전불이행,건조,맑음,단일로 - 기타,화물,남,55세,경상,승용,남,32세,상해없음
2022052700100478,2022년 5월 27일 17시,금요일,전라남도 순천시 해룡면,경상사고,0,0,1,0,차대사람 - 차도통행중,안전운전불이행,건조,맑음,단일로 - 기타,승용,남,67세,상해없음,보행자,남,6세,경상
2022052700100479,2022년 5월 27일 17시,금요일,전라남도 고흥군 도화면,중상사고,0,1,0,0,차대차 - 기타,안전운전불이행,건조,맑음,기타 - 기타,농기계,남,69세,상해없음,승용,여,31세,중상
2022052700100535,2022년 5월 27일 18시,금요일,전라남도 순천시 조례동,경상사고,0,0,1,0,차대차 - 추돌,안전운전불이행,건조,맑음,교차로 - 교차로안,이륜,남,62세,기타불명,승용,남,34세,경상
2022052700100536,2022년 5월 27일 18시,금요일,전라남도 순천시 덕월동,경상사고,0,0,1,0,차대차 - 측면충돌,안전운전불이행,건조,맑음,교차로 - 교차로부근,자전거,남,14세,경상,승용,남,64세,상해없음
2022052700100537,2022년 5월 27일 18시,금요일,전라남도 순천시 연향동,경상사고,0,0,2,0,차대차 - 측면충돌,안전거리미확보,건조,맑음,단일로 - 기타,승용,여,28세,경상,승용,남,32세,경상
2022052700100579,2022년 5월 27일 19시,금요일,전라남도 무안군 삼향읍,경상사고,0,0,1,0,차대차 - 기타,신호위반,건조,맑음,교차로 - 교차로안,승합,남,65세,상해없음,이륜,남,22세,경상
2022052700100643,2022년 5월 27일 21시,금요일,전라남도 순천시 조례동,중상사고,0,1,0,0,차대차 - 측면충돌,안전운전불이행,건조,맑음,단일로 - 기타,자전거,남,14세,중상,이륜,남,29세,상해없음
2022052700100675,2022년 5월 27일 22시,금요일,전라남도 담양군 대덕면,경상사고,0,0,2,0,차대차 - 기타,안전운전불이행,건조,맑음,기타 - 기타,화물,남,51세,기타불명,승용,남,31세,경상
2022052700100701,2022년 5월 27일 23시,금요일,전라남도 무안군 현경면,중상사고,0,1,0,0,차대차 - 추돌,안전운전불이행,건조,맑음,교차로 - 교차로부근,승용,남,53세,중상,화물,남,49세,상해없음
2022052800100024,2022년 5월 28일 02시,토요일,전라남도 담양군 담양읍,경상사고,0,0,1,0,차량단독 - 기타,안전운전불이행,건조,맑음,단일로 - 기타,승용,여,19세,상해없음,,,,
2022052800100048,2022년 5월 28일 05시,토요일,전라남도 목포시 무안동,중상사고,0,1,0,0,차대사람 - 기타,안전운전불이행,건조,맑음,교차로 - 교차로부근,승용,여,77세,상해없음,보행자,남,40세,중상
2022052800100049,2022년 5월 28일 05시,토요일,전라남도 목포시 상동,경상사고,0,0,1,0,차대사람 - 기타,안전운전불이행,건조,맑음,단일로 - 기타,승용,남,18세,상해없음,보행자,남,21세,경상
2022052800100075,2022년 5월 28일 07시,토요일,전라남도 해남군 문내면,중상사고,0,1,0,0,차대사람 - 기타,안전운전불이행,건조,맑음,교차로 - 교차로안,화물,남,61세,상해없음,보행자,여,80세,중상
2022052800100087,2022년 5월 28일 08시,토요일,전라남도 담양군 대전면,경상사고,0,0,1,0,차대사람 - 차도통행중,안전운전불이행,건조,맑음,단일로 - 기타,화물,여,64세,기타불명,보행자,남,21세,경상
2022052800100115,2022년 5월 28일 09시,토요일,전라남도 강진군 성전면,부상신고사고,0,0,0,1,차량단독 - 도로외이탈 - 추락,안전운전불이행,건조,맑음,단일로 - 기타,화물,남,70세,부상신고,,,,
2022052800100159,2022년 5월 28일 10시,토요일,전라남도 영암군 삼호읍,경상사고,0,0,1,0,차대사람 - 횡단중,안전운전불이행,건조,맑음,단일로 - 기타,승용,남,25세,상해없음,보행자,남,33세,경상
2022052800100242,2022년 5월 28일 12시,토요일,전라남도 영암군 삼호읍,경상사고,0,0,1,0,차대차 - 측면충돌,안전거리미확보,건조,맑음,교차로 - 교차로부근,승용,남,59세,기타불명,승용,남,50세,경상
2022052800100314,2022년 5월 28일 14시,토요일,전라남도 순천시 조례동,중상사고,0,1,0,0,차대차 - 기타,안전거리미확보,건조,맑음,교차로 - 교차로부근,승용,남,70세,상해없음,이륜,남,20세,중상
2022052800100364,2022년 5월 28일 15시,토요일,전라남도 여수시 삼산면,중상사고,0,1,0,0,차량단독 - 기타,안전운전불이행,건조,맑음,단일로 - 기타,승합,남,44세,상해없음,,,,
2022052800100365,2022년 5월 28일 15시,토요일,전라남도 장흥군 장흥읍,경상사고,0,0,2,0,차대차 - 기타,신호위반,건조,맑음,교차로 - 교차로안,승용,기타불명,미분류,기타불명,승용,남,44세,경상
2022052800100398,2022년 5월 28일 16시,토요일,전라남도 여수시 수정동,경상사고,0,0,7,0,차대차 - 측면충돌,안전운전불이행,건조,맑음,교차로 - 교차로부근,승용,여,50세,기타불명,승용,여,58세,경상
2022052800100399,2022년 5월 28일 16시,토요일,전라남도 곡성군 곡성읍,중상사고,0,1,0,0,차대사람 - 기타,안전운전불이행,건조,맑음,교차로 - 교차로부근,승용,남,79세,상해없음,보행자,남,52세,중상
2022052800100438,2022년 5월 28일 17시,토요일,전라남도 여수시 소라면,경상사고,0,0,1,0,차대사람 - 횡단중,보행자보호의무위반,건조,맑음,기타 - 기타,화물,남,48세,상해없음,보행자,남,9세,경상
2022052800100439,2022년 5월 28일 17시,토요일,전라남도 여수시 국동,경상사고,0,0,1,0,차대차 - 측면충돌,교차로운행방법위반,건조,맑음,교차로 - 교차로안,승용,남,47세,상해없음,승용,여,25세,경상
2022052800100440,2022년 5월 28일 17시,토요일,전라남도 순천시 풍덕동,중상사고,0,1,0,0,차대차 - 기타,직진우회전진행방해,건조,맑음,교차로 - 교차로안,이륜,남,18세,중상,승용,남,49세,상해없음
2022052800100471,2022년 5월 28일 18시,토요일,전라남도 영광군 법성면,부상신고사고,0,0,0,1,차대차 - 측면충돌,교차로운행방법위반,건조,맑음,교차로 - 교차로안,화물,남,80세,상해없음,승합,남,44세,부상신고
2022052800100508,2022년 5월 28일 19시,토요일,전라남도 광양시 마동,중상사고,0,1,0,0,차대차 - 측면충돌,안전운전불이행,건조,맑음,단일로 - 기타,승용,남,59세,상해없음,자전거,남,7세,중상
2022052800100600,2022년 5월 28일 22시,토요일,전라남도 보성군 벌교읍,중상사고,0,1,0,0,차대차 - 측면충돌,직진우회전진행방해,건조,맑음,교차로 - 교차로부근,화물,남,56세,상해없음,이륜,남,44세,중상
2022052800100619,2022년 5월 28일 23시,토요일,전라남도 순천시 조례동,경상사고,0,0,1,0,차대사람 - 기타,안전운전불이행,건조,맑음,단일로 - 기타,승용,남,25세,상해없음,보행자,남,51세,경상
2022052800100620,2022년 5월 28일 23시,토요일,전라남도 영암군 삼호읍,경상사고,0,0,4,0,차대차 - 측면충돌,신호위반,건조,맑음,교차로 - 교차로안,승용,여,46세,경상,승용,남,39세,경상
2022052900100009,2022년 5월 29일 00시,일요일,전라남도 여수시 문수동,경상사고,0,0,1,0,차대사람 - 횡단중,안전운전불이행,건조,맑음,교차로 - 교차로안,승용,남,56세,상해없음,보행자,남,25세,경상
2022052900100010,2022년 5월 29일 00시,일요일,전라남도 광양시 중동,중상사고,0,1,1,0,차대차 - 측면충돌,신호위반,건조,맑음,교차로 - 교차로안,승용,여,47세,경상,이륜,남,20세,중상
2022052900100087,2022년 5월 29일 08시,일요일,전라남도 영암군 삼호읍,중상사고,0,1,0,0,차대차 - 측면충돌,직진우회전진행방해,건조,맑음,교차로 - 교차로안,승용,남,61세,상해없음,화물,남,60세,중상
2022052900100105,2022년 5월 29일 09시,일요일,전라남도 고흥군 점암면,경상사고,0,0,1,0,차대차 - 측면충돌,기타,건조,맑음,교차로 - 교차로안,이륜,남,65세,경상,승용,여,33세,상해없음
2022052900100179,2022년 5월 29일 12시,일요일,전라남도 곡성군 곡성읍,중상사고,0,1,0,0,차대사람 - 기타,안전운전불이행,건조,맑음,주차장 - 주차장,승용,남,63세,상해없음,보행자,남,24세,중상
2022052900100213,2022년 5월 29일 13시,일요일,전라남도 순천시 조례동,경상사고,0,0,1,0,차대사람 - 기타,안전운전불이행,건조,맑음,주차장 - 주차장,승용,남,63세,상해없음,보행자,남,23세,경상
2022052900100267,2022년 5월 29일 15시,일요일,전라남도 순천시 풍덕동,경상사고,0,0,2,0,차대차 - 측면충돌,직진우회전진행방해,건조,맑음,교차로 - 교차로안,승용,남,23세,상해없음,승용,여,56세,경상
2022052900100303,2022년 5월 29일 16시,일요일,전라남도 강진군 도암면,중상사고,0,1,2,0,차대차 - 추돌,안전운전불이행,젖음/습기,비,단일로 - 기타,화물,남,73세,상해없음,승용,남,52세,중상
2022052900100373,2022년 5월 29일 18시,일요일,전라남도 목포시 상동,중상사고,0,1,0,0,차대차 - 측면충돌,불법유턴,건조,맑음,기타 - 기타,승용,남,36세,상해없음,개인형이동수단(PM),남,16세,중상
2022052900100374,2022년 5월 29일 18시,일요일,전라남도 여수시 웅천동,경상사고,0,0,2,0,차대차 - 측면충돌,교차로운행방법위반,건조,맑음,교차로 - 교차로안,승용,남,34세,상해없음,승용,남,31세,경상
2022052900100400,2022년 5월 29일 19시,일요일,전라남도 여수시 화장동,부상신고사고,0,0,0,1,차대차 - 측면충돌,안전운전불이행,건조,맑음,단일로 - 기타,이륜,남,40세,부상신고,승용,남,65세,상해없음
2022052900100401,2022년 5월 29일 19시,일요일,전라남도 완도군 완도읍,경상사고,0,0,2,0,차대차 - 추돌,안전거리미확보,건조,맑음,교차로 - 교차로안,승용,여,28세,경상,화물,남,56세,경상
2022052900100425,2022년 5월 29일 20시,일요일,전라남도 영암군 신북면,경상사고,0,0,1,0,차대차 - 측면충돌,안전거리미확보,건조,맑음,단일로 - 기타,승용,남,75세,상해없음,승용,여,27세,경상
2022052900100446,2022년 5월 29일 21시,일요일,전라남도 여수시 둔덕동,경상사고,0,0,1,0,차대차 - 측면충돌,안전운전불이행,건조,맑음,단일로 - 기타,승용,여,30세,기타불명,자전거,여,52세,경상
2022052900100464,2022년 5월 29일 22시,일요일,전라남도 강진군 대구면,중상사고,0,1,1,0,차량단독 - 전도전복 - 전도,안전운전불이행,젖음/습기,비,단일로 - 기타,사륜오토바이(ATV),여,57세,중상,,,,
2022052900100477,2022년 5월 29일 23시,일요일,전라남도 여수시 웅천동,경상사고,0,0,1,0,차대차 - 측면충돌,신호위반,건조,맑음,교차로 - 교차로안,승용,남,27세,기타불명,개인형이동수단(PM),남,18세,경상
2022053000100003,2022년 5월 30일 00시,월요일,전라남도 신안군 지도읍,부상신고사고,0,0,0,1,차량단독 - 기타,안전운전불이행,건조,맑음,단일로 - 기타,화물,남,59세,부상신고,,,,
2022053000100027,2022년 5월 30일 06시,월요일,전라남도 광양시 중동,경상사고,0,0,2,0,차대차 - 측면충돌,안전거리미확보,건조,맑음,단일로 - 기타,승용,남,57세,경상,승용,남,65세,경상
2022053000100039,2022년 5월 30일 07시,월요일,전라남도 진도군 의신면,사망사고,1,0,0,0,차대차 - 측면충돌,교차로운행방법위반,젖음/습기,흐림,교차로 - 교차로안,이륜,여,72세,사망,승용,여,45세,상해없음
2022053000100040,2022년 5월 30일 07시,월요일,전라남도 함평군 함평읍,사망사고,1,0,1,0,차량단독 - 공작물충돌,기타,젖음/습기,비,기타 - 기타,화물,남,54세,사망,,,,
2022053000100080,2022년 5월 30일 08시,월요일,전라남도 광양시 광양읍,경상사고,0,0,1,0,차대차 - 추돌,안전거리미확보,건조,맑음,교차로 - 교차로안,승용,남,62세,상해없음,승용,여,29세,경상
2022053000100119,2022년 5월 30일 09시,월요일,전라남도 여수시 충무동,경상사고,0,0,1,0,차대사람 - 보도통행중,보행자보호의무위반,건조,맑음,교차로 - 교차로횡단보도내,화물,남,73세,기타불명,보행자,남,85세,경상
2022053000100120,2022년 5월 30일 09시,월요일,전라남도 함평군 학교면,부상신고사고,0,0,0,1,차량단독 - 공작물충돌,안전운전불이행,건조,맑음,단일로 - 기타,화물,남,73세,부상신고,,,,
2022053000100136,2022년 5월 30일 10시,월요일,전라남도 보성군 득량면,경상사고,0,0,1,0,차대차 - 후진중충돌,안전운전불이행,건조,맑음,단일로 - 기타,화물,남,75세,상해없음,승용,남,47세,상해없음
2022053000100196,2022년 5월 30일 12시,월요일,전라남도 고흥군 대서면,경상사고,0,0,2,0,차대차 - 측면충돌,직진우회전진행방해,건조,맑음,교차로 - 교차로안,화물,남,35세,경상,화물,여,50세,경상
2022053000100230,2022년 5월 30일 13시,월요일,전라남도 순천시 해룡면,중상사고,0,1,0,0,차대차 - 추돌,안전운전불이행,건조,맑음,단일로 - 기타,자전거,남,64세,중상,승용,남,26세,상해없음
2022053000100231,2022년 5월 30일 13시,월요일,전라남도 무안군 무안읍,경상사고,0,0,1,0,차대사람 - 차도통행중,안전운전불이행,건조,맑음,단일로 - 기타,승용,여,40세,상해없음,보행자,여,50세,경상
2022053000100232,2022년 5월 30일 13시,월요일,전라남도 광양시 광양읍,중상사고,0,1,2,0,차대차 - 측면충돌,신호위반,건조,맑음,교차로 - 교차로안,승용,남,42세,상해없음,승용,남,45세,경상
2022053000100268,2022년 5월 30일 14시,월요일,전라남도 장성군 황룡면,중상사고,0,1,0,0,차대차 - 기타,안전운전불이행,건조,맑음,단일로 - 기타,승용,남,69세,상해없음,자전거,남,82세,중상
2022053000100269,2022년 5월 30일 14시,월요일,전라남도 강진군 군동면,경상사고,0,0,2,0,차량단독 - 기타,안전운전불이행,건조,흐림,단일로 - 기타,승용,여,54세,경상,,,,
2022053000100270,2022년 5월 30일 14시,월요일,전라남도 광양시 광양읍,경상사고,0,0,1,0,차대차 - 측면충돌,교차로운행방법위반,건조,맑음,교차로 - 교차로안,승용,남,24세,기타불명,승합,남,41세,경상
2022053000100301,2022년 5월 30일 15시,월요일,전라남도 보성군 조성면,중상사고,0,1,0,0,차대차 - 정면충돌,안전운전불이행,건조,맑음,단일로 - 기타,자전거,남,73세,중상,화물,남,72세,상해없음
2022053000100302,2022년 5월 30일 15시,월요일,전라남도 함평군 함평읍,경상사고,0,0,1,1,차대사람 - 횡단중,안전운전불이행,건조,맑음,단일로 - 기타,화물,남,56세,부상신고,보행자,여,75세,경상
2022053000100303,2022년 5월 30일 15시,월요일,전라남도 광양시 광양읍,경상사고,0,0,1,0,차대차 - 측면충돌,교차로운행방법위반,건조,맑음,교차로 - 교차로안,승용,여,53세,기타불명,승용,남,33세,경상
2022053000100338,2022년 5월 30일 16시,월요일,전라남도 목포시 석현동,경상사고,0,0,1,0,차대차 - 측면충돌,안전운전불이행,건조,맑음,교차로 - 교차로부근,승용,남,69세,상해없음,화물,남,56세,경상
2022053000100339,2022년 5월 30일 16시,월요일,전라남도 나주시 보산동,경상사고,0,0,1,0,차대사람 - 기타,안전운전불이행,건조,맑음,단일로 - 기타,화물,남,47세,상해없음,보행자,남,74세,경상
2022053000100340,2022년 5월 30일 16시,월요일,전라남도 무안군 삼향읍,경상사고,0,0,3,0,차대차 - 추돌,안전운전불이행,건조,맑음,단일로 - 기타,승용,남,46세,상해없음,승용,여,43세,경상
2022053000100386,2022년 5월 30일 17시,월요일,전라남도 순천시 조례동,경상사고,0,0,1,0,차대차 - 측면충돌,안전운전불이행,건조,맑음,교차로 - 교차로안,화물,남,64세,상해없음,자전거,남,64세,경상
2022053000100387,2022년 5월 30일 17시,월요일,전라남도 영암군 삼호읍,경상사고,0,0,1,0,차대차 - 추돌,안전운전불이행,건조,맑음,교차로 - 교차로부근,승용,남,29세,상해없음,승용,여,38세,경상
2022053000100388,2022년 5월 30일 17시,월요일,전라남도 구례군 토지면,경상사고,0,0,1,0,차대차 - 기타,직진우회전진행방해,건조,맑음,교차로 - 교차로안,화물,남,72세,상해없음,이륜,남,70세,경상
2022053000100435,2022년 5월 30일 18시,월요일,전라남도 여수시 여서동,경상사고,0,0,1,0,차대차 - 측면충돌,교차로운행방법위반,건조,맑음,교차로 - 교차로안,승용,남,26세,상해없음,이륜,남,27세,경상
2022053000100436,2022년 5월 30일 18시,월요일,전라남도 순천시 중앙동,경상사고,0,0,1,0,차대차 - 기타,안전운전불이행,건조,맑음,교차로 - 교차로안,승용,여,34세,상해없음,승용,여,41세,경상
2022053000100466,2022년 5월 30일 19시,월요일,전라남도 여수시 종화동,중상사고,0,1,2,0,차대차 - 측면충돌,안전운전불이행,건조,맑음,단일로 - 기타,승용,남,75세,경상,승용,남,34세,중상
2022053000100510,2022년 5월 30일 21시,월요일,전라남도 화순군 도곡면,경상사고,0,0,2,0,차대차 - 측면충돌,중앙선침범,건조,맑음,단일로 - 교량,승용,남,66세,상해없음,승합,남,53세,경상
2022053000100527,2022년 5월 30일 22시,월요일,전라남도 여수시 돌산읍,중상사고,0,1,0,0,차대차 - 추돌,안전운전불이행,건조,맑음,단일로 - 기타,승용,남,27세,상해없음,이륜,남,33세,중상
2022053000100547,2022년 5월 30일 23시,월요일,전라남도 여수시 수정동,경상사고,0,0,1,0,차대차 - 추돌,안전운전불이행,건조,맑음,단일로 - 기타,승용,남,57세,상해없음,승용,남,29세,경상
2022053100100045,2022년 5월 31일 06시,화요일,전라남도 강진군 병영면,중상사고,0,1,0,0,차량단독 - 공작물충돌,안전운전불이행,건조,맑음,단일로 - 기타,승용,남,71세,중상,,,,
2022053100100071,2022년 5월 31일 07시,화요일,전라남도 순천시 조례동,경상사고,0,0,1,0,차대차 - 측면충돌,안전거리미확보,건조,맑음,교차로 - 교차로부근,화물,남,72세,상해없음,승용,여,63세,경상
2022053100100072,2022년 5월 31일 07시,화요일,전라남도 해남군 화산면,중상사고,0,1,0,0,차량단독 - 공작물충돌,안전운전불이행,건조,맑음,단일로 - 기타,승용,남,58세,중상,,,,
2022053100100120,2022년 5월 31일 08시,화요일,전라남도 목포시 산정동,중상사고,0,1,3,0,차대차 - 측면충돌,신호위반,건조,맑음,교차로 - 교차로안,승용,남,74세,경상,승용,여,47세,경상
2022053100100121,2022년 5월 31일 08시,화요일,전라남도 목포시 명륜동,경상사고,0,0,4,0,차대차 - 측면충돌,안전운전불이행,건조,맑음,단일로 - 기타,승용,남,69세,경상,화물,남,39세,경상
2022053100100122,2022년 5월 31일 08시,화요일,전라남도 여수시 주삼동,경상사고,0,0,1,0,차대차 - 추돌,안전거리미확보,건조,맑음,단일로 - 기타,승용,남,29세,상해없음,승용,남,49세,경상
2022053100100123,2022년 5월 31일 08시,화요일,전라남도 장흥군 장흥읍,경상사고,0,0,1,0,차대차 - 추돌,안전거리미확보,건조,맑음,단일로 - 기타,화물,남,64세,상해없음,승용,여,60세,경상
2022053100100162,2022년 5월 31일 09시,화요일,전라남도 광양시 광양읍,부상신고사고,0,0,0,1,차대차 - 추돌,안전운전불이행,건조,맑음,교차로 - 교차로부근,승용,남,22세,상해없음,승용,여,38세,부상신고
2022053100100192,2022년 5월 31일 10시,화요일,전라남도 여수시 주삼동,경상사고,0,0,3,0,차대차 - 측면충돌,안전운전불이행,건조,맑음,주차장 - 주차장,화물,남,51세,상해없음,승용,여,50세,경상
2022053100100230,2022년 5월 31일 11시,화요일,전라남도 목포시 용당동,경상사고,0,0,2,0,차대차 - 기타,안전운전불이행,건조,맑음,단일로 - 기타,승용,남,68세,상해없음,승용,남,47세,경상
2022053100100231,2022년 5월 31일 11시,화요일,전라남도 여수시 학동,경상사고,0,0,1,0,차대사람 - 기타,기타,건조,맑음,교차로 - 교차로부근,화물,남,26세,상해없음,보행자,여,51세,경상
2022053100100232,2022년 5월 31일 11시,화요일,전라남도 순천시 상사면,경상사고,0,0,1,0,차량단독 - 도로외이탈 - 추락,안전운전불이행,건조,맑음,단일로 - 기타,이륜,남,51세,경상,,,,
2022053100100233,2022년 5월 31일 11시,화요일,전라남도 나주시 봉황면,중상사고,0,1,0,0,차대차 - 측면충돌,안전운전불이행,건조,맑음,단일로 - 기타,원동기,남,78세,중상,승용,남,56세,상해없음
2022053100100234,2022년 5월 31일 11시,화요일,전라남도 장성군 남면,경상사고,0,0,3,0,차대차 - 정면충돌,신호위반,건조,맑음,교차로 - 교차로안,승용,여,37세,경상,화물,남,59세,경상
2022053100100275,2022년 5월 31일 12시,화요일,전라남도 여수시 광무동,중상사고,0,1,0,0,차대사람 - 기타,기타,건조,맑음,기타 - 기타,화물,남,27세,상해없음,보행자,남,73세,중상
2022053100100276,2022년 5월 31일 12시,화요일,전라남도 순천시 조례동,중상사고,0,1,0,0,차대차 - 측면충돌,교차로운행방법위반,건조,맑음,교차로 - 교차로안,이륜,남,83세,중상,승용,여,50세,상해없음
2022053100100308,2022년 5월 31일 13시,화요일,전라남도 화순군 사평면,경상사고,0,0,1,0,차대차 - 추돌,안전운전불이행,건조,맑음,단일로 - 기타,승용,남,67세,상해없음,자전거,여,69세,경상
2022053100100346,2022년 5월 31일 14시,화요일,전라남도 목포시 산정동,경상사고,0,0,3,0,차대차 - 정면충돌,중앙선침범,건조,맑음,교차로 - 교차로안,승용,여,46세,상해없음,승용,남,64세,경상
2022053100100348,2022년 5월 31일 14시,화요일,전라남도 순천시 조례동,중상사고,0,1,0,0,차대사람 - 기타,신호위반,건조,맑음,교차로 - 교차로안,승용,여,32세,상해없음,보행자,여,8세,중상
2022053100100349,2022년 5월 31일 14시,화요일,전라남도 나주시 삼영동,중상사고,0,1,0,0,차대사람 - 기타,안전운전불이행,건조,맑음,교차로 - 교차로부근,승용,여,58세,상해없음,보행자,남,29세,중상
2022053100100389,2022년 5월 31일 15시,화요일,전라남도 목포시 용당동,경상사고,0,0,1,0,차대차 - 정면충돌,신호위반,건조,맑음,교차로 - 교차로안,승용,여,27세,상해없음,승용,남,65세,경상
2022053100100390,2022년 5월 31일 15시,화요일,전라남도 순천시 조례동,경상사고,0,0,2,0,차대차 - 측면충돌,안전운전불이행,건조,맑음,교차로 - 교차로안,승용,여,39세,경상,승용,남,29세,경상
2022053100100391,2022년 5월 31일 15시,화요일,전라남도 영암군 미암면,중상사고,0,1,1,0,차대차 - 측면충돌,안전운전불이행,건조,맑음,단일로 - 기타,화물,남,49세,상해없음,승용,남,66세,경상
2022053100100435,2022년 5월 31일 16시,화요일,전라남도 목포시 산정동,경상사고,0,0,3,0,차대차 - 측면충돌,교차로운행방법위반,건조,맑음,교차로 - 교차로안,승용,여,54세,경상,승용,남,24세,경상
2022053100100436,2022년 5월 31일 16시,화요일,전라남도 여수시 미평동,경상사고,0,0,1,0,차대차 - 측면충돌,안전운전불이행,건조,맑음,단일로 - 기타,승용,남,42세,상해없음,승용,여,59세,경상
2022053100100438,2022년 5월 31일 16시,화요일,전라남도 장성군 북일면,경상사고,0,0,1,0,차대차 - 측면충돌,안전운전불이행,건조,맑음,단일로 - 기타,화물,남,34세,상해없음,승용,여,55세,경상
2022053100100488,2022년 5월 31일 17시,화요일,전라남도 해남군 해남읍,경상사고,0,0,2,1,차대차 - 측면충돌,신호위반,건조,맑음,교차로 - 교차로안,승용,남,62세,부상신고,승용,여,38세,경상
2022053100100549,2022년 5월 31일 18시,화요일,전라남도 순천시 조례동,경상사고,0,0,2,0,차대차 - 측면충돌,직진우회전진행방해,건조,맑음,교차로 - 교차로안,승용,여,51세,경상,이륜,남,50세,경상
2022053100100550,2022년 5월 31일 18시,화요일,전라남도 화순군 화순읍,경상사고,0,0,2,0,차대차 - 측면충돌,안전거리미확보,건조,맑음,단일로 - 기타,승용,남,50세,경상,승용,남,29세,경상
2022053100100594,2022년 5월 31일 19시,화요일,전라남도 나주시 죽림동,경상사고,0,0,1,0,차대차 - 측면충돌,안전운전불이행,건조,맑음,단일로 - 기타,승용,여,47세,상해없음,승용,여,51세,경상
2022053100100629,2022년 5월 31일 20시,화요일,전라남도 영광군 영광읍,중상사고,0,1,0,0,차대사람 - 차도통행중,안전운전불이행,건조,맑음,교차로 - 교차로안,화물,남,53세,상해없음,보행자,남,35세,중상
2022053100100630,2022년 5월 31일 20시,화요일,전라남도 광양시 중동,경상사고,0,0,1,0,차대차 - 측면충돌,안전운전불이행,건조,맑음,교차로 - 교차로안,승용,남,56세,상해없음,화물,남,37세,경상
2022053100100705,2022년 5월 31일 23시,화요일,전라남도 목포시 산정동,경상사고,0,0,1,0,차대사람 - 기타,안전운전불이행,건조,맑음,교차로 - 교차로안,기타불명,기타불명,미분류,기타불명,보행자,남,62세,경상
2022053100100706,2022년 5월 31일 23시,화요일,전라남도 담양군 담양읍,중상사고,0,1,0,0,차량단독 - 공작물충돌,안전운전불이행,건조,맑음,교차로 - 교차로부근,승용,남,31세,중상,,,,
2022060100100078,2022년 6월 1일 05시,수요일,전라남도 목포시 산정동,경상사고,0,0,1,0,차대차 - 측면충돌,신호위반,건조,맑음,교차로 - 교차로안,자전거,남,67세,경상,승용,여,69세,상해없음