사고번호,사고일시,요일,시군구,사고내용,사망자수,중상자수,경상자수,부상신고자수,사고유형,법규위반,노면상태,기상상태,도로형태,가해운전자 차종,가해운전자 성별,가해운전자 연령,가해운전자 상해정도,피해운전자 차종,피해운전자 성별,피해운전자 연령,피해운전자 상해정도
2022060500100312,2022년 6월 5일 18시,일요일,전라남도 목포시 상동,경상사고,0,0,1,0,차대차 - 측면충돌,신호위반,젖음/습기,비,교차로 - 교차로안,승용,여,24세,상해없음,승용,남,56세,경상
2022060500100344,2022년 6월 5일 19시,일요일,전라남도 여수시 신기동,경상사고,0,0,1,0,차대차 - 기타,안전운전불이행,젖음/습기,비,단일로 - 기타,승용,남,60세,상해없음,이륜,남,20세,경상
2022060500100345,2022년 6월 5일 19시,일요일,전라남도 여수시 봉산동,경상사고,0,0,1,0,차대차 - 측면충돌,안전운전불이행,젖음/습기,흐림,단일로 - 기타,이륜,남,29세,경상,승용,남,69세,상해없음
2022060500100394,2022년 6월 5일 21시,일요일,전라남도 여수시 신기동,경상사고,0,0,1,0,차대차 - 측면충돌,안전운전불이행,젖음/습기,비,단일로 - 기타,승용,여,52세,상해없음,이륜,남,56세,경상
2022060500100412,2022년 6월 5일 22시,일요일,전라남도 광양시 중동,경상사고,0,0,1,0,차대차 - 추돌,안전운전불이행,건조,맑음,교차로 - 교차로부근,승용,남,38세,상해없음,승용,여,62세,경상
2022060500100440,2022년 6월 5일 23시,일요일,전라남도 목포시 대성동,중상사고,0,1,0,0,차대사람 - 기타,안전운전불이행,건조,맑음,교차로 - 교차로안,승합,남,52세,상해없음,보행자,남,43세,중상
2022060600100043,2022년 6월 6일 03시,월요일,전라남도 순천시 연향동,경상사고,0,0,1,0,차대차 - 추돌,안전거리미확보,건조,맑음,교차로 - 교차로부근,승용,남,34세,상해없음,승용,여,50세,경상
2022060600100058,2022년 6월 6일 05시,월요일,전라남도 목포시 산정동,중상사고,0,2,0,0,차대차 - 측면충돌,안전운전불이행,건조,맑음,교차로 - 교차로안,개인형이동수단(PM),여,14세,중상,화물,남,40세,상해없음
2022060600100071,2022년 6월 6일 07시,월요일,전라남도 여수시 주삼동,경상사고,0,0,2,0,차대차 - 후진중충돌,안전운전불이행,건조,맑음,단일로 - 기타,특수,남,41세,상해없음,화물,남,56세,경상
2022060600100085,2022년 6월 6일 08시,월요일,전라남도 광양시 광영동,중상사고,0,1,0,0,차대사람 - 기타,안전운전불이행,건조,흐림,기타 - 기타,화물,남,67세,상해없음,보행자,남,81세,중상
2022060600100102,2022년 6월 6일 09시,월요일,전라남도 해남군 해남읍,중상사고,0,1,0,0,차대차 - 측면충돌,교차로운행방법위반,건조,맑음,교차로 - 교차로안,승용,여,54세,기타불명,승용,여,58세,중상
2022060600100121,2022년 6월 6일 10시,월요일,전라남도 여수시 중앙동,경상사고,0,0,2,0,차대차 - 측면충돌,교차로운행방법위반,건조,맑음,교차로 - 교차로안,승용,남,61세,상해없음,승용,남,31세,경상
2022060600100122,2022년 6월 6일 10시,월요일,전라남도 고흥군 도양읍,중상사고,0,1,0,0,차대차 - 기타,안전운전불이행,건조,맑음,단일로 - 기타,승용,남,66세,상해없음,사륜오토바이(ATV),남,82세,중상
2022060600100136,2022년 6월 6일 11시,월요일,전라남도 여수시 국동,경상사고,0,0,1,0,차대차 - 추돌,안전운전불이행,건조,맑음,단일로 - 기타,승용,남,52세,상해없음,승용,여,51세,경상
2022060600100164,2022년 6월 6일 12시,월요일,전라남도 순천시 별량면,경상사고,0,0,2,0,차대차 - 측면충돌,안전운전불이행,건조,맑음,단일로 - 기타,화물,남,59세,상해없음,승용,여,54세,경상
2022060600100329,2022년 6월 6일 17시,월요일,전라남도 목포시 산정동,경상사고,0,0,1,0,차대차 - 측면충돌,안전운전불이행,건조,맑음,교차로 - 교차로안,승용,남,40세,상해없음,승용,여,31세,경상
2022060600100330,2022년 6월 6일 17시,월요일,전라남도 영암군 삼호읍,경상사고,0,0,4,0,차대차 - 추돌,안전거리미확보,건조,맑음,단일로 - 기타,승용,남,64세,경상,승용,여,36세,경상
2022060600100360,2022년 6월 6일 18시,월요일,전라남도 장성군 북이면,경상사고,0,0,1,0,차대차 - 측면충돌,안전운전불이행,건조,맑음,기타 - 기타,승용,여,31세,상해없음,승용,남,34세,경상
2022060600100388,2022년 6월 6일 19시,월요일,전라남도 목포시 옥암동,중상사고,0,1,0,0,차대차 - 측면충돌,안전운전불이행,건조,맑음,교차로 - 교차로안,승합,남,57세,상해없음,승용,남,51세,중상
2022060600100467,2022년 6월 6일 22시,월요일,전라남도 목포시 상동,경상사고,0,0,2,0,차대차 - 측면충돌,신호위반,건조,흐림,교차로 - 교차로안,승용,남,33세,상해없음,승용,남,28세,경상
2022060700100057,2022년 6월 7일 07시,화요일,전라남도 고흥군 과역면,중상사고,0,1,0,0,차대사람 - 기타,안전운전불이행,건조,맑음,단일로 - 기타,화물,남,46세,상해없음,보행자,여,71세,중상
2022060700100107,2022년 6월 7일 08시,화요일,전라남도 목포시 상동,경상사고,0,0,1,0,차대사람 - 기타,안전운전불이행,건조,맑음,단일로 - 기타,화물,남,37세,상해없음,보행자,여,92세,경상
2022060700100108,2022년 6월 7일 08시,화요일,전라남도 목포시 산정동,경상사고,0,0,1,0,차대차 - 측면충돌,안전운전불이행,건조,맑음,단일로 - 기타,승용,여,48세,상해없음,자전거,여,26세,경상
2022060700100109,2022년 6월 7일 08시,화요일,전라남도 광양시 마동,중상사고,0,1,2,0,차대차 - 측면충돌,직진우회전진행방해,건조,맑음,교차로 - 교차로안,승용,여,28세,경상,승용,남,28세,경상
2022060700100145,2022년 6월 7일 09시,화요일,전라남도 영광군 영광읍,경상사고,0,0,2,0,차대차 - 측면충돌,신호위반,건조,맑음,교차로 - 교차로안,승용,여,65세,경상,승용,여,39세,경상
2022060700100176,2022년 6월 7일 10시,화요일,전라남도 순천시 조곡동,중상사고,0,1,0,0,차대차 - 기타,직진우회전진행방해,건조,맑음,교차로 - 교차로안,화물,남,57세,상해없음,자전거,남,72세,중상
2022060700100207,2022년 6월 7일 11시,화요일,전라남도 여수시 서교동,경상사고,0,0,1,0,차대차 - 측면충돌,안전운전불이행,건조,맑음,교차로 - 교차로안,승용,여,56세,상해없음,이륜,남,81세,경상
2022060700100229,2022년 6월 7일 12시,화요일,전라남도 순천시 매곡동,경상사고,0,0,1,0,차대차 - 기타,안전운전불이행,건조,맑음,교차로 - 교차로안,승용,남,75세,상해없음,승용,여,27세,경상
2022060700100230,2022년 6월 7일 12시,화요일,전라남도 해남군 해남읍,경상사고,0,0,1,0,차대차 - 추돌,안전거리미확보,건조,맑음,단일로 - 기타,승용,남,51세,상해없음,승용,여,69세,경상
2022060700100255,2022년 6월 7일 13시,화요일,전라남도 무안군 일로읍,경상사고,0,0,2,0,차대차 - 정면충돌,안전운전불이행,건조,맑음,교차로 - 교차로안,화물,남,63세,상해없음,승용,남,60세,경상
2022060700100285,2022년 6월 7일 14시,화요일,전라남도 목포시 중동2가,경상사고,0,0,3,0,차대차 - 측면충돌,교차로운행방법위반,건조,맑음,교차로 - 교차로안,승용,남,72세,경상,승용,남,54세,경상
2022060700100286,2022년 6월 7일 14시,화요일,전라남도 순천시 연향동,경상사고,0,0,2,0,차대차 - 측면충돌,불법유턴,건조,맑음,단일로 - 기타,승용,남,64세,경상,화물,남,49세,경상
2022060700100287,2022년 6월 7일 14시,화요일,전라남도 순천시 풍덕동,경상사고,0,0,1,0,차대사람 - 기타,안전운전불이행,건조,맑음,교차로 - 교차로부근,화물,남,73세,상해없음,보행자,남,55세,경상
2022060700100353,2022년 6월 7일 16시,화요일,전라남도 장흥군 장평면,경상사고,0,0,1,0,차대차 - 기타,안전운전불이행,건조,맑음,교차로 - 교차로부근,화물,남,59세,상해없음,승용,남,50세,경상
2022060700100354,2022년 6월 7일 16시,화요일,전라남도 장흥군 장흥읍,중상사고,0,1,0,0,차대사람 - 횡단중,안전운전불이행,건조,맑음,교차로 - 교차로안,승용,남,60세,상해없음,보행자,여,80세,중상
2022060700100355,2022년 6월 7일 16시,화요일,전라남도 보성군 벌교읍,경상사고,0,0,1,1,차대차 - 측면충돌,직진우회전진행방해,건조,맑음,교차로 - 교차로안,승용,여,51세,부상신고,승용,여,38세,경상
2022060700100356,2022년 6월 7일 16시,화요일,전라남도 광양시 중동,경상사고,0,0,2,0,차대차 - 기타,안전거리미확보,건조,맑음,교차로 - 교차로부근,승용,여,51세,기타불명,승합,남,60세,상해없음
2022060700100400,2022년 6월 7일 17시,화요일,전라남도 무안군 삼향읍,사망사고,1,0,0,0,차대차 - 측면충돌,신호위반,젖음/습기,비,교차로 - 교차로안,화물,남,54세,상해없음,이륜,남,52세,사망
2022060700100459,2022년 6월 7일 19시,화요일,전라남도 장흥군 장흥읍,경상사고,0,0,1,0,차대차 - 정면충돌,중앙선침범,건조,맑음,단일로 - 기타,화물,남,64세,상해없음,화물,여,53세,경상
2022060700100498,2022년 6월 7일 20시,화요일,전라남도 여수시 공화동,경상사고,0,0,1,0,차대사람 - 기타,안전운전불이행,젖음/습기,비,단일로 - 기타,승합,남,53세,상해없음,보행자,여,17세,경상
2022060700100529,2022년 6월 7일 21시,화요일,전라남도 목포시 상동,부상신고사고,0,0,0,1,차대차 - 추돌,안전운전불이행,건조,맑음,교차로 - 교차로안,기타불명,기타불명,미분류,기타불명,이륜,남,41세,부상신고
2022060700100530,2022년 6월 7일 21시,화요일,전라남도 장성군 남면,중상사고,0,1,0,0,차량단독 - 기타,안전운전불이행,젖음/습기,비,단일로 - 기타,승용,남,72세,중상,,,,
2022060700100556,2022년 6월 7일 22시,화요일,전라남도 해남군 해남읍,중상사고,0,1,0,0,차대차 - 기타,안전운전불이행,젖음/습기,흐림,교차로 - 교차로안,승용,남,60세,상해없음,이륜,남,27세,중상
2022060800100022,2022년 6월 8일 01시,수요일,전라남도 여수시 안산동,경상사고,0,0,1,0,차대차 - 추돌,안전운전불이행,건조,맑음,단일로 - 기타,승용,여,42세,상해없음,승용,남,23세,경상
2022060800100036,2022년 6월 8일 04시,수요일,전라남도 해남군 화원면,중상사고,0,1,3,0,차대차 - 추돌,기타,건조,맑음,단일로 - 기타,승용,남,27세,경상,화물,남,53세,경상
2022060800100073,2022년 6월 8일 07시,수요일,전라남도 순천시 해룡면,중상사고,0,1,0,0,차대차 - 측면충돌,안전거리미확보,건조,맑음,단일로 - 기타,승용,남,55세,상해없음,승용,남,49세,상해없음
2022060800100102,2022년 6월 8일 08시,수요일,전라남도 나주시 금천면,경상사고,0,0,1,0,차대차 - 측면충돌,직진우회전진행방해,건조,맑음,교차로 - 교차로안,승용,남,80세,상해없음,승용,여,28세,경상
2022060800100103,2022년 6월 8일 08시,수요일,전라남도 화순군 화순읍,중상사고,0,1,0,0,차량단독 - 기타,안전운전불이행,건조,맑음,단일로 - 기타,승용,남,74세,중상,,,,
2022060800100104,2022년 6월 8일 08시,수요일,전라남도 광양시 마동,경상사고,0,0,1,0,차대차 - 측면충돌,교차로운행방법위반,건조,맑음,교차로 - 교차로안,승용,남,54세,상해없음,승용,남,41세,상해없음
2022060800100138,2022년 6월 8일 09시,수요일,전라남도 목포시 상동,경상사고,0,0,1,0,차대사람 - 횡단중,안전운전불이행,건조,맑음,기타 - 기타,화물,남,38세,상해없음,보행자,남,73세,경상
2022060800100139,2022년 6월 8일 09시,수요일,전라남도 무안군 삼향읍,경상사고,0,0,1,0,차대차 - 측면충돌,신호위반,건조,맑음,교차로 - 교차로안,승용,남,43세,상해없음,승용,여,39세,경상
2022060800100171,2022년 6월 8일 10시,수요일,전라남도 나주시 공산면,경상사고,0,0,1,0,차대차 - 기타,신호위반,건조,맑음,교차로 - 교차로안,승용,남,56세,상해없음,승용,남,63세,경상
2022060800100172,2022년 6월 8일 10시,수요일,전라남도 화순군 화순읍,경상사고,0,0,1,0,차대사람 - 기타,안전운전불이행,건조,맑음,주차장 - 주차장,승용,여,58세,상해없음,보행자,여,34세,경상
2022060800100225,2022년 6월 8일 12시,수요일,전라남도 여수시 웅천동,경상사고,0,0,2,0,차대차 - 후진중충돌,안전운전불이행,건조,맑음,단일로 - 기타,승용,여,37세,상해없음,승용,남,22세,경상
2022060800100254,2022년 6월 8일 13시,수요일,전라남도 목포시 옥암동,경상사고,0,0,1,0,차대차 - 측면충돌,안전운전불이행,건조,맑음,교차로 - 교차로안,승용,남,24세,상해없음,승용,여,21세,경상
2022060800100255,2022년 6월 8일 13시,수요일,전라남도 영암군 삼호읍,경상사고,0,0,1,0,차대차 - 측면충돌,신호위반,건조,맑음,교차로 - 교차로안,화물,남,76세,상해없음,승용,남,34세,상해없음
2022060800100256,2022년 6월 8일 13시,수요일,전라남도 강진군 성전면,경상사고,0,0,4,1,차대차 - 측면충돌,중앙선침범,건조,맑음,단일로 - 기타,승용,남,71세,부상신고,승합,남,62세,상해없음
2022060800100390,2022년 6월 8일 17시,수요일,전라남도 목포시 석현동,경상사고,0,0,2,0,차대차 - 기타,직진우회전진행방해,건조,맑음,교차로 - 교차로안,승용,여,62세,경상,승용,남,52세,경상
2022060800100391,2022년 6월 8일 17시,수요일,전라남도 여수시 안산동,경상사고,0,0,1,0,차대차 - 측면충돌,안전운전불이행,건조,맑음,교차로 - 교차로부근,승용,남,27세,상해없음,승용,여,46세,경상
2022060800100392,2022년 6월 8일 17시,수요일,전라남도 순천시 용당동,중상사고,0,1,0,0,차대차 - 측면충돌,안전운전불이행,건조,맑음,교차로 - 교차로안,승용,여,53세,상해없음,이륜,남,21세,중상
2022060800100393,2022년 6월 8일 17시,수요일,전라남도 순천시 옥천동,경상사고,0,0,1,0,차대차 - 기타,안전운전불이행,건조,맑음,단일로 - 기타,화물,남,29세,상해없음,승용,남,57세,경상
2022060800100394,2022년 6월 8일 17시,수요일,전라남도 순천시 조곡동,경상사고,0,0,1,0,차량단독 - 기타,안전운전불이행,건조,맑음,단일로 - 기타,승합,남,51세,상해없음,,,,
2022060800100395,2022년 6월 8일 17시,수요일,전라남도 구례군 토지면,경상사고,0,0,1,0,차대차 - 추돌,안전운전불이행,건조,맑음,단일로 - 기타,승용,여,60세,상해없음,승용,여,37세,경상
2022060800100438,2022년 6월 8일 18시,수요일,전라남도 목포시 상동,경상사고,0,0,1,0,차대사람 - 차도통행중,안전운전불이행,건조,맑음,단일로 - 기타,승용,남,62세,상해없음,보행자,남,29세,경상
2022060800100501,2022년 6월 8일 20시,수요일,전라남도 여수시 국동,경상사고,0,0,2,0,차대차 - 측면충돌,안전거리미확보,건조,맑음,단일로 - 기타,승용,남,75세,상해없음,승용,여,31세,경상
2022060800100502,2022년 6월 8일 20시,수요일,전라남도 장성군 황룡면,경상사고,0,0,2,0,차대차 - 추돌,안전운전불이행,건조,기타,교차로 - 교차로부근,승용,여,59세,상해없음,승용,여,52세,경상
2022060800100503,2022년 6월 8일 20시,수요일,전라남도 광양시 광양읍,경상사고,0,0,1,0,차대차 - 측면충돌,안전운전불이행,건조,맑음,단일로 - 기타,승용,여,27세,경상,승용,남,50세,상해없음
2022060900100022,2022년 6월 9일 02시,목요일,전라남도 순천시 인제동,경상사고,0,0,1,0,차대차 - 측면충돌,안전운전불이행,건조,맑음,교차로 - 교차로안,승용,남,37세,상해없음,승용,여,21세,경상
2022060900100042,2022년 6월 9일 06시,목요일,전라남도 순천시 조례동,경상사고,0,0,1,0,차대차 - 측면충돌,안전운전불이행,건조,맑음,교차로 - 교차로부근,승용,여,41세,상해없음,승용,남,47세,경상
2022060900100043,2022년 6월 9일 06시,목요일,전라남도 고흥군 포두면,중상사고,0,1,0,0,차대차 - 기타,안전운전불이행,건조,맑음,단일로 - 기타,승용,여,52세,상해없음,이륜,남,82세,중상
2022060900100171,2022년 6월 9일 10시,목요일,전라남도 신안군 임자면,중상사고,0,1,0,0,차대사람 - 기타,안전운전불이행,건조,맑음,단일로 - 기타,승용,남,55세,상해없음,보행자,남,65세,중상
2022060900100195,2022년 6월 9일 11시,목요일,전라남도 목포시 상동,경상사고,0,0,1,0,차대차 - 기타,신호위반,건조,맑음,교차로 - 교차로안,이륜,남,28세,상해없음,승용,남,43세,경상
2022060900100196,2022년 6월 9일 11시,목요일,전라남도 영광군 영광읍,경상사고,0,0,1,0,차대차 - 추돌,안전운전불이행,건조,맑음,단일로 - 기타,자전거,남,70세,경상,승용,남,46세,상해없음
2022060900100197,2022년 6월 9일 11시,목요일,전라남도 담양군 담양읍,경상사고,0,0,1,0,차대차 - 기타,안전운전불이행,건조,맑음,단일로 - 기타,승용,남,63세,경상,화물,남,39세,상해없음
2022060900100224,2022년 6월 9일 12시,목요일,전라남도 여수시 여서동,경상사고,0,0,1,0,차대차 - 측면충돌,안전운전불이행,건조,맑음,단일로 - 기타,승용,여,62세,상해없음,승용,남,72세,경상
2022060900100249,2022년 6월 9일 13시,목요일,전라남도 여수시 학동,중상사고,0,1,0,0,차대사람 - 횡단중,안전운전불이행,건조,맑음,교차로 - 교차로부근,승용,여,33세,상해없음,보행자,여,67세,중상
2022060900100304,2022년 6월 9일 15시,목요일,전라남도 목포시 용당동,경상사고,0,0,1,0,차대차 - 기타,차로위반,건조,맑음,단일로 - 기타,화물,남,78세,상해없음,승용,여,59세,경상
2022060900100305,2022년 6월 9일 15시,목요일,전라남도 여수시 연등동,중상사고,0,1,0,0,차대사람 - 기타,안전운전불이행,건조,맑음,교차로 - 교차로안,화물,남,30세,상해없음,보행자,남,85세,중상
2022060900100306,2022년 6월 9일 15시,목요일,전라남도 여수시 봉강동,경상사고,0,0,1,0,차대차 - 추돌,안전운전불이행,건조,맑음,단일로 - 고가도로위,승용,남,39세,상해없음,승용,남,52세,경상
2022060900100307,2022년 6월 9일 15시,목요일,전라남도 담양군 담양읍,경상사고,0,0,1,0,차대차 - 측면충돌,직진우회전진행방해,건조,맑음,교차로 - 교차로안,승용,남,18세,상해없음,승용,남,47세,경상
2022060900100342,2022년 6월 9일 16시,목요일,전라남도 영암군 삼호읍,중상사고,0,1,1,0,차대차 - 추돌,안전운전불이행,건조,맑음,단일로 - 기타,화물,남,59세,경상,승용,남,59세,중상
2022060900100422,2022년 6월 9일 18시,목요일,전라남도 여수시 여서동,경상사고,0,0,1,0,차대차 - 측면충돌,교차로운행방법위반,건조,맑음,교차로 - 교차로안,승용,남,74세,상해없음,승용,남,73세,경상
2022060900100423,2022년 6월 9일 18시,목요일,전라남도 보성군 회천면,중상사고,0,2,1,0,차량단독 - 공작물충돌,안전운전불이행,건조,맑음,단일로 - 기타,화물,남,61세,중상,,,,
2022060900100424,2022년 6월 9일 18시,목요일,전라남도 영광군 영광읍,경상사고,0,0,1,0,차대차 - 기타,안전운전불이행,건조,맑음,단일로 - 기타,화물,남,61세,상해없음,승용,남,61세,경상
2022060900100458,2022년 6월 9일 19시,목요일,전라남도 목포시 석현동,경상사고,0,0,1,0,차대차 - 측면충돌,교차로운행방법위반,건조,맑음,교차로 - 교차로안,승용,여,28세,상해없음,승용,여,30세,경상
2022060900100459,2022년 6월 9일 19시,목요일,전라남도 강진군 군동면,부상신고사고,0,0,0,1,차대차 - 측면충돌,직진우회전진행방해,건조,맑음,교차로 - 교차로안,승용,남,65세,부상신고,승합,여,50세,상해없음
2022061000100018,2022년 6월 10일 01시,금요일,전라남도 여수시 소라면,경상사고,0,0,1,0,차대차 - 추돌,안전운전불이행,건조,맑음,교차로 - 교차로부근,승용,남,41세,상해없음,승용,남,27세,경상
2022061000100019,2022년 6월 10일 01시,금요일,전라남도 순천시 남정동,중상사고,0,2,0,0,차대차 - 측면충돌,안전운전불이행,건조,맑음,교차로 - 교차로안,승용,남,20세,상해없음,승용,남,57세,중상
2022061000100065,2022년 6월 10일 07시,금요일,전라남도 여수시 주삼동,경상사고,0,0,1,0,차대차 - 측면충돌,안전거리미확보,건조,맑음,단일로 - 기타,화물,남,50세,상해없음,승용,남,34세,경상
2022061000100102,2022년 6월 10일 08시,금요일,전라남도 목포시 용해동,경상사고,0,0,1,1,차대차 - 기타,교차로운행방법위반,건조,맑음,교차로 - 교차로안,승용,여,63세,부상신고,승용,여,45세,경상
2022061000100103,2022년 6월 10일 08시,금요일,전라남도 여수시 여서동,경상사고,0,0,3,0,차대차 - 측면충돌,안전운전불이행,건조,맑음,단일로 - 기타,승합,남,23세,상해없음,승용,여,37세,경상
2022061000100104,2022년 6월 10일 08시,금요일,전라남도 순천시 인제동,중상사고,0,1,0,0,차대사람 - 길가장자리구역통행중,안전운전불이행,건조,맑음,교차로 - 교차로부근,승용,여,51세,상해없음,보행자,남,40세,중상
2022061000100105,2022년 6월 10일 08시,금요일,전라남도 해남군 해남읍,경상사고,0,0,1,0,차대차 - 측면충돌,안전운전불이행,건조,맑음,단일로 - 기타,승용,여,36세,상해없음,자전거,남,12세,경상
2022061000100106,2022년 6월 10일 08시,금요일,전라남도 해남군 해남읍,중상사고,0,1,0,0,차대차 - 추돌,안전운전불이행,건조,맑음,단일로 - 터널,화물,남,58세,상해없음,승용,여,24세,중상
2022061000100153,2022년 6월 10일 09시,금요일,전라남도 순천시 장천동,경상사고,0,0,1,0,차대차 - 측면충돌,중앙선침범,건조,맑음,단일로 - 기타,승용,남,64세,상해없음,자전거,남,61세,경상
2022061000100154,2022년 6월 10일 09시,금요일,전라남도 완도군 완도읍,경상사고,0,0,1,0,차대차 - 측면충돌,중앙선침범,건조,맑음,단일로 - 기타,화물,남,61세,상해없음,화물,남,54세,경상
2022061000100180,2022년 6월 10일 10시,금요일,전라남도 곡성군 곡성읍,경상사고,0,0,1,0,차대차 - 측면충돌,중앙선침범,건조,맑음,교차로 - 교차로부근,화물,남,53세,상해없음,승합,여,55세,경상
2022061000100237,2022년 6월 10일 12시,금요일,전라남도 무안군 몽탄면,사망사고,1,0,0,0,차대차 - 추돌,안전운전불이행,건조,맑음,기타 - 기타,승용,남,46세,사망,화물,남,34세,상해없음
2022061000100266,2022년 6월 10일 13시,금요일,전라남도 목포시 상동,경상사고,0,0,1,0,차대차 - 측면충돌,차로위반,건조,맑음,단일로 - 기타,승용,남,74세,상해없음,승용,남,36세,경상
2022061000100267,2022년 6월 10일 13시,금요일,전라남도 여수시 학동,경상사고,0,0,3,0,차대차 - 추돌,안전거리미확보,건조,맑음,단일로 - 기타,승용,여,39세,상해없음,승용,남,57세,경상
2022061000100299,2022년 6월 10일 14시,금요일,전라남도 여수시 돌산읍,경상사고,0,0,2,0,차대차 - 기타,안전운전불이행,건조,맑음,단일로 - 기타,승용,여,60세,상해없음,승용,남,36세,경상
2022061000100300,2022년 6월 10일 14시,금요일,전라남도 여수시 웅천동,경상사고,0,0,1,0,차대차 - 추돌,안전운전불이행,건조,맑음,단일로 - 기타,화물,남,71세,상해없음,승용,남,33세,경상
2022061000100301,2022년 6월 10일 14시,금요일,전라남도 광양시 광양읍,경상사고,0,0,1,0,차대차 - 측면충돌,직진우회전진행방해,건조,흐림,교차로 - 교차로안,승용,여,63세,기타불명,승용,여,57세,경상
2022061000100382,2022년 6월 10일 16시,금요일,전라남도 목포시 죽교동,중상사고,0,1,0,0,차대사람 - 횡단중,보행자보호의무위반,건조,맑음,단일로 - 기타,이륜,남,45세,상해없음,보행자,남,50세,중상
2022061000100383,2022년 6월 10일 16시,금요일,전라남도 순천시 조례동,경상사고,0,0,1,0,차대사람 - 기타,안전운전불이행,건조,맑음,단일로 - 기타,이륜,남,44세,상해없음,보행자,여,38세,경상
2022061000100384,2022년 6월 10일 16시,금요일,전라남도 나주시 보산동,중상사고,0,1,1,0,차대차 - 측면충돌,안전운전불이행,건조,맑음,단일로 - 기타,승용,여,71세,경상,원동기,남,35세,중상
2022061000100385,2022년 6월 10일 16시,금요일,전라남도 해남군 해남읍,경상사고,0,0,1,0,차량단독 - 기타,안전운전불이행,건조,맑음,교차로 - 교차로안,이륜,남,57세,경상,,,,
2022061000100386,2022년 6월 10일 16시,금요일,전라남도 함평군 학교면,경상사고,0,0,1,0,차대차 - 기타,안전운전불이행,건조,맑음,단일로 - 기타,농기계,남,83세,경상,화물,남,68세,상해없음
2022061000100387,2022년 6월 10일 16시,금요일,전라남도 장성군 진원면,중상사고,0,1,0,0,차대사람 - 기타,안전운전불이행,건조,맑음,단일로 - 기타,승용,남,62세,상해없음,보행자,남,7세,중상
2022061000100388,2022년 6월 10일 16시,금요일,전라남도 완도군 완도읍,경상사고,0,0,3,0,차대차 - 측면충돌,교차로운행방법위반,건조,흐림,교차로 - 교차로안,승용,여,40세,경상,승합,남,66세,경상
2022061000100431,2022년 6월 10일 17시,금요일,전라남도 여수시 화양면,중상사고,0,2,0,1,차대차 - 측면충돌,직진우회전진행방해,건조,맑음,교차로 - 교차로안,승용,남,71세,상해없음,승용,남,42세,부상신고
2022061000100476,2022년 6월 10일 18시,금요일,전라남도 구례군 용방면,중상사고,0,2,1,0,차량단독 - 기타,안전운전불이행,건조,기타,단일로 - 기타,승합,남,35세,경상,,,,
2022061000100543,2022년 6월 10일 20시,금요일,전라남도 순천시 덕월동,부상신고사고,0,0,0,1,차대차 - 측면충돌,안전운전불이행,건조,맑음,교차로 - 교차로안,이륜,남,42세,부상신고,승용,여,64세,상해없음
2022061000100544,2022년 6월 10일 20시,금요일,전라남도 화순군 화순읍,경상사고,0,0,1,0,차대차 - 추돌,안전운전불이행,건조,맑음,단일로 - 기타,승용,남,38세,상해없음,승용,여,29세,경상
2022061000100591,2022년 6월 10일 22시,금요일,전라남도 여수시 여서동,경상사고,0,0,1,0,차대차 - 측면충돌,안전운전불이행,건조,맑음,단일로 - 기타,승용,남,37세,상해없음,화물,남,40세,경상
2022061000100592,2022년 6월 10일 22시,금요일,전라남도 여수시 해산동,경상사고,0,0,3,0,차대차 - 추돌,안전운전불이행,건조,맑음,단일로 - 기타,승용,남,48세,상해없음,승용,남,29세,경상
2022061100100009,2022년 6월 11일 00시,토요일,전라남도 여수시 학동,경상사고,0,0,1,0,차대차 - 측면충돌,안전운전불이행,건조,맑음,교차로 - 교차로안,승용,남,44세,상해없음,승용,남,60세,경상
2022061100100010,2022년 6월 11일 00시,토요일,전라남도 여수시 화장동,중상사고,0,1,0,1,차대차 - 측면충돌,안전운전불이행,건조,맑음,교차로 - 교차로안,승용,여,35세,부상신고,원동기,남,13세,중상
2022061100100011,2022년 6월 11일 00시,토요일,전라남도 나주시 빛가람동,경상사고,0,0,1,0,차대차 - 추돌,안전운전불이행,건조,맑음,단일로 - 기타,승용,남,25세,상해없음,승용,남,33세,경상
2022061100100031,2022년 6월 11일 01시,토요일,전라남도 목포시 상동,중상사고,0,1,0,0,차대사람 - 횡단중,안전운전불이행,건조,맑음,교차로 - 교차로횡단보도내,승용,여,44세,상해없음,보행자,남,34세,중상
2022061100100032,2022년 6월 11일 01시,토요일,전라남도 순천시 조례동,경상사고,0,0,1,0,차대차 - 측면충돌,직진우회전진행방해,건조,맑음,교차로 - 교차로안,승용,여,19세,상해없음,이륜,남,50세,경상
2022061100100042,2022년 6월 11일 02시,토요일,전라남도 목포시 용해동,중상사고,0,1,5,0,차대차 - 추돌,안전운전불이행,건조,맑음,단일로 - 기타,승용,남,21세,기타불명,승용,남,35세,경상
2022061100100053,2022년 6월 11일 03시,토요일,전라남도 광양시 금호동,경상사고,0,0,1,0,차량단독 - 공작물충돌,안전운전불이행,건조,맑음,단일로 - 기타,승용,여,33세,경상,,,,
2022061100100065,2022년 6월 11일 05시,토요일,전라남도 화순군 화순읍,경상사고,0,0,1,0,차량단독 - 공작물충돌,안전운전불이행,건조,맑음,기타 - 기타,승용,여,61세,경상,,,,
2022061100100105,2022년 6월 11일 08시,토요일,전라남도 화순군 능주면,중상사고,0,1,0,0,차대사람 - 기타,안전운전불이행,건조,맑음,단일로 - 기타,자전거,남,80세,상해없음,보행자,여,73세,중상