사고번호,사고일시,요일,시군구,사고내용,사망자수,중상자수,경상자수,부상신고자수,사고유형,법규위반,노면상태,기상상태,도로형태,가해운전자 차종,가해운전자 성별,가해운전자 연령,가해운전자 상해정도,피해운전자 차종,피해운전자 성별,피해운전자 연령,피해운전자 상해정도
2022061700100230,2022년 6월 17일 12시,금요일,전라남도 여수시 돌산읍,경상사고,0,0,1,0,차대사람 - 횡단중,안전운전불이행,건조,맑음,교차로 - 교차로안,화물,남,43세,상해없음,보행자,여,59세,경상
2022061700100267,2022년 6월 17일 13시,금요일,전라남도 해남군 해남읍,중상사고,0,1,0,0,차대차 - 추돌,안전운전불이행,건조,맑음,교차로 - 교차로부근,승용,여,62세,상해없음,승용,여,36세,중상
2022061700100268,2022년 6월 17일 13시,금요일,전라남도 곡성군 곡성읍,중상사고,0,1,0,1,차대차 - 측면충돌,직진우회전진행방해,건조,맑음,교차로 - 교차로안,승용,남,24세,부상신고,승용,남,65세,중상
2022061700100373,2022년 6월 17일 16시,금요일,전라남도 나주시 다시면,경상사고,0,0,1,0,차대차 - 기타,신호위반,건조,맑음,교차로 - 교차로안,승용,남,72세,상해없음,승용,여,48세,경상
2022061700100374,2022년 6월 17일 16시,금요일,전라남도 담양군 고서면,경상사고,0,0,3,0,차대차 - 추돌,안전운전불이행,건조,맑음,단일로 - 기타,건설기계,남,55세,상해없음,승용,여,29세,경상
2022061700100420,2022년 6월 17일 17시,금요일,전라남도 여수시 중앙동,중상사고,0,1,0,0,차대차 - 측면충돌,안전운전불이행,건조,맑음,교차로 - 교차로안,승용,남,65세,상해없음,승용,남,26세,중상
2022061700100474,2022년 6월 17일 18시,금요일,전라남도 장성군 삼계면,경상사고,0,0,1,0,차대차 - 기타,중앙선침범,건조,맑음,단일로 - 기타,승용,남,67세,상해없음,화물,남,37세,경상
2022061700100552,2022년 6월 17일 20시,금요일,전라남도 장흥군 장흥읍,경상사고,0,0,1,0,차량단독 - 기타,안전운전불이행,건조,맑음,단일로 - 기타,이륜,남,62세,경상,,,,
2022061700100553,2022년 6월 17일 20시,금요일,전라남도 화순군 화순읍,경상사고,0,0,1,0,차대차 - 추돌,안전운전불이행,건조,맑음,교차로 - 교차로부근,승용,남,67세,상해없음,승용,남,42세,경상
2022061700100554,2022년 6월 17일 20시,금요일,전라남도 화순군 이양면,중상사고,0,1,0,0,차대차 - 추돌,안전운전불이행,건조,맑음,단일로 - 기타,화물,여,30세,중상,건설기계,남,43세,상해없음
2022061700100555,2022년 6월 17일 20시,금요일,전라남도 광양시 중동,경상사고,0,0,1,0,차대차 - 추돌,안전운전불이행,건조,맑음,교차로 - 교차로부근,화물,남,28세,기타불명,이륜,남,42세,경상
2022061700100607,2022년 6월 17일 22시,금요일,전라남도 순천시 가곡동,중상사고,0,1,0,0,차대사람 - 횡단중,안전운전불이행,건조,맑음,단일로 - 기타,이륜,남,38세,상해없음,보행자,여,36세,중상
2022061700100623,2022년 6월 17일 23시,금요일,전라남도 목포시 상동,경상사고,0,0,2,0,차대차 - 측면충돌,안전거리미확보,건조,맑음,단일로 - 기타,화물,남,61세,상해없음,승용,남,18세,경상
2022061800100023,2022년 6월 18일 01시,토요일,전라남도 여수시 여서동,중상사고,0,2,0,0,차량단독 - 공작물충돌,안전운전불이행,건조,맑음,단일로 - 기타,이륜,남,16세,중상,,,,
2022061800100024,2022년 6월 18일 01시,토요일,전라남도 영광군 영광읍,중상사고,0,1,0,0,차량단독 - 공작물충돌,안전운전불이행,건조,맑음,교차로 - 교차로안,승용,남,32세,중상,,,,
2022061800100073,2022년 6월 18일 06시,토요일,전라남도 무안군 무안읍,경상사고,0,0,1,0,차대차 - 측면충돌,안전운전불이행,건조,맑음,단일로 - 기타,화물,남,40세,상해없음,자전거,남,74세,경상
2022061800100104,2022년 6월 18일 08시,토요일,전라남도 고흥군 도덕면,중상사고,0,1,0,0,차대차 - 기타,중앙선침범,건조,맑음,단일로 - 기타,화물,남,66세,중상,승용,여,56세,상해없음
2022061800100105,2022년 6월 18일 08시,토요일,전라남도 장성군 북이면,경상사고,0,0,1,0,차대차 - 기타,기타,건조,맑음,교차로 - 교차로안,승용,남,37세,상해없음,농기계,남,83세,경상
2022061800100133,2022년 6월 18일 09시,토요일,전라남도 목포시 옥암동,부상신고사고,0,0,0,1,차대차 - 기타,안전운전불이행,건조,맑음,교차로 - 교차로부근,원동기,남,14세,부상신고,승용,여,29세,상해없음
2022061800100134,2022년 6월 18일 09시,토요일,전라남도 곡성군 곡성읍,경상사고,0,0,2,0,차대차 - 기타,안전운전불이행,건조,맑음,단일로 - 기타,화물,남,57세,상해없음,승용,남,57세,경상
2022061800100198,2022년 6월 18일 11시,토요일,전라남도 구례군 토지면,경상사고,0,0,2,0,차대차 - 측면충돌,직진우회전진행방해,건조,맑음,교차로 - 교차로안,승용,남,73세,상해없음,승용,남,44세,경상
2022061800100234,2022년 6월 18일 12시,토요일,전라남도 여수시 서교동,경상사고,0,0,2,0,차대차 - 측면충돌,안전운전불이행,건조,맑음,단일로 - 기타,승용,여,42세,상해없음,승용,여,53세,경상
2022061800100264,2022년 6월 18일 13시,토요일,전라남도 순천시 조례동,경상사고,0,0,1,0,차대사람 - 기타,안전운전불이행,건조,맑음,단일로 - 기타,승용,여,45세,상해없음,보행자,여,5세,경상
2022061800100265,2022년 6월 18일 13시,토요일,전라남도 화순군 화순읍,중상사고,0,1,0,0,차대사람 - 기타,안전운전불이행,건조,맑음,단일로 - 기타,이륜,남,66세,상해없음,보행자,여,70세,중상
2022061800100305,2022년 6월 18일 14시,토요일,전라남도 여수시 봉산동,경상사고,0,0,1,0,차대사람 - 기타,안전운전불이행,건조,맑음,교차로 - 교차로부근,화물,남,55세,상해없음,보행자,여,74세,경상
2022061800100306,2022년 6월 18일 14시,토요일,전라남도 순천시 조례동,경상사고,0,0,2,0,차대차 - 측면충돌,교차로운행방법위반,건조,맑음,교차로 - 교차로안,승용,여,59세,경상,승용,여,62세,경상
2022061800100378,2022년 6월 18일 16시,토요일,전라남도 목포시 상동,경상사고,0,0,1,0,차대차 - 측면충돌,안전운전불이행,건조,맑음,교차로 - 교차로안,승용,남,48세,기타불명,특수,남,39세,경상
2022061800100379,2022년 6월 18일 16시,토요일,전라남도 여수시 여서동,경상사고,0,0,3,0,차대차 - 측면충돌,안전거리미확보,건조,맑음,단일로 - 기타,승용,남,29세,상해없음,승용,여,38세,경상
2022061800100380,2022년 6월 18일 16시,토요일,전라남도 여수시 문수동,경상사고,0,0,1,0,차대차 - 측면충돌,안전운전불이행,건조,맑음,교차로 - 교차로부근,승용,남,30세,상해없음,승용,여,46세,경상
2022061800100416,2022년 6월 18일 17시,토요일,전라남도 여수시 미평동,경상사고,0,0,1,0,차대사람 - 보도통행중,기타,건조,맑음,단일로 - 기타,승용,남,64세,상해없음,보행자,남,35세,경상
2022061800100480,2022년 6월 18일 19시,토요일,전라남도 무안군 현경면,경상사고,0,0,1,0,차대차 - 측면충돌,중앙선침범,건조,맑음,단일로 - 기타,승용,여,63세,상해없음,승용,남,40세,경상
2022061800100520,2022년 6월 18일 20시,토요일,전라남도 목포시 상동,경상사고,0,0,2,0,차대차 - 기타,안전운전불이행,건조,맑음,교차로 - 교차로안,개인형이동수단(PM),남,26세,경상,승용,남,46세,경상
2022061800100521,2022년 6월 18일 20시,토요일,전라남도 고흥군 봉래면,경상사고,0,0,1,0,차대차 - 기타,교차로운행방법위반,건조,맑음,교차로 - 교차로안,이륜,남,63세,경상,승용,남,44세,상해없음
2022061800100592,2022년 6월 18일 23시,토요일,전라남도 영암군 삼호읍,경상사고,0,0,2,0,차대차 - 측면충돌,안전운전불이행,건조,맑음,교차로 - 교차로안,승용,남,31세,경상,승용,남,33세,상해없음
2022061900100016,2022년 6월 19일 00시,일요일,전라남도 강진군 대구면,경상사고,0,0,1,0,차대차 - 측면충돌,중앙선침범,건조,맑음,단일로 - 기타,승용,남,50세,상해없음,승용,여,24세,경상
2022061900100025,2022년 6월 19일 01시,일요일,전라남도 여수시 미평동,경상사고,0,0,1,0,차량단독 - 전도전복 - 전도,안전운전불이행,건조,맑음,단일로 - 기타,이륜,남,14세,상해없음,,,,
2022061900100080,2022년 6월 19일 07시,일요일,전라남도 여수시 웅천동,경상사고,0,0,1,0,차대차 - 기타,안전운전불이행,건조,맑음,단일로 - 기타,승용,남,34세,상해없음,승용,남,45세,경상
2022061900100101,2022년 6월 19일 09시,일요일,전라남도 여수시 서교동,경상사고,0,0,1,0,차대사람 - 기타,안전운전불이행,건조,맑음,교차로 - 교차로부근,승용,남,74세,상해없음,보행자,여,63세,경상
2022061900100118,2022년 6월 19일 10시,일요일,전라남도 순천시 서면,경상사고,0,0,3,0,차대차 - 추돌,안전거리미확보,건조,맑음,단일로 - 기타,승용,여,39세,경상,승용,남,50세,경상
2022061900100119,2022년 6월 19일 10시,일요일,전라남도 곡성군 옥과면,중상사고,0,1,0,0,차대차 - 정면충돌,안전운전불이행,건조,맑음,단일로 - 기타,승용,남,61세,상해없음,화물,남,75세,중상
2022061900100135,2022년 6월 19일 11시,일요일,전라남도 목포시 상동,경상사고,0,0,1,0,차대사람 - 차도통행중,안전운전불이행,건조,맑음,교차로 - 교차로부근,승합,남,64세,상해없음,보행자,여,73세,경상
2022061900100136,2022년 6월 19일 11시,일요일,전라남도 순천시 조례동,경상사고,0,0,1,0,차대차 - 측면충돌,직진우회전진행방해,건조,맑음,교차로 - 교차로안,승용,여,54세,상해없음,승용,남,55세,경상
2022061900100163,2022년 6월 19일 12시,일요일,전라남도 여수시 돌산읍,경상사고,0,0,1,0,차대차 - 정면충돌,안전운전불이행,건조,맑음,단일로 - 기타,승용,여,52세,상해없음,화물,남,59세,경상
2022061900100180,2022년 6월 19일 13시,일요일,전라남도 여수시 종화동,경상사고,0,0,1,0,차대차 - 측면충돌,안전운전불이행,건조,맑음,단일로 - 기타,승합,남,67세,상해없음,승용,남,35세,상해없음
2022061900100181,2022년 6월 19일 13시,일요일,전라남도 순천시 교량동,중상사고,0,1,2,0,차대차 - 측면충돌,기타,건조,맑음,교차로 - 교차로안,승용,남,70세,경상,승합,남,74세,중상
2022061900100236,2022년 6월 19일 15시,일요일,전라남도 신안군 암태면,경상사고,0,0,1,0,차대차 - 측면충돌,교차로운행방법위반,건조,맑음,교차로 - 교차로부근,승합,남,67세,상해없음,자전거,여,29세,경상
2022061900100237,2022년 6월 19일 15시,일요일,전라남도 무안군 삼향읍,중상사고,0,1,0,0,차대차 - 측면충돌,안전운전불이행,건조,맑음,교차로 - 교차로안,승용,여,47세,상해없음,이륜,남,26세,중상
2022061900100282,2022년 6월 19일 17시,일요일,전라남도 장성군 북일면,중상사고,0,1,0,0,차량단독 - 공작물충돌,안전운전불이행,건조,맑음,단일로 - 기타,승용,여,67세,중상,,,,
2022061900100335,2022년 6월 19일 19시,일요일,전라남도 화순군 이서면,경상사고,0,0,2,0,차대차 - 측면충돌,중앙선침범,건조,맑음,교차로 - 교차로부근,승용,남,74세,상해없음,승용,남,32세,경상
2022061900100358,2022년 6월 19일 20시,일요일,전라남도 여수시 선원동,중상사고,0,1,0,0,차대사람 - 횡단중,안전운전불이행,건조,맑음,교차로 - 교차로부근,이륜,남,28세,상해없음,보행자,남,66세,중상
2022061900100380,2022년 6월 19일 21시,일요일,전라남도 목포시 옥암동,경상사고,0,0,1,1,차대차 - 측면충돌,기타,건조,맑음,교차로 - 교차로안,이륜,남,16세,부상신고,화물,남,58세,경상
2022062000100006,2022년 6월 20일 00시,월요일,전라남도 목포시 석현동,경상사고,0,0,1,0,차대차 - 측면충돌,안전운전불이행,건조,맑음,교차로 - 교차로부근,승용,남,62세,상해없음,승용,남,29세,경상
2022062000100076,2022년 6월 20일 07시,월요일,전라남도 장성군 남면,경상사고,0,0,1,0,차대차 - 기타,안전운전불이행,건조,맑음,교차로 - 교차로안,화물,남,36세,기타불명,승용,남,35세,경상
2022062000100112,2022년 6월 20일 08시,월요일,전라남도 장흥군 장흥읍,경상사고,0,0,1,0,차대사람 - 기타,안전운전불이행,건조,맑음,단일로 - 기타,승용,여,48세,상해없음,보행자,여,80세,경상
2022062000100113,2022년 6월 20일 08시,월요일,전라남도 고흥군 포두면,중상사고,0,1,0,0,차대차 - 기타,중앙선침범,건조,맑음,단일로 - 기타,사륜오토바이(ATV),여,75세,중상,승합,남,54세,상해없음
2022062000100198,2022년 6월 20일 10시,월요일,전라남도 순천시 해룡면,경상사고,0,0,1,0,차대차 - 기타,안전운전불이행,건조,맑음,단일로 - 기타,화물,남,46세,기타불명,승합,남,37세,상해없음
2022062000100224,2022년 6월 20일 11시,월요일,전라남도 목포시 상동,경상사고,0,0,2,0,차대차 - 기타,안전거리미확보,건조,맑음,교차로 - 교차로부근,승용,남,29세,경상,이륜,남,33세,경상
2022062000100225,2022년 6월 20일 11시,월요일,전라남도 고흥군 동강면,경상사고,0,0,2,0,차대차 - 기타,안전운전불이행,건조,맑음,교차로 - 교차로부근,화물,남,73세,상해없음,승용,남,64세,경상
2022062000100254,2022년 6월 20일 12시,월요일,전라남도 여수시 서교동,경상사고,0,0,1,0,차대차 - 측면충돌,안전운전불이행,건조,맑음,단일로 - 기타,승용,남,38세,상해없음,승용,남,66세,상해없음
2022062000100255,2022년 6월 20일 12시,월요일,전라남도 고흥군 점암면,경상사고,0,0,1,0,차대차 - 기타,안전운전불이행,건조,맑음,교차로 - 교차로안,화물,남,62세,상해없음,승용,남,43세,경상
2022062000100256,2022년 6월 20일 12시,월요일,전라남도 구례군 마산면,경상사고,0,0,1,0,차량단독 - 전도전복 - 전도,안전운전불이행,기타,맑음,기타 - 기타,건설기계,남,67세,경상,,,,
2022062000100306,2022년 6월 20일 13시,월요일,전라남도 고흥군 도덕면,경상사고,0,0,3,0,차대차 - 기타,안전운전불이행,건조,맑음,단일로 - 기타,승용,여,31세,상해없음,승용,남,71세,상해없음
2022062000100341,2022년 6월 20일 14시,월요일,전라남도 목포시 상동,경상사고,0,0,2,0,차대차 - 측면충돌,신호위반,건조,맑음,교차로 - 교차로안,승용,여,46세,상해없음,승용,남,45세,경상
2022062000100342,2022년 6월 20일 14시,월요일,전라남도 목포시 상동,경상사고,0,0,2,0,차대차 - 측면충돌,안전운전불이행,건조,맑음,단일로 - 기타,승용,남,63세,상해없음,승용,남,42세,경상
2022062000100343,2022년 6월 20일 14시,월요일,전라남도 해남군 삼산면,중상사고,0,1,0,0,차대차 - 기타,안전운전불이행,건조,맑음,단일로 - 기타,승용,남,63세,중상,화물,남,65세,상해없음
2022062000100382,2022년 6월 20일 15시,월요일,전라남도 여수시 신기동,경상사고,0,0,1,0,차대차 - 정면충돌,교차로운행방법위반,건조,맑음,교차로 - 교차로안,승합,여,34세,상해없음,이륜,남,21세,경상
2022062000100383,2022년 6월 20일 15시,월요일,전라남도 보성군 미력면,경상사고,0,0,1,0,차대차 - 측면충돌,교차로운행방법위반,건조,맑음,교차로 - 교차로안,개인형이동수단(PM),남,89세,경상,승용,여,42세,상해없음
2022062000100428,2022년 6월 20일 16시,월요일,전라남도 강진군 작천면,경상사고,0,0,1,0,차대차 - 기타,안전운전불이행,건조,맑음,기타 - 기타,승용,남,54세,경상,화물,남,60세,상해없음
2022062000100459,2022년 6월 20일 17시,월요일,전라남도 영암군 영암읍,중상사고,0,2,0,0,차대차 - 정면충돌,중앙선침범,건조,맑음,단일로 - 기타,승용,남,59세,상해없음,화물,남,45세,중상
2022062000100492,2022년 6월 20일 18시,월요일,전라남도 여수시 오림동,중상사고,0,1,0,0,차대차 - 기타,안전운전불이행,건조,맑음,단일로 - 기타,자전거,남,10세,중상,승용,여,35세,상해없음
2022062000100576,2022년 6월 20일 21시,월요일,전라남도 여수시 봉산동,중상사고,0,1,0,0,차대사람 - 기타,안전운전불이행,건조,맑음,단일로 - 기타,승용,여,61세,상해없음,보행자,남,48세,중상
2022062100100089,2022년 6월 21일 08시,화요일,전라남도 목포시 상동,경상사고,0,0,1,0,차대차 - 기타,안전운전불이행,건조,맑음,단일로 - 기타,승용,남,66세,상해없음,승합,남,58세,상해없음
2022062100100090,2022년 6월 21일 08시,화요일,전라남도 순천시 매곡동,경상사고,0,0,3,0,차대차 - 기타,안전거리미확보,건조,맑음,교차로 - 교차로부근,승용,여,49세,상해없음,화물,남,51세,경상
2022062100100131,2022년 6월 21일 09시,화요일,전라남도 여수시 웅천동,경상사고,0,0,2,0,차대차 - 정면충돌,안전운전불이행,건조,맑음,교차로 - 교차로부근,승합,남,72세,상해없음,화물,남,49세,경상
2022062100100132,2022년 6월 21일 09시,화요일,전라남도 순천시 조례동,경상사고,0,0,1,0,차대차 - 기타,교차로운행방법위반,건조,맑음,교차로 - 교차로부근,화물,남,59세,상해없음,승용,여,30세,경상
2022062100100133,2022년 6월 21일 09시,화요일,전라남도 광양시 마동,경상사고,0,0,1,0,차대차 - 측면충돌,안전운전불이행,건조,맑음,교차로 - 교차로부근,승용,여,52세,기타불명,화물,남,75세,경상
2022062100100134,2022년 6월 21일 09시,화요일,전라남도 광양시 중동,경상사고,0,0,1,0,차대차 - 측면충돌,안전운전불이행,건조,맑음,교차로 - 교차로안,승합,여,54세,상해없음,승용,여,38세,경상
2022062100100166,2022년 6월 21일 10시,화요일,전라남도 곡성군 곡성읍,중상사고,0,1,0,0,차대차 - 측면충돌,직진우회전진행방해,건조,맑음,교차로 - 교차로안,개인형이동수단(PM),여,69세,중상,승용,여,41세,상해없음
2022062100100167,2022년 6월 21일 10시,화요일,전라남도 곡성군 겸면,중상사고,0,1,3,0,차대차 - 기타,직진우회전진행방해,건조,맑음,교차로 - 교차로안,승용,남,80세,경상,승용,여,58세,경상
2022062100100194,2022년 6월 21일 11시,화요일,전라남도 순천시 조례동,경상사고,0,0,1,0,차대차 - 추돌,안전운전불이행,건조,맑음,단일로 - 기타,승용,여,32세,상해없음,승용,남,57세,경상
2022062100100195,2022년 6월 21일 11시,화요일,전라남도 영광군 군남면,중상사고,0,1,0,0,차대사람 - 기타,안전운전불이행,건조,맑음,단일로 - 기타,승용,남,78세,상해없음,보행자,남,56세,중상
2022062100100196,2022년 6월 21일 11시,화요일,전라남도 진도군 진도읍,경상사고,0,0,1,0,차대차 - 측면충돌,교차로운행방법위반,건조,맑음,교차로 - 교차로안,화물,남,52세,상해없음,자전거,남,88세,경상
2022062100100251,2022년 6월 21일 13시,화요일,전라남도 해남군 해남읍,경상사고,0,0,1,0,차대차 - 측면충돌,직진우회전진행방해,건조,맑음,교차로 - 교차로안,승용,여,42세,기타불명,승용,여,58세,경상
2022062100100252,2022년 6월 21일 13시,화요일,전라남도 영암군 도포면,중상사고,0,1,0,0,차대차 - 측면충돌,안전운전불이행,건조,맑음,교차로 - 교차로부근,이륜,남,83세,중상,승용,남,30세,상해없음
2022062100100291,2022년 6월 21일 14시,화요일,전라남도 목포시 중앙동2가,경상사고,0,0,2,0,차대차 - 기타,안전운전불이행,건조,맑음,교차로 - 교차로안,승용,여,53세,상해없음,승용,남,28세,경상
2022062100100292,2022년 6월 21일 14시,화요일,전라남도 여수시 문수동,중상사고,0,1,0,0,차대사람 - 기타,기타,건조,맑음,단일로 - 기타,승용,남,71세,상해없음,보행자,여,81세,중상
2022062100100293,2022년 6월 21일 14시,화요일,전라남도 여수시 문수동,경상사고,0,0,1,0,차대차 - 측면충돌,안전운전불이행,건조,맑음,단일로 - 기타,화물,남,46세,상해없음,이륜,여,38세,경상
2022062100100294,2022년 6월 21일 14시,화요일,전라남도 보성군 벌교읍,경상사고,0,0,1,0,차대사람 - 길가장자리구역통행중,안전운전불이행,건조,맑음,단일로 - 기타,승용,남,71세,상해없음,보행자,남,11세,경상
2022062100100339,2022년 6월 21일 15시,화요일,전라남도 목포시 상동,경상사고,0,0,1,0,차대사람 - 길가장자리구역통행중,안전운전불이행,건조,맑음,교차로 - 교차로부근,승용,남,28세,상해없음,보행자,남,32세,경상
2022062100100340,2022년 6월 21일 15시,화요일,전라남도 장흥군 장평면,경상사고,0,0,1,0,차량단독 - 전도전복 - 전도,안전운전불이행,건조,맑음,단일로 - 기타,사륜오토바이(ATV),남,90세,경상,,,,
2022062100100341,2022년 6월 21일 15시,화요일,전라남도 화순군 화순읍,경상사고,0,0,1,0,차대차 - 기타,안전운전불이행,젖음/습기,맑음,단일로 - 기타,화물,남,78세,상해없음,승용,남,58세,경상
2022062100100342,2022년 6월 21일 15시,화요일,전라남도 진도군 의신면,중상사고,0,1,0,0,차대차 - 측면충돌,기타,건조,맑음,교차로 - 교차로안,승용,여,31세,상해없음,이륜,여,71세,중상
2022062100100428,2022년 6월 21일 17시,화요일,전라남도 나주시 왕곡면,부상신고사고,0,0,0,1,차량단독 - 전도전복 - 전도,안전운전불이행,건조,맑음,단일로 - 기타,화물,남,35세,부상신고,,,,
2022062100100473,2022년 6월 21일 18시,화요일,전라남도 목포시 용당동,경상사고,0,0,1,0,차대차 - 측면충돌,안전운전불이행,건조,맑음,교차로 - 교차로부근,승용,남,58세,상해없음,승용,남,70세,경상
2022062100100474,2022년 6월 21일 18시,화요일,전라남도 순천시 조례동,경상사고,0,0,1,0,차대차 - 측면충돌,안전운전불이행,건조,맑음,단일로 - 기타,승용,여,68세,상해없음,원동기,남,51세,경상
2022062100100475,2022년 6월 21일 18시,화요일,전라남도 나주시 과원동,경상사고,0,0,1,0,차대차 - 추돌,안전운전불이행,건조,맑음,교차로 - 교차로부근,승합,여,62세,상해없음,승용,남,28세,경상
2022062100100476,2022년 6월 21일 18시,화요일,전라남도 해남군 해남읍,중상사고,0,1,1,0,차대차 - 추돌,안전운전불이행,건조,맑음,단일로 - 기타,승용,남,24세,중상,승용,여,59세,기타불명
2022062100100477,2022년 6월 21일 18시,화요일,전라남도 곡성군 목사동면,부상신고사고,0,0,0,1,차량단독 - 전도전복 - 전도,안전운전불이행,건조,흐림,기타 - 기타,승용,남,59세,부상신고,,,,
2022062100100510,2022년 6월 21일 19시,화요일,전라남도 목포시 옥암동,경상사고,0,0,1,0,차대차 - 측면충돌,안전운전불이행,건조,맑음,교차로 - 교차로안,승용,남,52세,상해없음,원동기,남,26세,경상
2022062100100511,2022년 6월 21일 19시,화요일,전라남도 영광군 영광읍,사망사고,1,0,0,0,차량단독 - 기타,안전운전불이행,건조,맑음,교차로 - 교차로안,이륜,남,73세,사망,,,,
2022062100100534,2022년 6월 21일 20시,화요일,전라남도 나주시 금천면,경상사고,0,0,2,0,차대차 - 기타,기타,건조,맑음,단일로 - 기타,승용,남,54세,상해없음,승용,남,29세,경상
2022062100100586,2022년 6월 21일 22시,화요일,전라남도 순천시 연향동,경상사고,0,0,2,0,차대차 - 측면충돌,안전운전불이행,건조,맑음,교차로 - 교차로안,승용,남,25세,상해없음,승용,남,58세,경상
2022062200100005,2022년 6월 22일 00시,수요일,전라남도 목포시 옥암동,경상사고,0,0,2,0,차대차 - 추돌,안전운전불이행,건조,맑음,교차로 - 교차로부근,승용,남,28세,상해없음,승용,남,27세,경상
2022062200100006,2022년 6월 22일 00시,수요일,전라남도 여수시 학동,경상사고,0,0,1,0,차량단독 - 기타,안전운전불이행,건조,맑음,교차로 - 교차로안,승용,남,71세,상해없음,,,,
2022062200100007,2022년 6월 22일 00시,수요일,전라남도 강진군 강진읍,경상사고,0,0,2,0,차대차 - 측면충돌,기타,건조,맑음,교차로 - 교차로안,승용,여,53세,경상,화물,남,58세,경상
2022062200100050,2022년 6월 22일 06시,수요일,전라남도 순천시 해룡면,경상사고,0,0,1,0,차대차 - 기타,신호위반,건조,맑음,교차로 - 교차로안,승용,남,35세,상해없음,승용,남,56세,경상
2022062200100070,2022년 6월 22일 07시,수요일,전라남도 영암군 삼호읍,경상사고,0,0,2,0,차대차 - 측면충돌,안전거리미확보,건조,맑음,교차로 - 교차로부근,자전거,남,17세,경상,승용,여,39세,경상
2022062200100118,2022년 6월 22일 08시,수요일,전라남도 완도군 완도읍,경상사고,0,0,1,0,차대차 - 측면충돌,직진우회전진행방해,건조,맑음,교차로 - 교차로안,승용,여,40세,기타불명,승용,여,39세,경상
2022062200100190,2022년 6월 22일 10시,수요일,전라남도 여수시 남산동,경상사고,0,0,1,0,차대사람 - 횡단중,안전운전불이행,건조,맑음,교차로 - 교차로안,이륜,남,50세,상해없음,보행자,여,61세,경상
2022062200100218,2022년 6월 22일 11시,수요일,전라남도 신안군 장산면,경상사고,0,0,1,0,차량단독 - 도로외이탈 - 추락,안전운전불이행,건조,맑음,교차로 - 교차로부근,농기계,남,83세,경상,,,,
2022062200100219,2022년 6월 22일 11시,수요일,전라남도 여수시 봉강동,경상사고,0,0,3,0,차대차 - 측면충돌,신호위반,건조,맑음,단일로 - 기타,화물,남,59세,경상,이륜,남,24세,경상
2022062200100241,2022년 6월 22일 12시,수요일,전라남도 목포시 영해동1가,경상사고,0,0,1,0,차대차 - 측면충돌,신호위반,건조,맑음,교차로 - 교차로안,승용,남,74세,상해없음,승용,남,36세,경상
2022062200100242,2022년 6월 22일 12시,수요일,전라남도 목포시 산정동,경상사고,0,0,2,0,차대차 - 측면충돌,안전운전불이행,건조,맑음,단일로 - 기타,승용,남,42세,경상,승용,남,64세,경상
2022062200100277,2022년 6월 22일 13시,수요일,전라남도 무안군 삼향읍,경상사고,0,0,2,0,차대차 - 측면충돌,신호위반,건조,맑음,교차로 - 교차로안,승용,여,33세,상해없음,승합,남,64세,경상
2022062200100393,2022년 6월 22일 16시,수요일,전라남도 광양시 광영동,경상사고,0,0,1,0,차대사람 - 기타,안전운전불이행,건조,맑음,주차장 - 주차장,승용,여,61세,상해없음,보행자,남,10세,경상
2022062200100444,2022년 6월 22일 17시,수요일,전라남도 고흥군 남양면,경상사고,0,0,1,0,차대차 - 측면충돌,안전운전불이행,건조,맑음,단일로 - 기타,화물,남,50세,상해없음,이륜,남,53세,경상
2022062200100445,2022년 6월 22일 17시,수요일,전라남도 고흥군 금산면,사망사고,1,0,0,0,차대차 - 측면충돌,안전운전불이행,건조,맑음,교차로 - 교차로안,농기계,남,70세,상해없음,이륜,남,61세,사망
2022062200100446,2022년 6월 22일 17시,수요일,전라남도 화순군 화순읍,경상사고,0,0,1,0,차대차 - 측면충돌,직진우회전진행방해,건조,맑음,교차로 - 교차로안,승용,여,25세,상해없음,이륜,여,16세,경상
2022062200100447,2022년 6월 22일 17시,수요일,전라남도 담양군 봉산면,경상사고,0,0,1,0,차대차 - 기타,안전운전불이행,건조,맑음,교차로 - 교차로안,승용,여,45세,기타불명,화물,남,56세,경상
2022062200100494,2022년 6월 22일 18시,수요일,전라남도 무안군 해제면,중상사고,0,1,0,0,차대차 - 추돌,안전운전불이행,건조,맑음,단일로 - 기타,이륜,남,68세,중상,농기계,여,69세,상해없음
2022062200100495,2022년 6월 22일 18시,수요일,전라남도 무안군 삼향읍,경상사고,0,0,1,0,차대차 - 기타,안전운전불이행,건조,맑음,단일로 - 기타,승용,남,62세,상해없음,특수,남,39세,경상
2022062200100532,2022년 6월 22일 19시,수요일,전라남도 목포시 대양동,경상사고,0,0,1,0,차대차 - 후진중충돌,안전운전불이행,건조,맑음,기타 - 기타,승용,남,62세,기타불명,승용,여,40세,경상
2022062200100559,2022년 6월 22일 20시,수요일,전라남도 순천시 생목동,중상사고,0,2,1,0,차대차 - 측면충돌,중앙선침범,건조,맑음,단일로 - 기타,승용,여,69세,중상,승용,여,47세,중상
2022062200100589,2022년 6월 22일 21시,수요일,전라남도 목포시 산정동,경상사고,0,0,4,0,차대차 - 측면충돌,교차로운행방법위반,건조,맑음,교차로 - 교차로안,승용,남,61세,경상,승용,남,23세,경상
2022062200100590,2022년 6월 22일 21시,수요일,전라남도 해남군 황산면,경상사고,0,0,1,0,차대차 - 추돌,안전운전불이행,건조,맑음,단일로 - 기타,원동기,남,57세,경상,승용,남,55세,기타불명