사고번호,사고일시,요일,시군구,사고내용,사망자수,중상자수,경상자수,부상신고자수,사고유형,법규위반,노면상태,기상상태,도로형태,가해운전자 차종,가해운전자 성별,가해운전자 연령,가해운전자 상해정도,피해운전자 차종,피해운전자 성별,피해운전자 연령,피해운전자 상해정도
2022062200100591,2022년 6월 22일 21시,수요일,전라남도 해남군 계곡면,중상사고,0,1,0,0,차대사람 - 횡단중,안전운전불이행,건조,맑음,단일로 - 기타,승용,남,67세,상해없음,보행자,남,81세,중상
2022062200100592,2022년 6월 22일 21시,수요일,전라남도 광양시 금호동,경상사고,0,0,3,0,차대차 - 추돌,안전운전불이행,건조,맑음,교차로 - 교차로안,승용,남,55세,경상,승용,남,56세,경상
2022062200100593,2022년 6월 22일 21시,수요일,전라남도 광양시 중동,경상사고,0,0,1,0,차대차 - 후진중충돌,안전운전불이행,건조,맑음,교차로 - 교차로안,화물,남,21세,상해없음,승용,남,53세,경상
2022062200100618,2022년 6월 22일 22시,수요일,전라남도 목포시 행복동1가,중상사고,0,1,2,0,차대차 - 측면충돌,안전운전불이행,건조,맑음,교차로 - 교차로안,이륜,남,25세,중상,화물,여,64세,경상
2022062300100044,2022년 6월 23일 04시,목요일,전라남도 나주시 산포면,경상사고,0,0,1,0,차량단독 - 공작물충돌,안전운전불이행,건조,맑음,단일로 - 기타,승용,남,42세,경상,,,,
2022062300100155,2022년 6월 23일 09시,목요일,전라남도 나주시 다도면,중상사고,0,1,0,0,차대사람 - 기타,중앙선침범,건조,맑음,교차로 - 교차로안,건설기계,남,46세,상해없음,보행자,남,64세,중상
2022062300100184,2022년 6월 23일 10시,목요일,전라남도 여수시 중흥동,경상사고,0,0,1,0,차대차 - 측면충돌,안전운전불이행,건조,맑음,교차로 - 교차로부근,승용,남,56세,상해없음,화물,남,48세,경상
2022062300100209,2022년 6월 23일 11시,목요일,전라남도 여수시 묘도동,중상사고,0,1,0,0,차대사람 - 차도통행중,안전운전불이행,건조,맑음,단일로 - 교량,화물,남,47세,상해없음,보행자,남,42세,중상
2022062300100239,2022년 6월 23일 12시,목요일,전라남도 목포시 옥암동,경상사고,0,0,1,0,차대차 - 추돌,안전운전불이행,건조,맑음,교차로 - 교차로부근,승합,남,52세,상해없음,승용,여,63세,경상
2022062300100310,2022년 6월 23일 14시,목요일,전라남도 여수시 신기동,경상사고,0,0,1,0,차대차 - 측면충돌,신호위반,건조,맑음,교차로 - 교차로안,승용,남,75세,상해없음,승용,남,65세,경상
2022062300100332,2022년 6월 23일 15시,목요일,전라남도 순천시 상사면,중상사고,0,1,0,0,차대사람 - 횡단중,안전운전불이행,건조,맑음,단일로 - 기타,승용,여,57세,상해없음,보행자,남,56세,중상
2022062300100364,2022년 6월 23일 16시,목요일,전라남도 순천시 오천동,경상사고,0,0,1,0,차대차 - 후진중충돌,안전운전불이행,건조,맑음,교차로 - 교차로안,승용,남,63세,상해없음,승용,남,32세,경상
2022062300100365,2022년 6월 23일 16시,목요일,전라남도 장흥군 장평면,경상사고,0,0,1,0,차량단독 - 기타,안전운전불이행,기타,흐림,기타 - 기타,농기계,남,71세,상해없음,,,,
2022062300100366,2022년 6월 23일 16시,목요일,전라남도 영암군 시종면,경상사고,0,0,2,0,차대사람 - 횡단중,안전운전불이행,건조,맑음,교차로 - 교차로부근,승용,남,26세,상해없음,보행자,여,74세,경상
2022062300100457,2022년 6월 23일 18시,목요일,전라남도 여수시 웅천동,부상신고사고,0,0,0,1,차대차 - 기타,안전운전불이행,건조,맑음,단일로 - 기타,승용,남,36세,상해없음,승용,남,29세,부상신고
2022062300100505,2022년 6월 23일 19시,목요일,전라남도 목포시 상동,경상사고,0,0,1,0,차대차 - 측면충돌,안전거리미확보,건조,맑음,단일로 - 기타,승용,여,35세,기타불명,승용,남,65세,경상
2022062300100588,2022년 6월 23일 21시,목요일,전라남도 여수시 중앙동,부상신고사고,0,0,0,1,차대사람 - 기타,안전운전불이행,건조,맑음,교차로 - 교차로안,승용,여,37세,상해없음,보행자,남,57세,부상신고
2022062300100589,2022년 6월 23일 21시,목요일,전라남도 여수시 여서동,경상사고,0,0,1,0,차대차 - 측면충돌,교차로운행방법위반,건조,맑음,교차로 - 교차로안,승용,여,57세,상해없음,승용,여,52세,경상
2022062300100590,2022년 6월 23일 21시,목요일,전라남도 곡성군 곡성읍,경상사고,0,0,1,0,차대사람 - 차도통행중,안전운전불이행,젖음/습기,흐림,교차로 - 교차로안,승용,여,43세,상해없음,보행자,남,42세,경상
2022062300100622,2022년 6월 23일 22시,목요일,전라남도 목포시 상동,경상사고,0,0,1,0,차대차 - 측면충돌,교차로운행방법위반,젖음/습기,비,교차로 - 교차로안,승용,남,47세,상해없음,이륜,남,31세,경상
2022062300100623,2022년 6월 23일 22시,목요일,전라남도 나주시 빛가람동,중상사고,0,1,0,0,차대차 - 측면충돌,중앙선침범,젖음/습기,비,단일로 - 기타,승용,남,29세,상해없음,승용,여,25세,중상
2022062300100624,2022년 6월 23일 22시,목요일,전라남도 영광군 영광읍,경상사고,0,0,1,0,차대차 - 측면충돌,안전운전불이행,젖음/습기,비,교차로 - 교차로안,승용,남,21세,상해없음,승용,여,41세,경상
2022062400100017,2022년 6월 24일 00시,금요일,전라남도 무안군 무안읍,중상사고,0,1,0,0,차대사람 - 차도통행중,안전운전불이행,젖음/습기,비,단일로 - 기타,화물,남,55세,상해없음,보행자,남,53세,중상
2022062400100031,2022년 6월 24일 01시,금요일,전라남도 목포시 용해동,경상사고,0,0,3,0,차대차 - 기타,안전운전불이행,젖음/습기,비,교차로 - 교차로부근,승용,남,52세,상해없음,승용,남,22세,경상
2022062400100032,2022년 6월 24일 01시,금요일,전라남도 장성군 서삼면,중상사고,0,1,0,0,차량단독 - 공작물충돌,안전운전불이행,젖음/습기,비,기타 - 기타,화물,남,59세,중상,,,,
2022062400100067,2022년 6월 24일 05시,금요일,전라남도 목포시 옥암동,경상사고,0,0,2,0,차대차 - 측면충돌,교차로운행방법위반,젖음/습기,비,교차로 - 교차로안,화물,남,54세,경상,승용,여,49세,경상
2022062400100094,2022년 6월 24일 07시,금요일,전라남도 광양시 황길동,사망사고,1,1,0,0,차대차 - 기타,중앙선침범,젖음/습기,비,기타 - 기타,승용,남,33세,중상,승용,남,64세,사망
2022062400100121,2022년 6월 24일 08시,금요일,전라남도 목포시 산정동,경상사고,0,0,2,0,차대차 - 후진중충돌,안전운전불이행,건조,맑음,단일로 - 기타,승용,남,66세,상해없음,화물,남,53세,경상
2022062400100214,2022년 6월 24일 11시,금요일,전라남도 곡성군 겸면,경상사고,0,0,3,0,차대차 - 측면충돌,직진우회전진행방해,건조,맑음,교차로 - 교차로안,화물,남,76세,경상,화물,남,40세,상해없음
2022062400100267,2022년 6월 24일 13시,금요일,전라남도 여수시 소라면,경상사고,0,0,1,0,차대차 - 기타,안전운전불이행,건조,맑음,교차로 - 교차로안,승용,남,24세,상해없음,이륜,남,42세,경상
2022062400100268,2022년 6월 24일 13시,금요일,전라남도 구례군 구례읍,경상사고,0,0,1,0,차대사람 - 기타,안전운전불이행,건조,맑음,단일로 - 기타,승용,여,54세,상해없음,보행자,남,81세,경상
2022062400100304,2022년 6월 24일 14시,금요일,전라남도 순천시 연향동,경상사고,0,0,1,0,차대차 - 측면충돌,안전운전불이행,건조,맑음,단일로 - 기타,승용,남,61세,상해없음,이륜,남,18세,경상
2022062400100305,2022년 6월 24일 14시,금요일,전라남도 영광군 군남면,경상사고,0,0,1,0,차대차 - 기타,직진우회전진행방해,건조,맑음,교차로 - 교차로안,이륜,남,70세,경상,승용,남,64세,상해없음
2022062400100306,2022년 6월 24일 14시,금요일,전라남도 강진군 강진읍,경상사고,0,0,1,0,차대차 - 측면충돌,중앙선침범,건조,맑음,단일로 - 기타,화물,남,65세,상해없음,승용,남,33세,경상
2022062400100335,2022년 6월 24일 15시,금요일,전라남도 순천시 해룡면,경상사고,0,0,1,0,차대차 - 측면충돌,안전운전불이행,건조,맑음,단일로 - 기타,승용,남,59세,상해없음,승용,여,32세,경상
2022062400100379,2022년 6월 24일 16시,금요일,전라남도 무안군 삼향읍,경상사고,0,0,1,0,차대차 - 측면충돌,안전운전불이행,건조,맑음,교차로 - 교차로안,승용,여,34세,상해없음,자전거,여,9세,경상
2022062400100441,2022년 6월 24일 17시,금요일,전라남도 순천시 오천동,경상사고,0,0,1,0,차대차 - 측면충돌,안전운전불이행,건조,맑음,단일로 - 기타,승용,여,62세,상해없음,승용,남,39세,상해없음
2022062400100442,2022년 6월 24일 17시,금요일,전라남도 나주시 금천면,경상사고,0,0,1,0,차대차 - 추돌,안전운전불이행,건조,맑음,단일로 - 기타,승용,남,41세,상해없음,승용,남,86세,경상
2022062400100586,2022년 6월 24일 21시,금요일,전라남도 화순군 도곡면,경상사고,0,0,3,0,차대차 - 측면충돌,교차로운행방법위반,건조,맑음,교차로 - 교차로안,화물,남,65세,경상,승용,여,72세,경상
2022062400100587,2022년 6월 24일 21시,금요일,전라남도 구례군 구례읍,경상사고,0,0,1,0,차대차 - 기타,안전운전불이행,건조,맑음,단일로 - 기타,승용,여,57세,상해없음,자전거,남,52세,경상
2022062400100608,2022년 6월 24일 22시,금요일,전라남도 여수시 소라면,경상사고,0,0,2,0,차대차 - 측면충돌,안전운전불이행,건조,맑음,교차로 - 교차로안,승용,남,40세,기타불명,승용,남,35세,경상
2022062500100094,2022년 6월 25일 08시,토요일,전라남도 목포시 죽교동,경상사고,0,0,1,0,차대차 - 추돌,안전운전불이행,건조,맑음,교차로 - 교차로안,승용,여,42세,상해없음,승용,남,64세,경상
2022062500100095,2022년 6월 25일 08시,토요일,전라남도 순천시 해룡면,경상사고,0,0,2,0,차대차 - 기타,안전운전불이행,건조,맑음,교차로 - 교차로부근,승용,남,53세,상해없음,승용,남,50세,경상
2022062500100096,2022년 6월 25일 08시,토요일,전라남도 해남군 해남읍,경상사고,0,0,1,0,차대차 - 기타,안전운전불이행,건조,맑음,단일로 - 기타,승합,여,40세,상해없음,승용,여,43세,경상
2022062500100125,2022년 6월 25일 09시,토요일,전라남도 여수시 여서동,중상사고,0,1,0,0,차대차 - 정면충돌,교차로운행방법위반,건조,맑음,교차로 - 교차로부근,승용,여,57세,상해없음,이륜,남,46세,중상
2022062500100126,2022년 6월 25일 09시,토요일,전라남도 영암군 군서면,중상사고,0,2,7,0,차대차 - 측면충돌,안전운전불이행,건조,맑음,교차로 - 교차로부근,승합,남,66세,중상,승용,여,57세,상해없음
2022062500100159,2022년 6월 25일 10시,토요일,전라남도 목포시 용해동,경상사고,0,0,2,0,차대차 - 측면충돌,안전운전불이행,건조,맑음,교차로 - 교차로안,승용,여,58세,경상,승용,남,36세,경상
2022062500100160,2022년 6월 25일 10시,토요일,전라남도 고흥군 도화면,중상사고,0,1,0,0,차대차 - 측면충돌,안전운전불이행,건조,맑음,교차로 - 교차로부근,승용,남,37세,상해없음,사륜오토바이(ATV),여,70세,중상
2022062500100161,2022년 6월 25일 10시,토요일,전라남도 함평군 함평읍,경상사고,0,0,1,0,차대차 - 측면충돌,교차로운행방법위반,건조,맑음,교차로 - 교차로안,원동기,남,79세,경상,화물,남,61세,상해없음
2022062500100162,2022년 6월 25일 10시,토요일,전라남도 함평군 함평읍,중상사고,0,1,0,0,차량단독 - 전도전복 - 전도,안전운전불이행,건조,맑음,단일로 - 기타,이륜,남,54세,중상,,,,
2022062500100206,2022년 6월 25일 11시,토요일,전라남도 나주시 빛가람동,경상사고,0,0,2,0,차대차 - 추돌,안전운전불이행,건조,맑음,단일로 - 기타,승용,여,62세,상해없음,승용,여,24세,경상
2022062500100257,2022년 6월 25일 12시,토요일,전라남도 곡성군 곡성읍,경상사고,0,0,1,0,차대차 - 기타,안전운전불이행,건조,맑음,교차로 - 교차로부근,승합,남,65세,상해없음,승용,여,63세,경상
2022062500100300,2022년 6월 25일 13시,토요일,전라남도 목포시 상동,경상사고,0,0,6,0,차대차 - 측면충돌,안전운전불이행,건조,맑음,교차로 - 교차로부근,승용,여,61세,경상,승용,여,40세,경상
2022062500100347,2022년 6월 25일 14시,토요일,전라남도 해남군 해남읍,중상사고,0,1,0,0,차대차 - 기타,안전운전불이행,건조,맑음,교차로 - 교차로안,승용,여,54세,상해없음,자전거,여,76세,중상
2022062500100388,2022년 6월 25일 15시,토요일,전라남도 해남군 현산면,경상사고,0,0,1,0,차량단독 - 기타,안전운전불이행,건조,맑음,단일로 - 기타,승용,남,64세,경상,,,,
2022062500100503,2022년 6월 25일 18시,토요일,전라남도 여수시 웅천동,경상사고,0,0,1,0,차대차 - 기타,안전운전불이행,건조,맑음,교차로 - 교차로부근,승용,여,41세,상해없음,승용,남,45세,상해없음
2022062500100528,2022년 6월 25일 19시,토요일,전라남도 목포시 산정동,경상사고,0,0,2,0,차대차 - 측면충돌,안전운전불이행,건조,맑음,교차로 - 교차로안,승용,남,66세,상해없음,승용,여,34세,경상
2022062500100529,2022년 6월 25일 19시,토요일,전라남도 순천시 연향동,경상사고,0,0,1,0,차대차 - 측면충돌,안전거리미확보,건조,맑음,기타 - 기타,승용,여,59세,기타불명,승용,남,19세,경상
2022062500100530,2022년 6월 25일 19시,토요일,전라남도 구례군 산동면,중상사고,0,1,1,0,차량단독 - 전도전복 - 전도,안전운전불이행,건조,맑음,교차로 - 교차로안,이륜,여,18세,경상,,,,
2022062500100561,2022년 6월 25일 20시,토요일,전라남도 목포시 상동,경상사고,0,0,1,0,차대차 - 추돌,안전운전불이행,건조,맑음,단일로 - 기타,승용,남,50세,상해없음,이륜,남,37세,상해없음
2022062500100562,2022년 6월 25일 20시,토요일,전라남도 보성군 벌교읍,경상사고,0,0,2,0,차대차 - 추돌,안전운전불이행,건조,맑음,교차로 - 교차로부근,승용,남,61세,상해없음,승용,여,66세,경상
2022062500100596,2022년 6월 25일 21시,토요일,전라남도 장흥군 장흥읍,경상사고,0,0,1,0,차대사람 - 기타,안전운전불이행,건조,흐림,단일로 - 기타,승용,남,39세,상해없음,보행자,남,48세,경상
2022062500100597,2022년 6월 25일 21시,토요일,전라남도 보성군 복내면,중상사고,0,1,1,0,차대차 - 정면충돌,교차로운행방법위반,건조,맑음,교차로 - 교차로안,화물,남,56세,상해없음,농기계,남,24세,중상
2022062500100598,2022년 6월 25일 21시,토요일,전라남도 무안군 무안읍,경상사고,0,0,1,0,차대차 - 기타,안전운전불이행,건조,맑음,교차로 - 교차로부근,승용,남,60세,기타불명,승용,남,60세,경상
2022062500100648,2022년 6월 25일 23시,토요일,전라남도 여수시 화장동,경상사고,0,0,1,0,차대차 - 기타,안전운전불이행,건조,맑음,단일로 - 기타,승용,남,36세,상해없음,승용,남,35세,경상
2022062600100012,2022년 6월 26일 00시,일요일,전라남도 여수시 군자동,경상사고,0,0,1,0,차대차 - 측면충돌,안전운전불이행,건조,맑음,단일로 - 기타,승용,여,29세,상해없음,승용,여,30세,경상
2022062600100013,2022년 6월 26일 00시,일요일,전라남도 순천시 조례동,경상사고,0,0,1,0,차대사람 - 기타,안전운전불이행,건조,맑음,기타 - 기타,승용,여,25세,상해없음,보행자,남,22세,경상
2022062600100048,2022년 6월 26일 05시,일요일,전라남도 목포시 상동,경상사고,0,0,1,0,차대사람 - 기타,안전운전불이행,건조,흐림,단일로 - 기타,승용,남,29세,상해없음,보행자,여,23세,경상
2022062600100141,2022년 6월 26일 12시,일요일,전라남도 목포시 용해동,경상사고,0,0,3,0,차대차 - 측면충돌,중앙선침범,건조,맑음,교차로 - 교차로안,승용,남,24세,상해없음,화물,남,57세,경상
2022062600100186,2022년 6월 26일 14시,일요일,전라남도 여수시 중앙동,경상사고,0,0,3,0,차대차 - 측면충돌,안전운전불이행,건조,맑음,교차로 - 교차로안,승용,남,65세,상해없음,승용,남,21세,경상
2022062600100187,2022년 6월 26일 14시,일요일,전라남도 순천시 황전면,경상사고,0,0,1,0,차량단독 - 기타,안전운전불이행,건조,맑음,단일로 - 기타,이륜,남,74세,경상,,,,
2022062600100243,2022년 6월 26일 16시,일요일,전라남도 목포시 달동,경상사고,0,0,2,0,차대차 - 추돌,안전운전불이행,건조,맑음,단일로 - 교량,승용,남,47세,기타불명,승용,여,37세,경상
2022062600100244,2022년 6월 26일 16시,일요일,전라남도 여수시 웅천동,경상사고,0,0,1,0,차대차 - 기타,신호위반,건조,맑음,교차로 - 교차로안,승합,남,62세,상해없음,이륜,남,28세,경상
2022062600100245,2022년 6월 26일 16시,일요일,전라남도 고흥군 고흥읍,경상사고,0,0,1,0,차대차 - 기타,중앙선침범,건조,맑음,단일로 - 기타,승용,여,51세,상해없음,승합,남,58세,경상
2022062600100246,2022년 6월 26일 16시,일요일,전라남도 광양시 광양읍,경상사고,0,0,2,0,차대차 - 추돌,기타,건조,맑음,교차로 - 교차로안,승용,남,64세,상해없음,승용,남,55세,경상
2022062600100278,2022년 6월 26일 17시,일요일,전라남도 장흥군 장흥읍,경상사고,0,0,1,1,차대차 - 측면충돌,안전운전불이행,건조,맑음,교차로 - 교차로안,승용,남,64세,경상,승용,여,47세,부상신고
2022062600100349,2022년 6월 26일 20시,일요일,전라남도 담양군 봉산면,중상사고,0,1,2,0,차대차 - 측면충돌,신호위반,건조,맑음,교차로 - 교차로안,승합,남,66세,상해없음,승용,여,54세,경상
2022062600100376,2022년 6월 26일 21시,일요일,전라남도 광양시 중동,경상사고,0,0,1,0,차대차 - 정면충돌,안전운전불이행,건조,맑음,단일로 - 기타,화물,남,49세,상해없음,승용,남,56세,경상
2022062700100033,2022년 6월 27일 05시,월요일,전라남도 광양시 광양읍,경상사고,0,0,2,0,차대차 - 측면충돌,신호위반,건조,맑음,교차로 - 교차로안,화물,남,65세,상해없음,화물,남,86세,경상
2022062700100069,2022년 6월 27일 07시,월요일,전라남도 영암군 신북면,경상사고,0,0,2,0,차대차 - 측면충돌,안전운전불이행,젖음/습기,맑음,교차로 - 교차로부근,승용,남,22세,경상,승용,여,34세,경상
2022062700100103,2022년 6월 27일 08시,월요일,전라남도 목포시 상동,경상사고,0,0,1,0,차대차 - 측면충돌,신호위반,건조,맑음,교차로 - 교차로안,승용,남,62세,상해없음,승용,여,50세,경상
2022062700100104,2022년 6월 27일 08시,월요일,전라남도 순천시 서면,경상사고,0,0,1,0,차대차 - 측면충돌,안전운전불이행,젖음/습기,흐림,단일로 - 기타,화물,남,67세,상해없음,승용,여,51세,경상
2022062700100105,2022년 6월 27일 08시,월요일,전라남도 화순군 화순읍,경상사고,0,0,2,0,차대차 - 측면충돌,직진우회전진행방해,건조,맑음,교차로 - 교차로안,승용,여,48세,기타불명,승용,남,55세,경상
2022062700100106,2022년 6월 27일 08시,월요일,전라남도 화순군 화순읍,경상사고,0,0,1,0,차대차 - 측면충돌,교차로운행방법위반,건조,맑음,교차로 - 교차로부근,승용,여,50세,상해없음,승용,남,61세,경상
2022062700100137,2022년 6월 27일 09시,월요일,전라남도 여수시 해산동,중상사고,0,1,0,0,차대차 - 정면충돌,안전운전불이행,건조,맑음,단일로 - 지하차도(도로)내,승용,여,45세,상해없음,자전거,남,59세,중상
2022062700100138,2022년 6월 27일 09시,월요일,전라남도 순천시 풍덕동,경상사고,0,0,2,0,차대차 - 측면충돌,안전운전불이행,건조,맑음,기타 - 기타,승용,여,33세,경상,승용,여,45세,경상
2022062700100139,2022년 6월 27일 09시,월요일,전라남도 고흥군 대서면,부상신고사고,0,0,0,3,차대차 - 측면충돌,안전운전불이행,건조,맑음,교차로 - 교차로부근,승용,여,65세,부상신고,승용,남,63세,부상신고
2022062700100140,2022년 6월 27일 09시,월요일,전라남도 담양군 창평면,경상사고,0,0,1,0,차량단독 - 전도전복 - 전도,안전운전불이행,건조,흐림,단일로 - 기타,화물,남,65세,경상,,,,
2022062700100141,2022년 6월 27일 09시,월요일,전라남도 광양시 중동,경상사고,0,0,1,0,차대사람 - 횡단중,보행자보호의무위반,건조,맑음,교차로 - 교차로안,승합,남,57세,상해없음,보행자,여,39세,경상
2022062700100142,2022년 6월 27일 09시,월요일,전라남도 구례군 산동면,경상사고,0,0,1,0,차량단독 - 전도전복 - 전도,안전운전불이행,젖음/습기,흐림,단일로 - 기타,사륜오토바이(ATV),여,77세,경상,,,,
2022062700100175,2022년 6월 27일 10시,월요일,전라남도 여수시 덕충동,경상사고,0,0,2,0,차대차 - 측면충돌,안전운전불이행,건조,맑음,교차로 - 교차로안,승용,여,57세,상해없음,승용,여,26세,경상
2022062700100234,2022년 6월 27일 12시,월요일,전라남도 나주시 삼영동,경상사고,0,0,2,0,차대차 - 측면충돌,신호위반,건조,맑음,교차로 - 교차로안,승용,남,78세,상해없음,승용,남,45세,경상
2022062700100324,2022년 6월 27일 15시,월요일,전라남도 함평군 함평읍,경상사고,0,0,2,0,차대차 - 후진중충돌,안전운전불이행,건조,맑음,교차로 - 교차로안,화물,남,54세,상해없음,화물,남,62세,경상
2022062700100439,2022년 6월 27일 18시,월요일,전라남도 진도군 군내면,중상사고,0,1,0,0,차대사람 - 차도통행중,안전운전불이행,건조,맑음,단일로 - 기타,화물,남,35세,상해없음,보행자,남,47세,중상
2022062700100514,2022년 6월 27일 21시,월요일,전라남도 목포시 상동,경상사고,0,0,4,0,차대차 - 측면충돌,안전운전불이행,건조,맑음,교차로 - 교차로안,승용,여,63세,상해없음,승용,남,50세,경상
2022062700100515,2022년 6월 27일 21시,월요일,전라남도 나주시 산포면,사망사고,1,0,0,0,차대차 - 기타,기타,건조,맑음,단일로 - 기타,승용,여,48세,상해없음,승용,남,35세,상해없음
2022062700100516,2022년 6월 27일 21시,월요일,전라남도 나주시 금천면,중상사고,0,2,0,0,차대차 - 측면충돌,신호위반,건조,맑음,교차로 - 교차로안,승용,남,57세,상해없음,승용,여,54세,중상
2022062700100536,2022년 6월 27일 22시,월요일,전라남도 여수시 소호동,경상사고,0,0,1,0,차대차 - 정면충돌,안전운전불이행,젖음/습기,비,교차로 - 교차로안,승용,남,41세,상해없음,승용,여,30세,경상
2022062700100550,2022년 6월 27일 23시,월요일,전라남도 영암군 삼호읍,부상신고사고,0,0,0,1,차량단독 - 전도전복 - 전도,안전운전불이행,건조,맑음,단일로 - 기타,개인형이동수단(PM),남,54세,부상신고,,,,
2022062800100058,2022년 6월 28일 07시,화요일,전라남도 광양시 광양읍,경상사고,0,0,1,0,차대차 - 기타,교차로운행방법위반,젖음/습기,비,교차로 - 교차로안,승용,남,52세,상해없음,이륜,남,41세,경상
2022062800100083,2022년 6월 28일 08시,화요일,전라남도 목포시 옥암동,경상사고,0,0,1,0,차대차 - 기타,신호위반,건조,맑음,교차로 - 교차로안,승용,여,40세,상해없음,승용,여,39세,경상
2022062800100152,2022년 6월 28일 10시,화요일,전라남도 목포시 옥암동,경상사고,0,0,2,0,차대차 - 기타,안전운전불이행,건조,맑음,교차로 - 교차로안,승용,남,64세,경상,승용,여,57세,경상
2022062800100182,2022년 6월 28일 11시,화요일,전라남도 목포시 상동,경상사고,0,0,1,1,차대차 - 측면충돌,직진우회전진행방해,건조,맑음,교차로 - 교차로안,승용,여,48세,부상신고,승용,여,25세,경상
2022062800100183,2022년 6월 28일 11시,화요일,전라남도 여수시 만흥동,중상사고,0,1,0,0,차량단독 - 기타,안전운전불이행,건조,맑음,단일로 - 기타,자전거,여,18세,중상,,,,
2022062800100184,2022년 6월 28일 11시,화요일,전라남도 해남군 산이면,경상사고,0,0,3,0,차대차 - 측면충돌,중앙선침범,건조,맑음,교차로 - 교차로부근,승용,여,62세,상해없음,승용,여,33세,경상
2022062800100185,2022년 6월 28일 11시,화요일,전라남도 무안군 현경면,사망사고,1,0,0,0,차대차 - 기타,안전운전불이행,건조,맑음,교차로 - 교차로안,화물,남,48세,상해없음,이륜,남,41세,사망
2022062800100306,2022년 6월 28일 15시,화요일,전라남도 화순군 화순읍,경상사고,0,0,2,0,차대차 - 측면충돌,신호위반,건조,맑음,교차로 - 교차로안,건설기계,남,60세,상해없음,승용,여,48세,경상
2022062800100307,2022년 6월 28일 15시,화요일,전라남도 강진군 도암면,부상신고사고,0,0,0,1,차대차 - 측면충돌,안전운전불이행,건조,맑음,단일로 - 기타,농기계,여,64세,부상신고,승합,남,39세,상해없음
2022062800100345,2022년 6월 28일 16시,화요일,전라남도 해남군 해남읍,경상사고,0,0,1,0,차대차 - 측면충돌,안전운전불이행,건조,맑음,교차로 - 교차로안,이륜,남,49세,경상,승용,남,46세,상해없음
2022062800100346,2022년 6월 28일 16시,화요일,전라남도 담양군 수북면,경상사고,0,0,3,0,차대차 - 정면충돌,신호위반,건조,맑음,교차로 - 교차로안,승용,여,29세,상해없음,승합,남,36세,경상
2022062800100417,2022년 6월 28일 18시,화요일,전라남도 목포시 옥암동,경상사고,0,0,1,0,차대사람 - 기타,안전운전불이행,건조,맑음,단일로 - 기타,승용,남,53세,상해없음,보행자,여,15세,경상
2022062800100418,2022년 6월 28일 18시,화요일,전라남도 여수시 소라면,중상사고,0,1,0,0,차대사람 - 기타,중앙선침범,건조,맑음,교차로 - 교차로부근,승용,여,42세,상해없음,보행자,남,29세,중상
2022062800100419,2022년 6월 28일 18시,화요일,전라남도 순천시 해룡면,경상사고,0,0,1,0,차대차 - 측면충돌,안전운전불이행,건조,맑음,교차로 - 교차로부근,승용,남,31세,상해없음,자전거,남,13세,경상
2022062800100494,2022년 6월 28일 20시,화요일,전라남도 고흥군 도덕면,경상사고,0,0,4,0,차대차 - 측면충돌,안전운전불이행,건조,기타,단일로 - 기타,화물,남,61세,상해없음,승용,남,37세,경상
2022062800100495,2022년 6월 28일 20시,화요일,전라남도 화순군 화순읍,중상사고,0,1,0,0,차대차 - 추돌,차로위반,건조,맑음,단일로 - 기타,원동기,남,16세,상해없음,화물,남,55세,상해없음
2022062800100496,2022년 6월 28일 20시,화요일,전라남도 완도군 완도읍,경상사고,0,0,1,0,차대차 - 기타,안전운전불이행,건조,맑음,교차로 - 교차로부근,승용,남,47세,상해없음,승용,여,47세,경상
2022062800100523,2022년 6월 28일 21시,화요일,전라남도 여수시 문수동,경상사고,0,0,1,0,차대차 - 측면충돌,안전운전불이행,건조,맑음,단일로 - 기타,승용,남,70세,상해없음,승용,남,22세,상해없음
2022062800100548,2022년 6월 28일 22시,화요일,전라남도 순천시 해룡면,경상사고,0,0,2,0,차대차 - 추돌,안전거리미확보,건조,맑음,단일로 - 기타,승용,남,32세,상해없음,승용,여,27세,경상
2022062900100037,2022년 6월 29일 03시,수요일,전라남도 순천시 해룡면,경상사고,0,0,1,0,차대차 - 추돌,안전운전불이행,건조,맑음,단일로 - 기타,승용,남,30세,경상,승용,남,51세,상해없음
2022062900100053,2022년 6월 29일 06시,수요일,전라남도 곡성군 곡성읍,경상사고,0,0,1,0,차대차 - 측면충돌,신호위반,건조,맑음,교차로 - 교차로안,건설기계,남,37세,상해없음,농기계,남,81세,경상
2022062900100096,2022년 6월 29일 08시,수요일,전라남도 목포시 용해동,중상사고,0,1,0,0,차대차 - 측면충돌,안전운전불이행,젖음/습기,맑음,교차로 - 교차로부근,승용,여,41세,기타불명,자전거,남,84세,중상
2022062900100097,2022년 6월 29일 08시,수요일,전라남도 여수시 여서동,경상사고,0,0,1,0,차대차 - 추돌,안전운전불이행,건조,맑음,교차로 - 교차로부근,승용,남,54세,상해없음,승용,남,45세,경상
2022062900100098,2022년 6월 29일 08시,수요일,전라남도 고흥군 고흥읍,부상신고사고,0,0,0,1,차대사람 - 기타,안전운전불이행,건조,맑음,단일로 - 기타,승용,여,48세,상해없음,보행자,여,54세,부상신고