사고번호,사고일시,요일,시군구,사고내용,사망자수,중상자수,경상자수,부상신고자수,사고유형,법규위반,노면상태,기상상태,도로형태,가해운전자 차종,가해운전자 성별,가해운전자 연령,가해운전자 상해정도,피해운전자 차종,피해운전자 성별,피해운전자 연령,피해운전자 상해정도
2022062900100133,2022년 6월 29일 09시,수요일,전라남도 고흥군 도화면,중상사고,0,1,0,0,차대사람 - 길가장자리구역통행중,안전운전불이행,건조,맑음,단일로 - 교량,승용,남,39세,상해없음,보행자,여,86세,중상
2022062900100183,2022년 6월 29일 11시,수요일,전라남도 여수시 신월동,경상사고,0,0,1,0,차량단독 - 기타,안전운전불이행,건조,맑음,교차로 - 교차로부근,승합,여,40세,상해없음,,,,
2022062900100184,2022년 6월 29일 11시,수요일,전라남도 여수시 화양면,경상사고,0,0,1,0,차대차 - 측면충돌,안전거리미확보,건조,맑음,단일로 - 기타,승용,여,20세,상해없음,승용,여,57세,경상
2022062900100186,2022년 6월 29일 11시,수요일,전라남도 무안군 운남면,경상사고,0,0,1,0,차대차 - 정면충돌,중앙선침범,건조,맑음,교차로 - 교차로부근,사륜오토바이(ATV),여,74세,경상,승합,남,62세,상해없음
2022062900100219,2022년 6월 29일 12시,수요일,전라남도 광양시 광양읍,경상사고,0,0,1,0,차대사람 - 차도통행중,안전운전불이행,젖음/습기,비,교차로 - 교차로부근,승용,남,74세,상해없음,보행자,남,73세,경상
2022062900100290,2022년 6월 29일 14시,수요일,전라남도 순천시 별량면,중상사고,0,1,1,0,차대차 - 기타,안전운전불이행,건조,맑음,단일로 - 기타,승용,남,70세,중상,특수,남,55세,경상
2022062900100332,2022년 6월 29일 15시,수요일,전라남도 목포시 호남동,경상사고,0,0,1,0,차대사람 - 횡단중,안전운전불이행,건조,맑음,교차로 - 교차로안,승용,여,39세,상해없음,보행자,여,68세,경상
2022062900100333,2022년 6월 29일 15시,수요일,전라남도 여수시 국동,경상사고,0,0,1,0,차대사람 - 기타,안전운전불이행,건조,맑음,단일로 - 기타,승합,여,51세,상해없음,보행자,여,72세,경상
2022062900100334,2022년 6월 29일 15시,수요일,전라남도 광양시 광양읍,경상사고,0,0,1,0,차대차 - 측면충돌,안전운전불이행,젖음/습기,비,교차로 - 교차로부근,화물,남,62세,상해없음,승용,남,23세,경상
2022062900100365,2022년 6월 29일 16시,수요일,전라남도 해남군 해남읍,중상사고,0,1,2,0,차대차 - 추돌,안전운전불이행,젖음/습기,비,단일로 - 기타,승용,여,66세,기타불명,승용,여,38세,중상
2022062900100440,2022년 6월 29일 18시,수요일,전라남도 순천시 가곡동,경상사고,0,0,1,0,차대차 - 측면충돌,신호위반,젖음/습기,비,교차로 - 교차로안,화물,남,49세,상해없음,승용,남,52세,경상
2022062900100441,2022년 6월 29일 18시,수요일,전라남도 광양시 광양읍,경상사고,0,0,2,0,차대차 - 측면충돌,안전거리미확보,건조,맑음,단일로 - 기타,승용,남,46세,경상,승용,여,25세,경상
2022062900100482,2022년 6월 29일 19시,수요일,전라남도 무안군 무안읍,경상사고,0,0,1,0,차대차 - 기타,안전운전불이행,건조,맑음,교차로 - 교차로부근,화물,여,70세,상해없음,자전거,여,64세,경상
2022062900100553,2022년 6월 29일 21시,수요일,전라남도 영암군 삼호읍,경상사고,0,0,1,0,차대차 - 측면충돌,안전운전불이행,젖음/습기,비,교차로 - 교차로부근,승용,여,33세,상해없음,승용,여,50세,경상
2022062900100597,2022년 6월 29일 23시,수요일,전라남도 여수시 연등동,중상사고,0,1,0,0,차량단독 - 공작물충돌,안전운전불이행,젖음/습기,비,교차로 - 교차로안,승용,남,55세,중상,,,,
2022063000100097,2022년 6월 30일 07시,목요일,전라남도 무안군 삼향읍,경상사고,0,0,1,0,차대차 - 기타,안전운전불이행,건조,맑음,교차로 - 교차로부근,승용,여,56세,상해없음,승용,여,47세,경상
2022063000100129,2022년 6월 30일 08시,목요일,전라남도 목포시 옥암동,중상사고,0,1,0,0,차대차 - 측면충돌,교차로운행방법위반,건조,맑음,교차로 - 교차로횡단보도내,승용,여,48세,상해없음,자전거,여,42세,중상
2022063000100169,2022년 6월 30일 09시,목요일,전라남도 해남군 해남읍,경상사고,0,0,1,0,차대차 - 측면충돌,교차로운행방법위반,건조,맑음,교차로 - 교차로안,승용,여,61세,기타불명,화물,남,41세,경상
2022063000100170,2022년 6월 30일 09시,목요일,전라남도 곡성군 곡성읍,중상사고,0,1,0,0,차대사람 - 횡단중,보행자보호의무위반,건조,맑음,교차로 - 교차로횡단보도내,화물,남,61세,상해없음,보행자,여,81세,중상
2022063000100171,2022년 6월 30일 09시,목요일,전라남도 진도군 군내면,경상사고,0,0,1,0,차대차 - 정면충돌,중앙선침범,건조,맑음,단일로 - 지하차도(도로)내,화물,남,77세,상해없음,승용,남,38세,경상
2022063000100215,2022년 6월 30일 11시,목요일,전라남도 장성군 장성읍,경상사고,0,0,1,0,차대차 - 기타,직진우회전진행방해,건조,맑음,교차로 - 교차로안,승용,여,44세,상해없음,승용,남,41세,경상
2022063000100260,2022년 6월 30일 13시,목요일,전라남도 여수시 화양면,경상사고,0,0,1,0,차대차 - 측면충돌,신호위반,건조,맑음,교차로 - 교차로안,승용,남,68세,기타불명,화물,남,62세,경상
2022063000100285,2022년 6월 30일 14시,목요일,전라남도 나주시 금천면,경상사고,0,0,1,0,차대차 - 측면충돌,신호위반,건조,맑음,교차로 - 교차로안,승용,남,69세,상해없음,승용,여,52세,경상
2022063000100286,2022년 6월 30일 14시,목요일,전라남도 광양시 광양읍,경상사고,0,0,1,0,차대차 - 측면충돌,차로위반,건조,맑음,교차로 - 교차로부근,승용,남,87세,상해없음,승용,여,55세,경상
2022063000100287,2022년 6월 30일 14시,목요일,전라남도 광양시 금호동,경상사고,0,0,1,0,차대차 - 측면충돌,안전거리미확보,건조,맑음,단일로 - 기타,건설기계,남,69세,상해없음,승용,여,27세,경상
2022063000100315,2022년 6월 30일 15시,목요일,전라남도 목포시 용해동,경상사고,0,0,1,1,차대차 - 측면충돌,안전운전불이행,건조,맑음,단일로 - 터널,승용,남,23세,부상신고,승용,남,33세,경상
2022063000100316,2022년 6월 30일 15시,목요일,전라남도 무안군 일로읍,경상사고,0,0,1,0,차대차 - 기타,신호위반,건조,맑음,교차로 - 교차로안,승용,여,64세,상해없음,승용,여,34세,경상
2022063000100396,2022년 6월 30일 17시,목요일,전라남도 순천시 대룡동,경상사고,0,0,1,0,차대차 - 측면충돌,직진우회전진행방해,건조,맑음,교차로 - 교차로안,승용,여,28세,상해없음,승용,남,51세,경상
2022063000100479,2022년 6월 30일 19시,목요일,전라남도 여수시 선원동,경상사고,0,0,1,0,차대차 - 측면충돌,안전운전불이행,건조,맑음,단일로 - 기타,승용,남,47세,상해없음,승용,여,58세,경상
2022063000100572,2022년 6월 30일 22시,목요일,전라남도 나주시 빛가람동,중상사고,0,1,0,0,차대차 - 측면충돌,직진우회전진행방해,건조,맑음,교차로 - 교차로안,승용,남,23세,상해없음,원동기,남,41세,중상
2022063000100573,2022년 6월 30일 22시,목요일,전라남도 구례군 구례읍,경상사고,0,0,1,0,차대차 - 측면충돌,안전운전불이행,건조,맑음,교차로 - 교차로부근,승용,여,70세,상해없음,승용,여,38세,경상
2022063000100608,2022년 6월 30일 23시,목요일,전라남도 여수시 문수동,경상사고,0,0,3,0,차대차 - 측면충돌,교차로운행방법위반,기타,맑음,교차로 - 교차로안,승용,남,41세,상해없음,승용,남,50세,경상
2022070100100049,2022년 7월 1일 06시,금요일,전라남도 목포시 대양동,중상사고,0,1,6,0,차대차 - 기타,교차로운행방법위반,건조,맑음,교차로 - 교차로안,승합,남,21세,경상,화물,남,48세,중상
2022070100100106,2022년 7월 1일 08시,금요일,전라남도 고흥군 금산면,중상사고,0,1,0,0,차량단독 - 기타,안전운전불이행,건조,맑음,기타 - 기타,농기계,남,80세,중상,,,,
2022070100100107,2022년 7월 1일 08시,금요일,전라남도 구례군 간전면,경상사고,0,0,1,0,차대차 - 기타,안전운전불이행,건조,맑음,단일로 - 기타,승합,남,59세,상해없음,이륜,남,63세,경상
2022070100100149,2022년 7월 1일 09시,금요일,전라남도 장흥군 용산면,부상신고사고,0,0,0,1,차량단독 - 기타,안전운전불이행,건조,맑음,기타 - 기타,이륜,여,81세,부상신고,,,,
2022070100100187,2022년 7월 1일 10시,금요일,전라남도 목포시 죽교동,경상사고,0,0,1,0,차대차 - 측면충돌,안전운전불이행,건조,맑음,단일로 - 기타,건설기계,남,66세,상해없음,승용,남,42세,경상
2022070100100188,2022년 7월 1일 10시,금요일,전라남도 순천시 덕암동,경상사고,0,0,1,0,차대차 - 기타,안전운전불이행,건조,맑음,단일로 - 기타,승용,남,33세,상해없음,승용,여,64세,경상
2022070100100468,2022년 7월 1일 17시,금요일,전라남도 목포시 상동,경상사고,0,0,2,0,차대차 - 기타,안전운전불이행,건조,맑음,기타 - 기타,특수,남,56세,상해없음,승용,여,68세,경상
2022070100100469,2022년 7월 1일 17시,금요일,전라남도 고흥군 풍양면,부상신고사고,0,0,0,1,차대차 - 기타,안전운전불이행,건조,맑음,교차로 - 교차로안,이륜,남,67세,부상신고,승용,남,27세,상해없음
2022070100100470,2022년 7월 1일 17시,금요일,전라남도 영암군 삼호읍,경상사고,0,0,1,0,차대차 - 측면충돌,안전거리미확보,건조,맑음,단일로 - 기타,승용,남,28세,상해없음,승용,남,67세,상해없음
2022070100100471,2022년 7월 1일 17시,금요일,전라남도 강진군 군동면,중상사고,0,2,0,0,차대차 - 정면충돌,중앙선침범,건조,맑음,교차로 - 교차로부근,승용,여,67세,중상,승용,여,59세,중상
2022070100100535,2022년 7월 1일 18시,금요일,전라남도 목포시 산정동,경상사고,0,0,1,0,차대차 - 측면충돌,교차로운행방법위반,건조,맑음,교차로 - 교차로횡단보도내,승용,남,62세,상해없음,승용,여,53세,경상
2022070100100536,2022년 7월 1일 18시,금요일,전라남도 순천시 조례동,경상사고,0,0,3,0,차대차 - 추돌,안전거리미확보,건조,맑음,단일로 - 기타,승용,여,53세,상해없음,승용,남,37세,경상
2022070100100537,2022년 7월 1일 18시,금요일,전라남도 해남군 해남읍,경상사고,0,0,1,0,차대사람 - 기타,안전운전불이행,건조,맑음,주차장 - 주차장,승용,여,33세,상해없음,보행자,남,63세,경상
2022070100100575,2022년 7월 1일 19시,금요일,전라남도 구례군 구례읍,경상사고,0,0,1,0,차대차 - 기타,안전운전불이행,건조,맑음,교차로 - 교차로안,승용,여,42세,상해없음,승용,남,47세,경상
2022070100100648,2022년 7월 1일 21시,금요일,전라남도 순천시 서면,경상사고,0,0,2,0,차대차 - 기타,안전운전불이행,건조,맑음,단일로 - 기타,승용,남,30세,경상,승용,여,42세,경상
2022070100100701,2022년 7월 1일 23시,금요일,전라남도 장성군 북이면,경상사고,0,0,2,0,차대차 - 추돌,안전거리미확보,건조,흐림,단일로 - 터널,승용,여,25세,경상,승용,남,53세,경상
2022070200100010,2022년 7월 2일 00시,토요일,전라남도 장흥군 장흥읍,경상사고,0,0,1,0,차대사람 - 길가장자리구역통행중,안전운전불이행,건조,맑음,단일로 - 기타,승용,남,58세,상해없음,보행자,남,67세,경상
2022070200100058,2022년 7월 2일 04시,토요일,전라남도 신안군 신의면,중상사고,0,1,0,0,차량단독 - 공작물충돌,안전운전불이행,건조,맑음,단일로 - 기타,승용,여,52세,중상,,,,
2022070200100078,2022년 7월 2일 06시,토요일,전라남도 담양군 담양읍,경상사고,0,0,1,0,차대차 - 측면충돌,직진우회전진행방해,건조,맑음,교차로 - 교차로안,승용,남,67세,상해없음,승용,남,61세,경상
2022070200100105,2022년 7월 2일 08시,토요일,전라남도 고흥군 고흥읍,중상사고,0,1,0,0,차대차 - 기타,교차로운행방법위반,건조,맑음,교차로 - 교차로안,승용,여,56세,상해없음,이륜,여,68세,중상
2022070200100131,2022년 7월 2일 09시,토요일,전라남도 여수시 돌산읍,중상사고,0,2,0,0,차량단독 - 도로외이탈 - 추락,안전운전불이행,건조,맑음,단일로 - 기타,승용,여,57세,중상,,,,
2022070200100132,2022년 7월 2일 09시,토요일,전라남도 강진군 작천면,부상신고사고,0,0,0,1,차량단독 - 기타,안전운전불이행,기타,맑음,단일로 - 기타,이륜,남,60세,부상신고,,,,
2022070200100173,2022년 7월 2일 10시,토요일,전라남도 장흥군 장흥읍,경상사고,0,0,1,0,차대사람 - 횡단중,안전운전불이행,건조,맑음,교차로 - 교차로안,승용,남,42세,상해없음,보행자,남,30세,경상
2022070200100174,2022년 7월 2일 10시,토요일,전라남도 강진군 강진읍,중상사고,0,1,0,0,차대차 - 측면충돌,안전운전불이행,건조,맑음,단일로 - 기타,승용,남,40세,상해없음,이륜,여,74세,중상
2022070200100207,2022년 7월 2일 11시,토요일,전라남도 담양군 담양읍,경상사고,0,0,1,0,차대차 - 추돌,안전운전불이행,건조,맑음,단일로 - 기타,승용,남,75세,상해없음,승용,남,56세,경상
2022070200100246,2022년 7월 2일 12시,토요일,전라남도 장성군 삼서면,중상사고,0,1,2,0,차대차 - 정면충돌,신호위반,건조,맑음,교차로 - 교차로안,승용,남,53세,경상,승용,남,25세,중상
2022070200100285,2022년 7월 2일 13시,토요일,전라남도 신안군 압해읍,경상사고,0,0,2,0,차대차 - 측면충돌,안전운전불이행,건조,맑음,교차로 - 교차로안,승용,남,61세,상해없음,승용,남,43세,경상
2022070200100286,2022년 7월 2일 13시,토요일,전라남도 담양군 담양읍,중상사고,0,1,3,0,차대차 - 기타,직진우회전진행방해,건조,맑음,교차로 - 교차로안,승용,여,62세,상해없음,승용,남,37세,중상
2022070200100384,2022년 7월 2일 16시,토요일,전라남도 목포시 영해동1가,경상사고,0,0,2,0,차대차 - 측면충돌,안전운전불이행,건조,맑음,단일로 - 기타,화물,남,57세,상해없음,승용,여,48세,경상
2022070200100385,2022년 7월 2일 16시,토요일,전라남도 함평군 함평읍,경상사고,0,0,6,0,차대차 - 측면충돌,기타,건조,맑음,교차로 - 교차로안,승용,남,39세,경상,승용,여,32세,경상
2022070200100386,2022년 7월 2일 16시,토요일,전라남도 광양시 마동,경상사고,0,0,1,0,차대차 - 기타,신호위반,건조,맑음,교차로 - 교차로안,승용,남,60세,상해없음,승용,여,52세,경상
2022070200100424,2022년 7월 2일 17시,토요일,전라남도 완도군 신지면,중상사고,0,1,2,0,차대차 - 측면충돌,교차로운행방법위반,건조,맑음,교차로 - 교차로안,승용,남,25세,기타불명,화물,남,56세,경상
2022070200100425,2022년 7월 2일 17시,토요일,전라남도 광양시 중동,경상사고,0,0,1,0,차대차 - 측면충돌,교차로운행방법위반,건조,맑음,교차로 - 교차로안,승용,남,39세,상해없음,승용,남,39세,경상
2022070200100462,2022년 7월 2일 18시,토요일,전라남도 목포시 산정동,중상사고,0,1,0,0,차대차 - 측면충돌,안전운전불이행,건조,맑음,교차로 - 교차로안,승용,남,28세,상해없음,이륜,남,44세,중상
2022070200100555,2022년 7월 2일 21시,토요일,전라남도 순천시 조곡동,경상사고,0,0,2,0,차대차 - 측면충돌,안전운전불이행,건조,맑음,단일로 - 기타,이륜,남,41세,경상,자전거,남,17세,경상
2022070200100589,2022년 7월 2일 23시,토요일,전라남도 광양시 광양읍,경상사고,0,0,2,0,차대차 - 측면충돌,신호위반,건조,맑음,교차로 - 교차로안,승용,여,44세,상해없음,승용,여,32세,경상
2022070300100017,2022년 7월 3일 01시,일요일,전라남도 신안군 안좌면,사망사고,1,0,0,0,차량단독 - 전도전복 - 전도,안전운전불이행,건조,맑음,단일로 - 기타,이륜,남,63세,사망,,,,
2022070300100018,2022년 7월 3일 01시,일요일,전라남도 광양시 중동,경상사고,0,0,1,0,차대차 - 기타,안전운전불이행,건조,맑음,단일로 - 기타,승용,남,67세,상해없음,승용,여,49세,경상
2022070300100079,2022년 7월 3일 07시,일요일,전라남도 보성군 득량면,경상사고,0,0,2,0,차량단독 - 공작물충돌,안전운전불이행,건조,맑음,교차로 - 교차로부근,원동기,남,74세,경상,,,,
2022070300100128,2022년 7월 3일 10시,일요일,전라남도 여수시 학동,경상사고,0,0,1,0,차대차 - 측면충돌,안전운전불이행,건조,맑음,단일로 - 기타,이륜,남,74세,상해없음,승용,남,27세,경상
2022070300100129,2022년 7월 3일 10시,일요일,전라남도 보성군 벌교읍,경상사고,0,0,3,0,차대차 - 기타,중앙선침범,건조,맑음,단일로 - 기타,승용,남,57세,상해없음,승합,남,57세,경상
2022070300100151,2022년 7월 3일 11시,일요일,전라남도 광양시 옥룡면,중상사고,0,1,0,0,차대차 - 기타,안전운전불이행,건조,맑음,단일로 - 기타,승용,여,53세,중상,승용,여,61세,기타불명
2022070300100202,2022년 7월 3일 13시,일요일,전라남도 순천시 장천동,경상사고,0,0,4,0,차대차 - 기타,신호위반,건조,맑음,교차로 - 교차로안,승용,남,77세,상해없음,승합,남,53세,경상
2022070300100235,2022년 7월 3일 14시,일요일,전라남도 장성군 북하면,경상사고,0,0,2,0,차대차 - 후진중충돌,안전운전불이행,기타,맑음,주차장 - 주차장,승용,남,26세,상해없음,승용,남,22세,경상
2022070300100236,2022년 7월 3일 14시,일요일,전라남도 광양시 황길동,경상사고,0,0,1,0,차대차 - 추돌,기타,건조,맑음,교차로 - 교차로부근,승용,여,53세,상해없음,승용,남,58세,경상
2022070300100274,2022년 7월 3일 15시,일요일,전라남도 순천시 상사면,경상사고,0,0,2,0,차대차 - 기타,중앙선침범,건조,맑음,단일로 - 기타,승용,여,43세,상해없음,승용,남,61세,경상
2022070300100275,2022년 7월 3일 15시,일요일,전라남도 순천시 석현동,경상사고,0,0,1,0,차대차 - 측면충돌,직진우회전진행방해,건조,맑음,교차로 - 교차로안,승용,남,71세,기타불명,승용,남,64세,경상
2022070300100301,2022년 7월 3일 16시,일요일,전라남도 목포시 산정동,사망사고,1,0,0,0,차대차 - 측면충돌,기타,건조,맑음,교차로 - 교차로안,승용,남,58세,상해없음,자전거,남,75세,사망
2022070300100324,2022년 7월 3일 17시,일요일,전라남도 목포시 상동,경상사고,0,0,3,0,차대차 - 후진중충돌,안전운전불이행,건조,맑음,단일로 - 기타,승용,남,41세,상해없음,승용,여,26세,경상
2022070300100325,2022년 7월 3일 17시,일요일,전라남도 목포시 남교동,경상사고,0,0,1,0,차대사람 - 기타,안전운전불이행,건조,맑음,교차로 - 교차로안,승용,여,63세,상해없음,보행자,여,73세,경상
2022070300100353,2022년 7월 3일 18시,일요일,전라남도 여수시 소호동,경상사고,0,0,1,0,차대사람 - 횡단중,기타,건조,맑음,단일로 - 기타,승합,여,42세,상해없음,보행자,여,11세,경상
2022070300100379,2022년 7월 3일 19시,일요일,전라남도 화순군 이서면,경상사고,0,0,1,0,차량단독 - 기타,안전운전불이행,건조,맑음,단일로 - 기타,이륜,남,74세,경상,,,,
2022070300100407,2022년 7월 3일 20시,일요일,전라남도 목포시 상동,부상신고사고,0,0,0,1,차대사람 - 기타,안전운전불이행,건조,맑음,기타 - 기타,기타불명,기타불명,미분류,기타불명,보행자,여,50세,부상신고
2022070300100408,2022년 7월 3일 20시,일요일,전라남도 함평군 함평읍,경상사고,0,0,1,0,차대사람 - 횡단중,안전운전불이행,건조,맑음,교차로 - 교차로안,승용,남,44세,상해없음,보행자,남,50세,경상
2022070300100437,2022년 7월 3일 21시,일요일,전라남도 함평군 엄다면,경상사고,0,0,1,0,차대차 - 측면충돌,신호위반,건조,맑음,단일로 - 기타,승용,남,50세,상해없음,승용,남,28세,경상
2022070400100058,2022년 7월 4일 07시,월요일,전라남도 영암군 삼호읍,경상사고,0,0,1,0,차대차 - 추돌,안전운전불이행,건조,맑음,교차로 - 교차로부근,승합,남,63세,상해없음,승용,남,49세,경상
2022070400100059,2022년 7월 4일 07시,월요일,전라남도 곡성군 겸면,사망사고,1,0,0,0,차대차 - 측면충돌,직진우회전진행방해,건조,맑음,교차로 - 교차로안,이륜,남,80세,사망,화물,남,47세,상해없음
2022070400100060,2022년 7월 4일 07시,월요일,전라남도 무안군 삼향읍,경상사고,0,0,1,0,차대차 - 추돌,안전운전불이행,건조,맑음,단일로 - 기타,승용,남,64세,상해없음,승용,남,27세,경상
2022070400100100,2022년 7월 4일 08시,월요일,전라남도 목포시 용해동,경상사고,0,0,1,0,차대차 - 측면충돌,신호위반,건조,맑음,교차로 - 교차로안,승용,여,42세,상해없음,승용,남,22세,경상
2022070400100101,2022년 7월 4일 08시,월요일,전라남도 해남군 산이면,경상사고,0,0,1,0,차대차 - 측면충돌,직진우회전진행방해,건조,맑음,교차로 - 교차로안,사륜오토바이(ATV),여,67세,경상,승용,여,50세,상해없음
2022070400100141,2022년 7월 4일 09시,월요일,전라남도 무안군 삼향읍,경상사고,0,0,2,0,차대차 - 측면충돌,신호위반,건조,맑음,교차로 - 교차로안,승용,여,65세,경상,승용,남,46세,경상
2022070400100170,2022년 7월 4일 10시,월요일,전라남도 여수시 종화동,경상사고,0,0,1,0,차대차 - 기타,안전운전불이행,건조,맑음,단일로 - 기타,화물,남,72세,상해없음,승용,남,32세,경상
2022070400100171,2022년 7월 4일 10시,월요일,전라남도 여수시 교동,경상사고,0,0,1,0,차대차 - 측면충돌,교차로운행방법위반,건조,맑음,교차로 - 교차로안,승용,남,52세,기타불명,승용,남,72세,경상
2022070400100172,2022년 7월 4일 10시,월요일,전라남도 무안군 현경면,중상사고,0,1,0,0,차대차 - 기타,교차로운행방법위반,건조,맑음,교차로 - 교차로안,화물,남,56세,상해없음,화물,남,51세,중상
2022070400100238,2022년 7월 4일 12시,월요일,전라남도 영암군 삼호읍,경상사고,0,0,2,0,차대차 - 추돌,안전운전불이행,건조,맑음,단일로 - 기타,승용,여,45세,경상,승용,남,54세,경상
2022070400100273,2022년 7월 4일 13시,월요일,전라남도 장성군 삼계면,경상사고,0,0,2,0,차대차 - 추돌,안전운전불이행,건조,맑음,교차로 - 교차로부근,화물,남,59세,상해없음,승용,남,25세,경상
2022070400100306,2022년 7월 4일 14시,월요일,전라남도 목포시 연산동,경상사고,0,0,2,0,차대차 - 측면충돌,안전운전불이행,건조,맑음,단일로 - 기타,승용,남,73세,상해없음,화물,남,28세,경상
2022070400100334,2022년 7월 4일 15시,월요일,전라남도 여수시 문수동,중상사고,0,1,0,0,차대사람 - 횡단중,안전운전불이행,건조,맑음,단일로 - 기타,승용,여,30세,상해없음,보행자,여,8세,중상
2022070400100420,2022년 7월 4일 17시,월요일,전라남도 목포시 동명동,경상사고,0,0,3,0,차대차 - 측면충돌,교차로운행방법위반,건조,맑음,교차로 - 교차로안,승용,남,61세,경상,승용,남,54세,경상
2022070400100421,2022년 7월 4일 17시,월요일,전라남도 목포시 연산동,경상사고,0,0,1,0,차대차 - 측면충돌,교차로운행방법위반,건조,맑음,교차로 - 교차로안,승용,여,65세,상해없음,승용,남,41세,경상
2022070400100422,2022년 7월 4일 17시,월요일,전라남도 여수시 수정동,중상사고,0,1,1,0,차대차 - 측면충돌,안전운전불이행,건조,맑음,단일로 - 기타,승용,남,59세,상해없음,승용,남,58세,상해없음
2022070400100423,2022년 7월 4일 17시,월요일,전라남도 영광군 영광읍,경상사고,0,0,1,0,차대차 - 기타,안전운전불이행,건조,맑음,교차로 - 교차로안,특수,남,47세,상해없음,승용,여,52세,경상
2022070400100424,2022년 7월 4일 17시,월요일,전라남도 담양군 담양읍,경상사고,0,0,1,0,차대차 - 측면충돌,안전운전불이행,건조,맑음,교차로 - 교차로안,승용,여,54세,상해없음,승용,여,70세,경상
2022070400100467,2022년 7월 4일 18시,월요일,전라남도 여수시 주삼동,경상사고,0,0,1,0,차대차 - 측면충돌,안전운전불이행,건조,맑음,단일로 - 기타,승용,남,65세,상해없음,승용,여,24세,경상
2022070400100468,2022년 7월 4일 18시,월요일,전라남도 순천시 조곡동,경상사고,0,0,1,0,차대차 - 측면충돌,안전운전불이행,건조,맑음,단일로 - 기타,승용,남,22세,상해없음,승용,여,28세,경상
2022070400100469,2022년 7월 4일 18시,월요일,전라남도 순천시 연향동,경상사고,0,0,1,0,차대차 - 추돌,안전운전불이행,건조,맑음,교차로 - 교차로안,승용,여,57세,상해없음,승용,여,42세,경상
2022070400100470,2022년 7월 4일 18시,월요일,전라남도 나주시 빛가람동,경상사고,0,0,2,0,차대차 - 기타,안전운전불이행,젖음/습기,비,기타 - 기타,승용,여,41세,경상,승용,남,38세,경상
2022070400100471,2022년 7월 4일 18시,월요일,전라남도 광양시 중동,경상사고,0,0,1,0,차대사람 - 기타,안전운전불이행,건조,맑음,주차장 - 주차장,이륜,남,25세,상해없음,보행자,남,9세,경상
2022070400100506,2022년 7월 4일 19시,월요일,전라남도 여수시 선원동,경상사고,0,0,1,0,차대차 - 측면충돌,안전운전불이행,건조,맑음,단일로 - 기타,승용,여,30세,상해없음,승용,남,29세,경상
2022070400100507,2022년 7월 4일 19시,월요일,전라남도 장성군 장성읍,중상사고,0,1,0,0,차대차 - 기타,안전운전불이행,건조,맑음,단일로 - 기타,기타불명,여,80세,중상,화물,남,22세,상해없음
2022070400100551,2022년 7월 4일 21시,월요일,전라남도 여수시 웅천동,경상사고,0,0,2,0,차대사람 - 횡단중,보행자보호의무위반,건조,맑음,단일로 - 기타,승용,남,36세,상해없음,보행자,여,22세,경상
2022070500100034,2022년 7월 5일 05시,화요일,전라남도 영암군 영암읍,중상사고,0,1,1,0,차대차 - 측면충돌,안전운전불이행,건조,맑음,단일로 - 기타,화물,남,39세,경상,승용,남,38세,중상
2022070500100064,2022년 7월 5일 07시,화요일,전라남도 여수시 여서동,경상사고,0,0,1,0,차대차 - 측면충돌,교차로운행방법위반,건조,맑음,교차로 - 교차로안,화물,남,59세,상해없음,승용,남,46세,경상
2022070500100102,2022년 7월 5일 08시,화요일,전라남도 해남군 옥천면,경상사고,0,0,1,0,차대사람 - 기타,안전운전불이행,건조,맑음,단일로 - 기타,승용,여,77세,상해없음,보행자,여,65세,경상
2022070500100143,2022년 7월 5일 09시,화요일,전라남도 순천시 풍덕동,경상사고,0,0,1,0,차대차 - 측면충돌,안전운전불이행,건조,맑음,교차로 - 교차로안,자전거,남,19세,경상,승용,남,67세,상해없음
2022070500100171,2022년 7월 5일 10시,화요일,전라남도 장흥군 장흥읍,경상사고,0,0,2,0,차대차 - 측면충돌,안전운전불이행,건조,맑음,교차로 - 교차로안,승합,남,53세,상해없음,화물,남,52세,경상
2022070500100172,2022년 7월 5일 10시,화요일,전라남도 담양군 수북면,경상사고,0,0,1,0,차량단독 - 공작물충돌,안전운전불이행,건조,흐림,단일로 - 기타,승용,여,65세,경상,,,,
2022070500100196,2022년 7월 5일 11시,화요일,전라남도 여수시 국동,중상사고,0,1,0,0,차대차 - 측면충돌,안전운전불이행,건조,맑음,단일로 - 기타,이륜,남,74세,중상,승용,여,52세,상해없음
2022070500100197,2022년 7월 5일 11시,화요일,전라남도 함평군 손불면,중상사고,0,1,0,0,차대사람 - 길가장자리구역통행중,안전운전불이행,건조,맑음,교차로 - 교차로부근,화물,남,69세,상해없음,보행자,남,61세,중상
2022070500100264,2022년 7월 5일 13시,화요일,전라남도 강진군 강진읍,부상신고사고,0,0,0,1,차대차 - 정면충돌,중앙선침범,건조,맑음,교차로 - 교차로부근,자전거,여,22세,부상신고,승용,남,41세,상해없음
2022070500100265,2022년 7월 5일 13시,화요일,전라남도 담양군 고서면,중상사고,0,2,7,0,차대차 - 추돌,안전거리미확보,건조,맑음,단일로 - 기타,승용,남,28세,경상,승용,남,48세,경상
2022070500100371,2022년 7월 5일 16시,화요일,전라남도 목포시 상동,경상사고,0,0,1,0,차대차 - 추돌,안전운전불이행,건조,맑음,교차로 - 교차로부근,화물,남,59세,상해없음,승용,여,53세,경상
2022070500100372,2022년 7월 5일 16시,화요일,전라남도 광양시 마동,경상사고,0,0,1,0,차대차 - 추돌,안전거리미확보,건조,맑음,교차로 - 교차로부근,화물,남,50세,상해없음,승용,여,49세,경상
2022070500100460,2022년 7월 5일 18시,화요일,전라남도 목포시 죽교동,경상사고,0,0,1,0,차대차 - 측면충돌,안전운전불이행,건조,맑음,단일로 - 기타,승용,남,55세,상해없음,승합,남,54세,경상