사고번호,사고일시,요일,시군구,사고내용,사망자수,중상자수,경상자수,부상신고자수,사고유형,법규위반,노면상태,기상상태,도로형태,가해운전자 차종,가해운전자 성별,가해운전자 연령,가해운전자 상해정도,피해운전자 차종,피해운전자 성별,피해운전자 연령,피해운전자 상해정도
2022070500100461,2022년 7월 5일 18시,화요일,전라남도 목포시 산정동,중상사고,0,1,0,0,차대차 - 측면충돌,안전운전불이행,건조,맑음,교차로 - 교차로안,이륜,남,42세,중상,승합,남,73세,상해없음
2022070500100462,2022년 7월 5일 18시,화요일,전라남도 여수시 공화동,경상사고,0,0,1,0,차대사람 - 차도통행중,안전운전불이행,건조,맑음,교차로 - 교차로부근,승용,여,35세,상해없음,보행자,여,27세,경상
2022070500100463,2022년 7월 5일 18시,화요일,전라남도 여수시 문수동,경상사고,0,0,1,0,차대사람 - 기타,안전운전불이행,건조,맑음,교차로 - 교차로안,승용,남,38세,상해없음,보행자,여,13세,경상
2022070500100464,2022년 7월 5일 18시,화요일,전라남도 화순군 화순읍,경상사고,0,0,1,0,차대차 - 측면충돌,직진우회전진행방해,건조,맑음,교차로 - 교차로안,승용,여,62세,상해없음,승용,남,25세,경상
2022070500100465,2022년 7월 5일 18시,화요일,전라남도 영암군 삼호읍,경상사고,0,0,1,0,차대차 - 측면충돌,안전운전불이행,건조,맑음,주차장 - 주차장,화물,남,62세,기타불명,승용,남,28세,경상
2022070500100499,2022년 7월 5일 19시,화요일,전라남도 여수시 안산동,경상사고,0,0,1,0,차대차 - 측면충돌,직진우회전진행방해,건조,맑음,교차로 - 교차로안,승용,남,27세,상해없음,이륜,남,43세,경상
2022070500100500,2022년 7월 5일 19시,화요일,전라남도 강진군 강진읍,경상사고,0,0,1,0,차대사람 - 횡단중,안전운전불이행,건조,맑음,교차로 - 교차로안,승용,남,30세,상해없음,보행자,남,12세,경상
2022070500100526,2022년 7월 5일 20시,화요일,전라남도 목포시 용해동,경상사고,0,0,1,0,차대차 - 기타,안전운전불이행,건조,맑음,교차로 - 교차로안,승용,여,45세,상해없음,이륜,남,21세,경상
2022070500100527,2022년 7월 5일 20시,화요일,전라남도 여수시 시전동,경상사고,0,0,4,0,차대차 - 기타,교차로운행방법위반,건조,맑음,교차로 - 교차로안,승용,남,71세,상해없음,승용,여,46세,경상
2022070500100547,2022년 7월 5일 21시,화요일,전라남도 목포시 상동,경상사고,0,0,2,0,차대차 - 측면충돌,안전운전불이행,건조,맑음,교차로 - 교차로부근,승용,남,65세,상해없음,이륜,남,20세,경상
2022070600100069,2022년 7월 6일 07시,수요일,전라남도 광양시 광양읍,중상사고,0,1,0,0,차대차 - 정면충돌,안전운전불이행,건조,맑음,단일로 - 기타,자전거,남,61세,중상,승용,남,67세,상해없음
2022070600100101,2022년 7월 6일 08시,수요일,전라남도 목포시 용해동,경상사고,0,0,1,0,차대차 - 기타,신호위반,건조,맑음,교차로 - 교차로안,승용,남,54세,상해없음,승용,여,29세,경상
2022070600100102,2022년 7월 6일 08시,수요일,전라남도 목포시 용당동,경상사고,0,0,3,0,차대차 - 측면충돌,차로위반,건조,맑음,단일로 - 기타,화물,남,63세,기타불명,승용,남,32세,경상
2022070600100103,2022년 7월 6일 08시,수요일,전라남도 강진군 강진읍,중상사고,0,1,1,0,차대사람 - 차도통행중,중앙선침범,건조,맑음,단일로 - 기타,이륜,남,89세,경상,보행자,여,72세,중상
2022070600100198,2022년 7월 6일 11시,수요일,전라남도 목포시 옥암동,경상사고,0,0,2,0,차대차 - 기타,신호위반,건조,맑음,교차로 - 교차로안,승용,여,43세,경상,승용,남,68세,상해없음
2022070600100199,2022년 7월 6일 11시,수요일,전라남도 순천시 매곡동,경상사고,0,0,2,0,차대차 - 측면충돌,직진우회전진행방해,건조,맑음,교차로 - 교차로안,승용,남,28세,경상,승용,여,52세,경상
2022070600100200,2022년 7월 6일 11시,수요일,전라남도 광양시 중동,경상사고,0,0,2,0,차대차 - 측면충돌,직진우회전진행방해,건조,맑음,교차로 - 교차로안,이륜,남,40세,경상,승용,여,42세,경상
2022070600100220,2022년 7월 6일 12시,수요일,전라남도 목포시 상동,경상사고,0,0,5,0,차대차 - 정면충돌,직진우회전진행방해,건조,맑음,교차로 - 교차로안,승용,여,65세,경상,승용,남,74세,경상
2022070600100221,2022년 7월 6일 12시,수요일,전라남도 순천시 풍덕동,경상사고,0,0,1,0,차대차 - 기타,안전운전불이행,건조,맑음,기타 - 기타,승용,여,28세,상해없음,승용,남,70세,경상
2022070600100222,2022년 7월 6일 12시,수요일,전라남도 강진군 강진읍,중상사고,0,1,0,0,차량단독 - 기타,안전운전불이행,건조,맑음,단일로 - 기타,이륜,남,58세,중상,,,,
2022070600100254,2022년 7월 6일 13시,수요일,전라남도 순천시 서면,경상사고,0,0,1,0,차대차 - 추돌,안전운전불이행,건조,맑음,교차로 - 교차로부근,승용,여,53세,상해없음,화물,남,59세,경상
2022070600100283,2022년 7월 6일 14시,수요일,전라남도 고흥군 점암면,중상사고,0,3,1,0,차량단독 - 공작물충돌,안전운전불이행,건조,맑음,단일로 - 기타,승용,남,68세,경상,,,,
2022070600100320,2022년 7월 6일 15시,수요일,전라남도 순천시 연향동,경상사고,0,0,1,0,차대차 - 측면충돌,교차로운행방법위반,건조,맑음,교차로 - 교차로안,승용,남,35세,상해없음,이륜,남,38세,경상
2022070600100321,2022년 7월 6일 15시,수요일,전라남도 순천시 풍덕동,경상사고,0,0,2,0,차대차 - 측면충돌,안전운전불이행,건조,맑음,단일로 - 기타,승용,여,55세,상해없음,승용,여,53세,경상
2022070600100354,2022년 7월 6일 16시,수요일,전라남도 광양시 진월면,경상사고,0,0,1,0,차대차 - 기타,직진우회전진행방해,건조,맑음,교차로 - 교차로부근,승용,남,56세,경상,화물,남,40세,상해없음
2022070600100389,2022년 7월 6일 17시,수요일,전라남도 순천시 연향동,경상사고,0,0,2,0,차대차 - 측면충돌,직진우회전진행방해,건조,맑음,교차로 - 교차로안,승용,여,70세,경상,승용,여,56세,경상
2022070600100428,2022년 7월 6일 18시,수요일,전라남도 목포시 용당동,경상사고,0,0,1,0,차대차 - 측면충돌,안전운전불이행,건조,맑음,교차로 - 교차로부근,화물,남,65세,상해없음,이륜,남,17세,경상
2022070600100429,2022년 7월 6일 18시,수요일,전라남도 목포시 호남동,경상사고,0,0,1,0,차대차 - 측면충돌,안전운전불이행,건조,맑음,단일로 - 기타,승합,남,52세,상해없음,화물,남,53세,경상
2022070600100430,2022년 7월 6일 18시,수요일,전라남도 고흥군 포두면,중상사고,0,1,0,0,차대차 - 기타,안전운전불이행,건조,맑음,단일로 - 기타,승합,여,70세,상해없음,이륜,여,79세,중상
2022070600100431,2022년 7월 6일 18시,수요일,전라남도 강진군 강진읍,경상사고,0,0,1,0,차량단독 - 기타,안전운전불이행,젖음/습기,흐림,단일로 - 기타,이륜,남,80세,경상,,,,
2022070600100468,2022년 7월 6일 19시,수요일,전라남도 순천시 왕지동,경상사고,0,0,1,0,차대차 - 기타,안전운전불이행,건조,맑음,교차로 - 교차로안,이륜,남,23세,상해없음,자전거,남,39세,경상
2022070600100532,2022년 7월 6일 21시,수요일,전라남도 순천시 대룡동,경상사고,0,0,1,0,차량단독 - 공작물충돌,안전운전불이행,건조,맑음,단일로 - 기타,승용,남,59세,경상,,,,
2022070600100590,2022년 7월 6일 23시,수요일,전라남도 장흥군 장흥읍,경상사고,0,0,1,1,차량단독 - 전도전복 - 전도,안전운전불이행,건조,맑음,교차로 - 교차로안,이륜,남,16세,부상신고,,,,
2022070700100010,2022년 7월 7일 00시,목요일,전라남도 광양시 황금동,경상사고,0,0,1,0,차대차 - 추돌,안전운전불이행,건조,맑음,단일로 - 기타,승용,남,45세,상해없음,승용,여,54세,경상
2022070700100041,2022년 7월 7일 05시,목요일,전라남도 여수시 봉강동,중상사고,0,1,0,0,차대사람 - 차도통행중,안전운전불이행,건조,맑음,단일로 - 기타,이륜,남,71세,상해없음,보행자,남,84세,중상
2022070700100057,2022년 7월 7일 06시,목요일,전라남도 해남군 송지면,중상사고,0,1,0,0,차대사람 - 길가장자리구역통행중,안전운전불이행,건조,맑음,단일로 - 기타,승용,남,26세,상해없음,보행자,여,81세,중상
2022070700100078,2022년 7월 7일 07시,목요일,전라남도 순천시 해룡면,경상사고,0,0,2,0,차대차 - 추돌,안전운전불이행,건조,맑음,교차로 - 교차로부근,승용,여,55세,상해없음,승용,여,48세,경상
2022070700100079,2022년 7월 7일 07시,목요일,전라남도 영광군 영광읍,경상사고,0,0,1,0,차대차 - 측면충돌,교차로운행방법위반,건조,맑음,교차로 - 교차로안,승용,남,74세,상해없음,화물,남,59세,경상
2022070700100122,2022년 7월 7일 08시,목요일,전라남도 여수시 만흥동,경상사고,0,0,2,0,차대차 - 측면충돌,안전운전불이행,건조,맑음,교차로 - 교차로안,화물,남,54세,경상,승용,남,54세,경상
2022070700100123,2022년 7월 7일 08시,목요일,전라남도 순천시 석현동,경상사고,0,0,1,0,차대차 - 기타,안전운전불이행,건조,맑음,단일로 - 기타,원동기,남,71세,경상,승용,남,26세,상해없음
2022070700100124,2022년 7월 7일 08시,목요일,전라남도 순천시 서면,경상사고,0,0,2,0,차대차 - 기타,신호위반,건조,맑음,교차로 - 교차로안,승용,남,56세,경상,승용,여,42세,경상
2022070700100125,2022년 7월 7일 08시,목요일,전라남도 고흥군 동강면,중상사고,0,1,0,0,차대차 - 기타,안전운전불이행,건조,맑음,단일로 - 기타,이륜,남,76세,중상,화물,남,67세,기타불명
2022070700100168,2022년 7월 7일 09시,목요일,전라남도 순천시 왕지동,부상신고사고,0,0,0,1,차대차 - 기타,안전운전불이행,건조,맑음,단일로 - 기타,승용,여,26세,부상신고,화물,기타불명,미분류,기타불명
2022070700100208,2022년 7월 7일 10시,목요일,전라남도 함평군 엄다면,경상사고,0,0,3,1,차대차 - 측면충돌,직진우회전진행방해,건조,맑음,교차로 - 교차로안,승용,여,41세,부상신고,승용,여,67세,경상
2022070700100236,2022년 7월 7일 11시,목요일,전라남도 순천시 왕지동,경상사고,0,0,1,0,차대차 - 기타,안전운전불이행,건조,맑음,교차로 - 교차로안,화물,남,54세,상해없음,화물,남,34세,경상
2022070700100237,2022년 7월 7일 11시,목요일,전라남도 장흥군 장흥읍,경상사고,0,0,3,0,차대차 - 측면충돌,중앙선침범,건조,흐림,단일로 - 기타,화물,남,64세,상해없음,승용,여,72세,경상
2022070700100299,2022년 7월 7일 13시,목요일,전라남도 고흥군 남양면,중상사고,0,1,0,0,차대차 - 추돌,안전운전불이행,건조,맑음,단일로 - 기타,특수,남,59세,상해없음,농기계,남,53세,중상
2022070700100331,2022년 7월 7일 14시,목요일,전라남도 여수시 여천동,경상사고,0,0,1,0,차대차 - 측면충돌,안전운전불이행,건조,맑음,교차로 - 교차로부근,승용,남,65세,상해없음,승용,남,26세,경상
2022070700100332,2022년 7월 7일 14시,목요일,전라남도 나주시 남평읍,중상사고,0,1,0,0,차대사람 - 차도통행중,중앙선침범,건조,맑음,단일로 - 기타,화물,남,54세,상해없음,보행자,여,62세,중상
2022070700100333,2022년 7월 7일 14시,목요일,전라남도 고흥군 고흥읍,부상신고사고,0,0,0,1,차대사람 - 기타,안전운전불이행,건조,맑음,단일로 - 기타,승용,여,69세,상해없음,보행자,여,34세,부상신고
2022070700100357,2022년 7월 7일 15시,목요일,전라남도 목포시 연산동,경상사고,0,0,1,0,차대차 - 측면충돌,안전운전불이행,건조,맑음,기타 - 기타,승용,여,44세,상해없음,승용,남,30세,경상
2022070700100358,2022년 7월 7일 15시,목요일,전라남도 목포시 옥암동,경상사고,0,0,1,0,차대사람 - 횡단중,신호위반,건조,맑음,단일로 - 기타,기타불명,기타불명,미분류,기타불명,보행자,남,6세,경상
2022070700100359,2022년 7월 7일 15시,목요일,전라남도 순천시 조례동,경상사고,0,0,1,0,차대차 - 기타,안전운전불이행,건조,맑음,교차로 - 교차로부근,승용,남,37세,상해없음,승용,여,37세,경상
2022070700100389,2022년 7월 7일 16시,목요일,전라남도 신안군 비금면,사망사고,1,0,0,0,차량단독 - 공작물충돌,안전운전불이행,건조,맑음,기타 - 기타,승용,남,65세,사망,,,,
2022070700100390,2022년 7월 7일 16시,목요일,전라남도 여수시 봉강동,경상사고,0,0,1,0,차대사람 - 보도통행중,기타,건조,맑음,기타 - 기타,자전거,남,18세,상해없음,보행자,여,80세,경상
2022070700100391,2022년 7월 7일 16시,목요일,전라남도 순천시 풍덕동,경상사고,0,0,1,0,차대차 - 기타,직진우회전진행방해,건조,맑음,교차로 - 교차로안,승용,남,51세,상해없음,승용,남,62세,경상
2022070700100439,2022년 7월 7일 17시,목요일,전라남도 신안군 압해읍,경상사고,0,0,1,0,차대차 - 기타,안전운전불이행,젖음/습기,비,단일로 - 기타,화물,남,60세,상해없음,화물,남,62세,상해없음
2022070700100440,2022년 7월 7일 17시,목요일,전라남도 목포시 옥암동,경상사고,0,0,2,0,차대차 - 기타,직진우회전진행방해,젖음/습기,비,교차로 - 교차로부근,승용,남,45세,상해없음,승용,남,72세,경상
2022070700100441,2022년 7월 7일 17시,목요일,전라남도 여수시 봉강동,중상사고,0,1,0,0,차대사람 - 횡단중,신호위반,건조,맑음,단일로 - 기타,이륜,남,21세,상해없음,보행자,여,65세,중상
2022070700100442,2022년 7월 7일 17시,목요일,전라남도 나주시 금천면,경상사고,0,0,1,0,차대사람 - 횡단중,신호위반,젖음/습기,비,교차로 - 교차로안,승용,남,34세,상해없음,보행자,여,22세,경상
2022070700100473,2022년 7월 7일 18시,목요일,전라남도 순천시 해룡면,경상사고,0,0,2,0,차대차 - 기타,신호위반,건조,맑음,교차로 - 교차로안,승용,남,72세,상해없음,승용,남,26세,경상
2022070700100474,2022년 7월 7일 18시,목요일,전라남도 순천시 조곡동,경상사고,0,0,1,0,차대사람 - 기타,안전운전불이행,건조,맑음,단일로 - 기타,승용,남,59세,상해없음,보행자,남,56세,경상
2022070700100475,2022년 7월 7일 18시,목요일,전라남도 나주시 남평읍,부상신고사고,0,0,0,1,차대사람 - 횡단중,안전운전불이행,젖음/습기,비,단일로 - 기타,승용,여,54세,상해없음,보행자,남,7세,부상신고
2022070700100476,2022년 7월 7일 18시,목요일,전라남도 나주시 보산동,부상신고사고,0,0,0,1,차량단독 - 전도전복 - 전도,안전운전불이행,젖음/습기,비,교차로 - 교차로부근,화물,남,45세,부상신고,,,,
2022070700100622,2022년 7월 7일 23시,목요일,전라남도 담양군 고서면,경상사고,0,0,1,0,차대차 - 기타,중앙선침범,젖음/습기,비,단일로 - 기타,기타불명,기타불명,미분류,기타불명,승용,여,41세,경상
2022070800100104,2022년 7월 8일 08시,금요일,전라남도 신안군 지도읍,경상사고,0,0,3,0,차대차 - 추돌,안전운전불이행,건조,맑음,단일로 - 기타,화물,남,31세,상해없음,승용,여,60세,경상
2022070800100147,2022년 7월 8일 09시,금요일,전라남도 여수시 서교동,중상사고,0,1,0,0,차대사람 - 횡단중,신호위반,젖음/습기,비,단일로 - 기타,승합,남,58세,상해없음,보행자,남,74세,중상
2022070800100148,2022년 7월 8일 09시,금요일,전라남도 순천시 석현동,경상사고,0,0,1,0,차대차 - 측면충돌,신호위반,건조,맑음,교차로 - 교차로안,승용,여,42세,상해없음,화물,남,29세,경상
2022070800100149,2022년 7월 8일 09시,금요일,전라남도 완도군 완도읍,경상사고,0,0,3,0,차대차 - 기타,신호위반,건조,맑음,교차로 - 교차로안,화물,남,66세,경상,승합,남,67세,경상
2022070800100203,2022년 7월 8일 11시,금요일,전라남도 화순군 도곡면,경상사고,0,0,2,0,차대차 - 측면충돌,직진우회전진행방해,건조,맑음,교차로 - 교차로안,승용,여,53세,경상,승용,여,59세,경상
2022070800100242,2022년 7월 8일 12시,금요일,전라남도 나주시 동강면,중상사고,0,1,0,0,차량단독 - 도로외이탈 - 기타,안전운전불이행,건조,맑음,단일로 - 기타,농기계,남,81세,중상,,,,
2022070800100272,2022년 7월 8일 13시,금요일,전라남도 해남군 북평면,경상사고,0,0,1,0,차대차 - 정면충돌,직진우회전진행방해,건조,맑음,교차로 - 교차로안,승용,남,70세,기타불명,화물,남,70세,경상
2022070800100273,2022년 7월 8일 13시,금요일,전라남도 광양시 성황동,경상사고,0,0,2,0,차대차 - 측면충돌,차로위반,건조,맑음,교차로 - 교차로부근,승용,남,41세,상해없음,승용,남,44세,경상
2022070800100311,2022년 7월 8일 14시,금요일,전라남도 보성군 보성읍,중상사고,0,1,0,0,차대차 - 측면충돌,교차로운행방법위반,건조,맑음,교차로 - 교차로안,화물,남,71세,상해없음,원동기,남,78세,중상
2022070800100312,2022년 7월 8일 14시,금요일,전라남도 장성군 남면,경상사고,0,0,1,0,차대차 - 기타,신호위반,건조,맑음,단일로 - 터널,화물,남,46세,상해없음,승용,여,53세,경상
2022070800100373,2022년 7월 8일 16시,금요일,전라남도 보성군 벌교읍,경상사고,0,0,2,0,차대차 - 측면충돌,안전거리미확보,건조,맑음,교차로 - 교차로부근,승용,남,73세,경상,화물,남,35세,경상
2022070800100374,2022년 7월 8일 16시,금요일,전라남도 화순군 동면,사망사고,1,0,0,0,차량단독 - 기타,안전운전불이행,건조,맑음,단일로 - 기타,이륜,남,44세,사망,,,,
2022070800100375,2022년 7월 8일 16시,금요일,전라남도 광양시 광양읍,경상사고,0,0,1,0,차대차 - 정면충돌,안전운전불이행,건조,맑음,교차로 - 교차로부근,승용,여,32세,상해없음,자전거,남,10세,경상
2022070800100422,2022년 7월 8일 17시,금요일,전라남도 목포시 용해동,중상사고,0,1,6,0,차대차 - 기타,교차로운행방법위반,건조,맑음,교차로 - 교차로안,승용,남,66세,경상,승합,남,63세,경상
2022070800100423,2022년 7월 8일 17시,금요일,전라남도 여수시 덕충동,경상사고,0,0,1,0,차대사람 - 횡단중,신호위반,건조,맑음,교차로 - 교차로안,승용,여,68세,상해없음,보행자,여,15세,경상
2022070800100469,2022년 7월 8일 18시,금요일,전라남도 목포시 석현동,중상사고,0,1,0,0,차대차 - 측면충돌,교차로운행방법위반,건조,맑음,교차로 - 교차로안,승용,여,49세,상해없음,이륜,남,42세,중상
2022070800100512,2022년 7월 8일 19시,금요일,전라남도 함평군 해보면,경상사고,0,0,1,0,차량단독 - 공작물충돌,안전운전불이행,건조,맑음,단일로 - 기타,승용,남,37세,경상,,,,
2022070800100543,2022년 7월 8일 20시,금요일,전라남도 나주시 빛가람동,경상사고,0,0,1,0,차대차 - 기타,신호위반,건조,맑음,교차로 - 교차로횡단보도내,승합,남,55세,상해없음,개인형이동수단(PM),남,18세,경상
2022070800100544,2022년 7월 8일 20시,금요일,전라남도 진도군 군내면,경상사고,0,0,1,0,차대차 - 추돌,안전거리미확보,건조,맑음,단일로 - 지하차도(도로)내,승용,남,35세,상해없음,승용,남,52세,경상
2022070800100603,2022년 7월 8일 22시,금요일,전라남도 나주시 금천면,중상사고,0,3,0,0,차대차 - 추돌,안전운전불이행,건조,맑음,단일로 - 기타,승용,남,40세,상해없음,승용,남,47세,중상
2022070900100010,2022년 7월 9일 00시,토요일,전라남도 여수시 웅천동,경상사고,0,0,2,0,차대차 - 측면충돌,신호위반,건조,맑음,교차로 - 교차로안,승용,남,28세,상해없음,승용,남,74세,상해없음
2022070900100071,2022년 7월 9일 06시,토요일,전라남도 순천시 별량면,경상사고,0,0,1,0,차량단독 - 기타,안전운전불이행,건조,맑음,교차로 - 교차로부근,승용,남,47세,경상,,,,
2022070900100083,2022년 7월 9일 07시,토요일,전라남도 담양군 봉산면,경상사고,0,0,1,0,차대사람 - 기타,안전운전불이행,건조,맑음,단일로 - 기타,기타불명,기타불명,미분류,기타불명,보행자,여,89세,경상
2022070900100103,2022년 7월 9일 08시,토요일,전라남도 장성군 진원면,중상사고,0,1,1,0,차대차 - 측면충돌,안전운전불이행,건조,맑음,교차로 - 교차로안,화물,남,25세,경상,승용,여,46세,중상
2022070900100104,2022년 7월 9일 08시,토요일,전라남도 담양군 담양읍,경상사고,0,0,1,0,차대차 - 측면충돌,신호위반,건조,맑음,교차로 - 교차로안,승용,남,40세,상해없음,승용,여,33세,경상
2022070900100124,2022년 7월 9일 09시,토요일,전라남도 강진군 칠량면,사망사고,1,0,1,0,차대사람 - 기타,안전운전불이행,건조,맑음,단일로 - 기타,화물,남,73세,경상,보행자,여,67세,사망
2022070900100125,2022년 7월 9일 09시,토요일,전라남도 강진군 신전면,중상사고,0,1,1,0,차대차 - 측면충돌,기타,건조,맑음,교차로 - 교차로안,승용,여,66세,중상,화물,여,62세,경상
2022070900100154,2022년 7월 9일 10시,토요일,전라남도 함평군 함평읍,부상신고사고,0,0,0,1,차량단독 - 공작물충돌,안전운전불이행,건조,맑음,교차로 - 교차로부근,승용,남,71세,부상신고,,,,
2022070900100155,2022년 7월 9일 10시,토요일,전라남도 강진군 강진읍,경상사고,0,0,1,0,차대차 - 측면충돌,안전운전불이행,건조,맑음,단일로 - 기타,이륜,남,91세,경상,승용,남,56세,상해없음
2022070900100184,2022년 7월 9일 11시,토요일,전라남도 나주시 성북동,중상사고,0,1,0,0,차대사람 - 횡단중,보행자보호의무위반,건조,맑음,교차로 - 교차로횡단보도내,승합,여,56세,상해없음,보행자,여,84세,중상
2022070900100212,2022년 7월 9일 12시,토요일,전라남도 무안군 삼향읍,경상사고,0,0,1,0,차대차 - 측면충돌,안전운전불이행,건조,맑음,교차로 - 교차로안,승용,남,34세,상해없음,승용,여,39세,경상
2022070900100254,2022년 7월 9일 13시,토요일,전라남도 여수시 안산동,경상사고,0,0,1,0,차대차 - 측면충돌,교차로운행방법위반,건조,맑음,교차로 - 교차로안,승용,여,40세,상해없음,원동기,남,47세,경상
2022070900100255,2022년 7월 9일 13시,토요일,전라남도 여수시 봉산동,경상사고,0,0,3,0,차대차 - 측면충돌,교차로운행방법위반,건조,맑음,교차로 - 교차로안,승용,남,53세,상해없음,승용,여,39세,경상
2022070900100294,2022년 7월 9일 14시,토요일,전라남도 여수시 봉산동,경상사고,0,0,2,0,차대차 - 측면충돌,차로위반,건조,맑음,단일로 - 기타,승용,남,45세,상해없음,승용,남,60세,경상
2022070900100295,2022년 7월 9일 14시,토요일,전라남도 순천시 해룡면,경상사고,0,0,1,0,차대차 - 기타,신호위반,건조,맑음,교차로 - 교차로안,원동기,남,25세,상해없음,이륜,남,36세,경상
2022070900100363,2022년 7월 9일 16시,토요일,전라남도 여수시 소라면,사망사고,1,0,0,0,차대차 - 추돌,안전운전불이행,건조,맑음,단일로 - 터널,화물,남,49세,상해없음,농기계,남,76세,사망
2022070900100364,2022년 7월 9일 16시,토요일,전라남도 여수시 여서동,경상사고,0,0,1,0,차대차 - 기타,안전운전불이행,건조,맑음,교차로 - 교차로안,승용,남,63세,상해없음,승용,남,27세,경상
2022070900100365,2022년 7월 9일 16시,토요일,전라남도 화순군 춘양면,경상사고,0,0,2,0,차대차 - 기타,교차로운행방법위반,건조,맑음,교차로 - 교차로부근,승용,남,64세,상해없음,승용,남,41세,경상
2022070900100447,2022년 7월 9일 18시,토요일,전라남도 목포시 산정동,중상사고,0,1,0,0,차대차 - 측면충돌,안전운전불이행,건조,맑음,단일로 - 기타,개인형이동수단(PM),여,14세,중상,승용,남,52세,상해없음
2022070900100474,2022년 7월 9일 19시,토요일,전라남도 목포시 옥암동,경상사고,0,0,5,0,차대차 - 측면충돌,안전운전불이행,건조,맑음,교차로 - 교차로안,승용,남,60세,상해없음,승용,남,42세,경상
2022070900100498,2022년 7월 9일 20시,토요일,전라남도 함평군 해보면,부상신고사고,0,0,0,1,차량단독 - 전도전복 - 전도,안전운전불이행,건조,맑음,단일로 - 기타,이륜,남,45세,부상신고,,,,
2022070900100522,2022년 7월 9일 21시,토요일,전라남도 목포시 산정동,사망사고,1,0,0,0,차량단독 - 기타,안전운전불이행,건조,흐림,단일로 - 기타,개인형이동수단(PM),남,52세,사망,,,,
2022070900100523,2022년 7월 9일 21시,토요일,전라남도 여수시 오림동,중상사고,0,1,0,0,차대사람 - 횡단중,안전운전불이행,건조,맑음,교차로 - 교차로부근,화물,남,58세,상해없음,보행자,남,38세,중상
2022070900100575,2022년 7월 9일 23시,토요일,전라남도 광양시 광양읍,경상사고,0,0,2,0,차대차 - 추돌,안전운전불이행,건조,맑음,교차로 - 교차로부근,승용,남,41세,상해없음,승용,여,54세,경상
2022071000100012,2022년 7월 10일 00시,일요일,전라남도 목포시 산정동,경상사고,0,0,5,0,차대차 - 측면충돌,안전운전불이행,건조,맑음,교차로 - 교차로부근,승용,남,38세,상해없음,승용,여,45세,경상
2022071000100037,2022년 7월 10일 02시,일요일,전라남도 목포시 상동,중상사고,0,1,0,0,차대차 - 측면충돌,안전운전불이행,건조,맑음,교차로 - 교차로안,승용,남,42세,상해없음,승용,남,55세,중상
2022071000100067,2022년 7월 10일 05시,일요일,전라남도 강진군 강진읍,부상신고사고,0,0,0,1,차량단독 - 전도전복 - 전도,안전운전불이행,건조,맑음,단일로 - 기타,승용,남,58세,부상신고,,,,
2022071000100074,2022년 7월 10일 06시,일요일,전라남도 순천시 연향동,경상사고,0,0,3,0,차대차 - 측면충돌,안전운전불이행,건조,맑음,교차로 - 교차로안,승용,남,23세,경상,승용,남,60세,경상
2022071000100088,2022년 7월 10일 08시,일요일,전라남도 완도군 완도읍,경상사고,0,0,1,0,차대차 - 기타,안전운전불이행,건조,맑음,교차로 - 교차로안,승용,여,47세,상해없음,자전거,여,51세,경상
2022071000100102,2022년 7월 10일 09시,일요일,전라남도 목포시 석현동,중상사고,0,1,0,0,차대차 - 기타,신호위반,건조,맑음,교차로 - 교차로안,승용,남,63세,상해없음,이륜,남,25세,중상
2022071000100126,2022년 7월 10일 10시,일요일,전라남도 무안군 무안읍,경상사고,0,0,1,0,차대차 - 기타,기타,건조,맑음,단일로 - 기타,승용,남,44세,상해없음,자전거,남,9세,경상
2022071000100180,2022년 7월 10일 12시,일요일,전라남도 영암군 삼호읍,중상사고,0,1,1,0,차대차 - 측면충돌,교차로운행방법위반,건조,맑음,교차로 - 교차로안,승용,여,49세,상해없음,승용,남,44세,중상
2022071000100233,2022년 7월 10일 14시,일요일,전라남도 순천시 해룡면,경상사고,0,0,2,0,차대차 - 추돌,안전거리미확보,건조,맑음,단일로 - 기타,승용,여,32세,상해없음,승용,남,34세,경상
2022071000100295,2022년 7월 10일 16시,일요일,전라남도 담양군 담양읍,경상사고,0,0,2,0,차대차 - 기타,불법유턴,건조,맑음,단일로 - 기타,승용,남,60세,상해없음,승용,여,18세,경상
2022071000100359,2022년 7월 10일 19시,일요일,전라남도 담양군 담양읍,경상사고,0,0,2,0,차대차 - 기타,안전운전불이행,건조,맑음,교차로 - 교차로안,화물,여,64세,상해없음,승용,남,54세,경상
2022071000100379,2022년 7월 10일 20시,일요일,전라남도 순천시 가곡동,중상사고,0,1,0,0,차대차 - 측면충돌,중앙선침범,건조,맑음,단일로 - 기타,자전거,남,26세,상해없음,이륜,남,38세,중상
2022071000100403,2022년 7월 10일 21시,일요일,전라남도 목포시 옥암동,중상사고,0,1,1,0,차대차 - 기타,안전운전불이행,건조,맑음,교차로 - 교차로안,승용,남,39세,상해없음,승용,남,38세,중상
2022071000100404,2022년 7월 10일 21시,일요일,전라남도 광양시 광양읍,경상사고,0,0,1,0,차대차 - 기타,안전거리미확보,건조,맑음,단일로 - 기타,승용,여,57세,상해없음,승용,여,46세,경상
2022071100100030,2022년 7월 11일 05시,월요일,전라남도 여수시 소호동,중상사고,0,1,0,0,차대사람 - 기타,안전운전불이행,젖음/습기,비,교차로 - 교차로안,화물,남,49세,상해없음,보행자,여,87세,중상
2022071100100057,2022년 7월 11일 07시,월요일,전라남도 고흥군 도양읍,경상사고,0,0,1,0,차대차 - 정면충돌,안전운전불이행,건조,맑음,교차로 - 교차로안,승용,여,33세,상해없음,승용,남,52세,경상