사고번호,사고일시,요일,시군구,사고내용,사망자수,중상자수,경상자수,부상신고자수,사고유형,법규위반,노면상태,기상상태,도로형태,가해운전자 차종,가해운전자 성별,가해운전자 연령,가해운전자 상해정도,피해운전자 차종,피해운전자 성별,피해운전자 연령,피해운전자 상해정도
2022071100100135,2022년 7월 11일 09시,월요일,전라남도 순천시 조례동,경상사고,0,0,1,0,차대차 - 기타,안전거리미확보,건조,맑음,교차로 - 교차로안,승용,남,77세,상해없음,승용,남,55세,상해없음
2022071100100170,2022년 7월 11일 10시,월요일,전라남도 순천시 풍덕동,경상사고,0,0,1,0,차대차 - 기타,안전운전불이행,건조,맑음,교차로 - 교차로안,자전거,남,60세,경상,승용,남,75세,상해없음
2022071100100171,2022년 7월 11일 10시,월요일,전라남도 화순군 화순읍,중상사고,0,1,0,0,차량단독 - 도로외이탈 - 추락,안전운전불이행,건조,맑음,주차장 - 주차장,승용,남,59세,중상,,,,
2022071100100247,2022년 7월 11일 12시,월요일,전라남도 목포시 상동,경상사고,0,0,1,0,차대차 - 기타,안전운전불이행,건조,맑음,교차로 - 교차로안,승용,남,81세,상해없음,이륜,남,33세,경상
2022071100100248,2022년 7월 11일 12시,월요일,전라남도 순천시 조례동,경상사고,0,0,1,0,차대차 - 기타,안전운전불이행,건조,맑음,단일로 - 기타,승용,남,66세,상해없음,이륜,남,25세,경상
2022071100100249,2022년 7월 11일 12시,월요일,전라남도 순천시 매곡동,경상사고,0,0,1,0,차대차 - 기타,안전운전불이행,건조,맑음,단일로 - 기타,특수,남,24세,상해없음,승용,여,42세,경상
2022071100100250,2022년 7월 11일 12시,월요일,전라남도 영암군 삼호읍,경상사고,0,0,1,0,차대차 - 측면충돌,교차로운행방법위반,건조,맑음,교차로 - 교차로안,승용,남,46세,상해없음,승용,남,22세,경상
2022071100100251,2022년 7월 11일 12시,월요일,전라남도 강진군 성전면,경상사고,0,0,1,3,차대차 - 측면충돌,신호위반,건조,맑음,교차로 - 교차로안,승용,남,80세,상해없음,승용,여,57세,경상
2022071100100358,2022년 7월 11일 15시,월요일,전라남도 무안군 현경면,중상사고,0,1,0,0,차대차 - 정면충돌,중앙선침범,건조,맑음,단일로 - 기타,화물,남,69세,상해없음,승용,여,66세,중상
2022071100100396,2022년 7월 11일 16시,월요일,전라남도 목포시 옥암동,경상사고,0,0,1,0,차대차 - 기타,안전운전불이행,건조,맑음,교차로 - 교차로부근,자전거,남,80세,경상,승용,여,25세,상해없음
2022071100100397,2022년 7월 11일 16시,월요일,전라남도 여수시 여서동,경상사고,0,0,2,0,차대차 - 측면충돌,교차로운행방법위반,건조,맑음,교차로 - 교차로안,이륜,남,21세,경상,승용,여,54세,경상
2022071100100398,2022년 7월 11일 16시,월요일,전라남도 순천시 조례동,경상사고,0,0,1,0,차대사람 - 기타,안전운전불이행,건조,맑음,교차로 - 교차로부근,승용,남,56세,상해없음,보행자,여,29세,경상
2022071100100399,2022년 7월 11일 16시,월요일,전라남도 담양군 담양읍,경상사고,0,0,1,0,차대차 - 측면충돌,안전운전불이행,건조,맑음,단일로 - 기타,승용,여,35세,상해없음,승용,남,25세,경상
2022071100100438,2022년 7월 11일 17시,월요일,전라남도 목포시 상동,경상사고,0,0,1,0,차대차 - 측면충돌,안전운전불이행,건조,맑음,단일로 - 기타,승용,남,54세,상해없음,승용,남,35세,경상
2022071100100439,2022년 7월 11일 17시,월요일,전라남도 여수시 서교동,중상사고,0,1,0,0,차대사람 - 기타,안전운전불이행,건조,맑음,단일로 - 기타,승용,여,55세,상해없음,보행자,남,60세,중상
2022071100100440,2022년 7월 11일 17시,월요일,전라남도 순천시 해룡면,중상사고,0,1,0,0,차대차 - 기타,안전운전불이행,건조,맑음,기타 - 기타,개인형이동수단(PM),남,19세,상해없음,자전거,남,17세,중상
2022071100100498,2022년 7월 11일 18시,월요일,전라남도 여수시 화장동,경상사고,0,0,1,0,차대차 - 기타,안전운전불이행,건조,맑음,교차로 - 교차로부근,화물,남,26세,상해없음,승용,여,34세,경상
2022071100100499,2022년 7월 11일 18시,월요일,전라남도 보성군 회천면,경상사고,0,0,2,0,차대차 - 측면충돌,기타,건조,맑음,교차로 - 교차로안,화물,남,42세,경상,승용,남,64세,경상
2022071100100590,2022년 7월 11일 22시,월요일,전라남도 순천시 풍덕동,경상사고,0,0,1,0,차대차 - 기타,안전운전불이행,건조,맑음,교차로 - 교차로부근,승용,남,68세,상해없음,승용,남,45세,경상
2022071200100007,2022년 7월 12일 00시,화요일,전라남도 목포시 용당동,경상사고,0,0,1,0,차대차 - 기타,안전운전불이행,건조,맑음,교차로 - 교차로부근,승용,여,29세,상해없음,이륜,남,21세,경상
2022071200100036,2022년 7월 12일 05시,화요일,전라남도 순천시 해룡면,중상사고,0,1,0,0,차대차 - 기타,신호위반,건조,맑음,교차로 - 교차로안,승합,남,72세,상해없음,승용,남,41세,중상
2022071200100060,2022년 7월 12일 07시,화요일,전라남도 목포시 산정동,경상사고,0,0,1,0,차대차 - 측면충돌,교차로운행방법위반,건조,맑음,교차로 - 교차로안,승용,여,49세,상해없음,개인형이동수단(PM),남,18세,경상
2022071200100095,2022년 7월 12일 08시,화요일,전라남도 나주시 부덕동,중상사고,0,1,0,0,차대사람 - 기타,안전운전불이행,건조,맑음,주차장 - 주차장,승합,여,57세,상해없음,보행자,여,93세,중상
2022071200100096,2022년 7월 12일 08시,화요일,전라남도 광양시 광영동,경상사고,0,0,1,0,차대차 - 측면충돌,안전운전불이행,건조,맑음,교차로 - 교차로안,자전거,남,14세,경상,승용,남,67세,상해없음
2022071200100133,2022년 7월 12일 09시,화요일,전라남도 목포시 옥암동,경상사고,0,0,1,0,차대차 - 측면충돌,안전운전불이행,건조,맑음,단일로 - 기타,개인형이동수단(PM),남,28세,경상,승용,남,42세,기타불명
2022071200100153,2022년 7월 12일 10시,화요일,전라남도 목포시 용당동,경상사고,0,0,1,0,차대차 - 측면충돌,안전운전불이행,건조,맑음,단일로 - 기타,이륜,남,76세,상해없음,승용,여,59세,경상
2022071200100154,2022년 7월 12일 10시,화요일,전라남도 영광군 불갑면,경상사고,0,0,2,0,차대차 - 정면충돌,중앙선침범,건조,맑음,단일로 - 기타,승용,남,75세,경상,화물,남,68세,경상
2022071200100155,2022년 7월 12일 10시,화요일,전라남도 영암군 삼호읍,경상사고,0,0,2,0,차대차 - 측면충돌,중앙선침범,건조,맑음,기타 - 기타,승용,여,57세,경상,승용,남,60세,경상
2022071200100206,2022년 7월 12일 12시,화요일,전라남도 순천시 해룡면,경상사고,0,0,2,0,차대차 - 측면충돌,교차로운행방법위반,건조,맑음,교차로 - 교차로안,화물,남,67세,경상,화물,남,29세,경상
2022071200100207,2022년 7월 12일 12시,화요일,전라남도 해남군 해남읍,중상사고,0,1,0,0,차대차 - 후진중충돌,안전운전불이행,건조,맑음,교차로 - 교차로부근,승용,남,61세,기타불명,이륜,남,77세,중상
2022071200100258,2022년 7월 12일 14시,화요일,전라남도 목포시 옥암동,중상사고,0,2,1,1,차대차 - 추돌,안전운전불이행,건조,맑음,교차로 - 교차로부근,승용,남,42세,부상신고,화물,남,59세,기타불명
2022071200100259,2022년 7월 12일 14시,화요일,전라남도 순천시 연향동,경상사고,0,0,1,0,차대차 - 기타,신호위반,건조,맑음,교차로 - 교차로횡단보도내,승용,여,57세,상해없음,자전거,남,53세,경상
2022071200100297,2022년 7월 12일 15시,화요일,전라남도 담양군 담양읍,중상사고,0,1,1,0,차대차 - 측면충돌,안전운전불이행,건조,흐림,교차로 - 교차로안,화물,남,72세,상해없음,승용,남,49세,중상
2022071200100324,2022년 7월 12일 16시,화요일,전라남도 목포시 옥암동,경상사고,0,0,2,0,차대차 - 추돌,안전거리미확보,건조,맑음,단일로 - 기타,승용,남,56세,상해없음,승용,여,61세,경상
2022071200100325,2022년 7월 12일 16시,화요일,전라남도 순천시 서면,경상사고,0,0,4,1,차대차 - 측면충돌,직진우회전진행방해,건조,맑음,교차로 - 교차로안,승용,남,69세,부상신고,승용,남,73세,경상
2022071200100365,2022년 7월 12일 17시,화요일,전라남도 장흥군 장흥읍,중상사고,0,1,0,0,차대차 - 추돌,안전운전불이행,건조,맑음,단일로 - 기타,승용,여,77세,중상,승용,남,61세,기타불명
2022071200100366,2022년 7월 12일 17시,화요일,전라남도 영광군 홍농읍,경상사고,0,0,1,0,차대차 - 측면충돌,안전운전불이행,건조,맑음,기타 - 기타,승용,여,56세,상해없음,화물,남,70세,경상
2022071200100407,2022년 7월 12일 18시,화요일,전라남도 목포시 산정동,경상사고,0,0,1,0,차대사람 - 기타,안전운전불이행,건조,맑음,단일로 - 기타,화물,남,49세,상해없음,보행자,남,11세,경상
2022071200100408,2022년 7월 12일 18시,화요일,전라남도 보성군 미력면,경상사고,0,0,2,0,차대차 - 측면충돌,직진우회전진행방해,건조,맑음,교차로 - 교차로안,화물,남,63세,경상,승용,여,58세,경상
2022071200100409,2022년 7월 12일 18시,화요일,전라남도 완도군 완도읍,경상사고,0,0,2,0,차대차 - 측면충돌,안전거리미확보,건조,맑음,단일로 - 기타,승용,여,30세,상해없음,화물,남,64세,경상
2022071200100441,2022년 7월 12일 19시,화요일,전라남도 목포시 옥암동,경상사고,0,0,4,0,차대차 - 측면충돌,교차로운행방법위반,건조,맑음,교차로 - 교차로안,승용,남,61세,상해없음,특수,남,42세,경상
2022071200100442,2022년 7월 12일 19시,화요일,전라남도 무안군 삼향읍,경상사고,0,0,1,0,차대차 - 기타,안전운전불이행,건조,맑음,교차로 - 교차로부근,승용,남,24세,상해없음,승용,여,27세,경상
2022071200100456,2022년 7월 12일 20시,화요일,전라남도 나주시 산포면,경상사고,0,0,1,0,차량단독 - 공작물충돌,안전운전불이행,건조,맑음,단일로 - 기타,이륜,남,56세,경상,,,,
2022071200100480,2022년 7월 12일 21시,화요일,전라남도 나주시 금천면,경상사고,0,0,1,0,차대차 - 기타,안전운전불이행,건조,맑음,교차로 - 교차로부근,승용,여,35세,상해없음,승용,남,63세,기타불명
2022071200100519,2022년 7월 12일 23시,화요일,전라남도 목포시 상동,경상사고,0,0,1,0,차대차 - 정면충돌,안전운전불이행,건조,맑음,교차로 - 교차로안,승용,여,48세,상해없음,개인형이동수단(PM),남,29세,경상
2022071300100007,2022년 7월 13일 00시,수요일,전라남도 목포시 상동,경상사고,0,0,1,0,차대차 - 측면충돌,중앙선침범,건조,맑음,기타 - 기타,승용,여,50세,상해없음,원동기,남,42세,경상
2022071300100045,2022년 7월 13일 06시,수요일,전라남도 여수시 봉산동,중상사고,0,1,2,0,차대차 - 측면충돌,안전운전불이행,건조,맑음,교차로 - 교차로안,승용,남,57세,경상,승용,여,66세,중상
2022071300100060,2022년 7월 13일 07시,수요일,전라남도 목포시 용당동,경상사고,0,0,1,0,차대사람 - 기타,안전운전불이행,건조,맑음,기타 - 기타,승용,여,59세,상해없음,보행자,여,61세,경상
2022071300100061,2022년 7월 13일 07시,수요일,전라남도 목포시 산정동,경상사고,0,0,1,0,차대차 - 측면충돌,차로위반,건조,맑음,단일로 - 기타,승용,남,37세,상해없음,승용,남,28세,상해없음
2022071300100062,2022년 7월 13일 07시,수요일,전라남도 여수시 남면,경상사고,0,0,3,0,차대차 - 측면충돌,중앙선침범,건조,맑음,단일로 - 기타,화물,남,51세,상해없음,승용,남,58세,경상
2022071300100095,2022년 7월 13일 08시,수요일,전라남도 여수시 학동,경상사고,0,0,1,0,차대차 - 측면충돌,안전운전불이행,건조,맑음,교차로 - 교차로안,승용,여,44세,상해없음,승용,여,40세,경상
2022071300100096,2022년 7월 13일 08시,수요일,전라남도 영암군 영암읍,경상사고,0,0,1,0,차대차 - 측면충돌,안전운전불이행,건조,맑음,단일로 - 기타,화물,남,51세,상해없음,승용,여,45세,경상
2022071300100097,2022년 7월 13일 08시,수요일,전라남도 무안군 삼향읍,경상사고,0,0,1,0,차대사람 - 기타,안전운전불이행,건조,맑음,교차로 - 교차로안,승용,남,29세,상해없음,보행자,남,33세,경상
2022071300100098,2022년 7월 13일 08시,수요일,전라남도 광양시 중동,경상사고,0,0,1,0,차대차 - 정면충돌,안전운전불이행,건조,맑음,교차로 - 교차로안,승용,여,62세,기타불명,승용,여,50세,경상
2022071300100099,2022년 7월 13일 08시,수요일,전라남도 광양시 광양읍,경상사고,0,0,1,0,차대차 - 추돌,안전운전불이행,건조,맑음,교차로 - 교차로부근,승용,여,43세,상해없음,승용,여,48세,경상
2022071300100128,2022년 7월 13일 09시,수요일,전라남도 완도군 완도읍,경상사고,0,0,1,0,차대사람 - 기타,안전운전불이행,건조,맑음,교차로 - 교차로횡단보도내,승용,남,35세,상해없음,보행자,여,77세,경상
2022071300100179,2022년 7월 13일 11시,수요일,전라남도 해남군 마산면,경상사고,0,0,1,0,차량단독 - 도로외이탈 - 기타,안전운전불이행,건조,맑음,단일로 - 기타,화물,남,74세,경상,,,,
2022071300100262,2022년 7월 13일 14시,수요일,전라남도 목포시 옥암동,경상사고,0,0,8,0,차대차 - 추돌,안전운전불이행,건조,맑음,단일로 - 기타,화물,남,54세,상해없음,승용,남,49세,경상
2022071300100263,2022년 7월 13일 14시,수요일,전라남도 광양시 진월면,사망사고,1,0,0,0,차대차 - 측면충돌,신호위반,건조,맑음,교차로 - 교차로안,건설기계,남,48세,상해없음,사륜오토바이(ATV),여,80세,사망
2022071300100264,2022년 7월 13일 14시,수요일,전라남도 광양시 광양읍,중상사고,0,1,0,0,차대차 - 측면충돌,교차로운행방법위반,건조,맑음,교차로 - 교차로안,승용,여,52세,상해없음,이륜,남,36세,중상
2022071300100296,2022년 7월 13일 15시,수요일,전라남도 해남군 해남읍,경상사고,0,0,1,0,차대차 - 측면충돌,신호위반,건조,맑음,교차로 - 교차로안,승용,여,32세,기타불명,승용,여,39세,경상
2022071300100335,2022년 7월 13일 16시,수요일,전라남도 여수시 문수동,경상사고,0,0,4,2,차대차 - 측면충돌,신호위반,건조,맑음,교차로 - 교차로부근,승용,남,70세,상해없음,승합,남,58세,경상
2022071300100423,2022년 7월 13일 18시,수요일,전라남도 목포시 상동,경상사고,0,0,3,0,차대차 - 정면충돌,신호위반,건조,맑음,교차로 - 교차로안,승용,남,42세,상해없음,승용,남,35세,경상
2022071300100424,2022년 7월 13일 18시,수요일,전라남도 목포시 산정동,경상사고,0,0,3,0,차대차 - 기타,안전운전불이행,건조,맑음,교차로 - 교차로안,승합,남,42세,경상,승용,남,23세,경상
2022071300100470,2022년 7월 13일 19시,수요일,전라남도 순천시 해룡면,경상사고,0,0,3,0,차대차 - 측면충돌,안전운전불이행,건조,맑음,단일로 - 기타,승용,남,38세,경상,화물,남,67세,경상
2022071300100471,2022년 7월 13일 19시,수요일,전라남도 화순군 화순읍,경상사고,0,0,2,0,차대차 - 추돌,안전운전불이행,건조,맑음,단일로 - 기타,승용,남,51세,상해없음,승용,남,47세,경상
2022071300100495,2022년 7월 13일 20시,수요일,전라남도 여수시 웅천동,경상사고,0,0,1,0,차대차 - 정면충돌,신호위반,건조,맑음,교차로 - 교차로안,승용,남,22세,상해없음,승용,여,64세,경상
2022071300100518,2022년 7월 13일 21시,수요일,전라남도 여수시 관문동,중상사고,0,1,0,0,차대차 - 측면충돌,교차로운행방법위반,건조,맑음,교차로 - 교차로안,승용,남,41세,상해없음,이륜,남,16세,중상
2022071300100519,2022년 7월 13일 21시,수요일,전라남도 장흥군 장평면,경상사고,0,0,2,0,차량단독 - 전도전복 - 전복,안전운전불이행,기타,기타,교차로 - 교차로부근,승용,여,21세,경상,,,,
2022071300100549,2022년 7월 13일 22시,수요일,전라남도 목포시 옥암동,경상사고,0,0,1,0,차대차 - 측면충돌,신호위반,건조,맑음,교차로 - 교차로안,승용,여,53세,상해없음,승용,남,39세,경상
2022071400100024,2022년 7월 14일 01시,목요일,전라남도 순천시 조례동,경상사고,0,0,1,0,차대사람 - 기타,안전운전불이행,건조,맑음,단일로 - 기타,승용,남,25세,상해없음,보행자,남,26세,경상
2022071400100054,2022년 7월 14일 05시,목요일,전라남도 나주시 노안면,경상사고,0,0,1,0,차대차 - 기타,안전운전불이행,젖음/습기,비,단일로 - 터널,승용,남,51세,상해없음,화물,남,31세,경상
2022071400100084,2022년 7월 14일 07시,목요일,전라남도 순천시 해룡면,경상사고,0,0,1,0,차대차 - 기타,안전거리미확보,건조,맑음,단일로 - 기타,화물,남,50세,상해없음,승용,여,29세,경상
2022071400100085,2022년 7월 14일 07시,목요일,전라남도 영암군 삼호읍,중상사고,0,1,0,0,차대차 - 정면충돌,안전운전불이행,건조,맑음,교차로 - 교차로안,화물,남,69세,상해없음,화물,남,41세,중상
2022071400100116,2022년 7월 14일 08시,목요일,전라남도 목포시 옥암동,중상사고,0,1,0,0,차대사람 - 횡단중,기타,건조,맑음,기타 - 기타,승용,남,30세,상해없음,보행자,여,8세,중상
2022071400100117,2022년 7월 14일 08시,목요일,전라남도 순천시 해룡면,경상사고,0,0,1,0,차대차 - 측면충돌,직진우회전진행방해,젖음/습기,맑음,교차로 - 교차로안,건설기계,남,33세,상해없음,승용,여,28세,경상
2022071400100118,2022년 7월 14일 08시,목요일,전라남도 강진군 강진읍,경상사고,0,0,1,0,차대차 - 측면충돌,직진우회전진행방해,건조,맑음,교차로 - 교차로안,화물,남,60세,상해없음,화물,남,58세,경상
2022071400100158,2022년 7월 14일 09시,목요일,전라남도 여수시 오림동,중상사고,0,1,0,0,차대차 - 측면충돌,신호위반,건조,맑음,교차로 - 교차로안,승용,남,63세,상해없음,자전거,남,64세,중상
2022071400100159,2022년 7월 14일 09시,목요일,전라남도 영암군 삼호읍,경상사고,0,0,1,0,차량단독 - 전도전복 - 전도,안전운전불이행,젖음/습기,흐림,교차로 - 교차로부근,사륜오토바이(ATV),여,67세,경상,,,,
2022071400100199,2022년 7월 14일 10시,목요일,전라남도 목포시 상동,중상사고,0,1,1,0,차대차 - 추돌,직진우회전진행방해,건조,맑음,교차로 - 교차로안,승용,여,41세,경상,승용,남,51세,상해없음
2022071400100224,2022년 7월 14일 11시,목요일,전라남도 나주시 남평읍,경상사고,0,0,1,0,차대차 - 기타,안전운전불이행,건조,맑음,단일로 - 기타,화물,남,71세,상해없음,승용,여,55세,경상
2022071400100248,2022년 7월 14일 12시,목요일,전라남도 화순군 화순읍,경상사고,0,0,1,0,차대차 - 측면충돌,안전거리미확보,건조,맑음,단일로 - 기타,화물,남,70세,상해없음,승합,여,55세,경상
2022071400100278,2022년 7월 14일 13시,목요일,전라남도 여수시 호명동,경상사고,0,0,1,0,차대차 - 기타,안전운전불이행,건조,맑음,단일로 - 기타,화물,남,43세,기타불명,화물,남,71세,경상
2022071400100315,2022년 7월 14일 14시,목요일,전라남도 목포시 용당동,경상사고,0,0,2,0,차대차 - 기타,직진우회전진행방해,건조,맑음,교차로 - 교차로안,승용,여,58세,경상,승용,남,65세,경상
2022071400100316,2022년 7월 14일 14시,목요일,전라남도 순천시 연향동,경상사고,0,0,1,0,차대차 - 측면충돌,안전운전불이행,건조,맑음,교차로 - 교차로안,승용,남,51세,상해없음,승용,여,55세,경상
2022071400100317,2022년 7월 14일 14시,목요일,전라남도 광양시 도이동,경상사고,0,0,1,0,차대차 - 기타,교차로운행방법위반,건조,맑음,교차로 - 교차로안,승합,남,60세,상해없음,승용,여,28세,상해없음
2022071400100356,2022년 7월 14일 15시,목요일,전라남도 목포시 상동,경상사고,0,0,1,0,차대차 - 측면충돌,신호위반,건조,맑음,교차로 - 교차로부근,승용,여,47세,상해없음,승용,여,23세,경상
2022071400100357,2022년 7월 14일 15시,목요일,전라남도 영광군 염산면,사망사고,1,0,0,0,차량단독 - 공작물충돌,안전운전불이행,건조,맑음,단일로 - 기타,이륜,남,75세,사망,,,,
2022071400100358,2022년 7월 14일 15시,목요일,전라남도 영암군 삼호읍,경상사고,0,0,3,0,차대차 - 추돌,안전운전불이행,건조,맑음,교차로 - 교차로부근,화물,남,29세,경상,화물,남,60세,경상
2022071400100401,2022년 7월 14일 16시,목요일,전라남도 화순군 화순읍,경상사고,0,0,1,0,차대차 - 추돌,안전운전불이행,건조,맑음,기타 - 기타,이륜,남,21세,상해없음,승용,남,29세,경상
2022071400100402,2022년 7월 14일 16시,목요일,전라남도 영암군 삼호읍,중상사고,0,1,0,0,차대차 - 추돌,안전운전불이행,건조,맑음,교차로 - 교차로부근,승용,남,39세,중상,승용,남,28세,상해없음
2022071400100403,2022년 7월 14일 16시,목요일,전라남도 무안군 삼향읍,경상사고,0,0,1,0,차대차 - 기타,안전운전불이행,건조,맑음,단일로 - 기타,승용,남,40세,상해없음,승용,여,43세,경상
2022071400100495,2022년 7월 14일 18시,목요일,전라남도 보성군 보성읍,경상사고,0,0,1,0,차대차 - 기타,불법유턴,건조,맑음,기타 - 기타,승용,남,75세,상해없음,이륜,남,44세,경상
2022071400100531,2022년 7월 14일 19시,목요일,전라남도 여수시 봉산동,경상사고,0,0,1,0,차대차 - 후진중충돌,안전운전불이행,건조,맑음,단일로 - 기타,승용,여,65세,상해없음,승용,남,37세,경상
2022071400100532,2022년 7월 14일 19시,목요일,전라남도 순천시 인월동,경상사고,0,0,1,0,차대차 - 기타,안전운전불이행,건조,맑음,단일로 - 기타,화물,남,56세,상해없음,승용,남,32세,경상
2022071400100576,2022년 7월 14일 20시,목요일,전라남도 순천시 조례동,경상사고,0,0,7,0,차대차 - 측면충돌,교차로운행방법위반,건조,맑음,교차로 - 교차로안,승용,여,24세,경상,승용,여,36세,경상
2022071400100577,2022년 7월 14일 20시,목요일,전라남도 나주시 빛가람동,중상사고,0,1,2,0,차대차 - 측면충돌,안전운전불이행,건조,맑음,교차로 - 교차로부근,승용,남,46세,상해없음,승용,여,33세,경상
2022071400100578,2022년 7월 14일 20시,목요일,전라남도 보성군 벌교읍,경상사고,0,0,1,0,차대차 - 추돌,안전거리미확보,건조,맑음,교차로 - 교차로부근,이륜,남,76세,상해없음,화물,남,36세,경상
2022071400100611,2022년 7월 14일 21시,목요일,전라남도 여수시 봉산동,경상사고,0,0,1,0,차대차 - 측면충돌,안전운전불이행,건조,맑음,교차로 - 교차로안,승용,남,28세,상해없음,승용,여,41세,경상
2022071400100629,2022년 7월 14일 22시,목요일,전라남도 여수시 웅천동,중상사고,0,1,0,0,차대차 - 측면충돌,안전운전불이행,건조,맑음,단일로 - 기타,화물,남,48세,상해없음,이륜,남,22세,중상
2022071500100129,2022년 7월 15일 09시,금요일,전라남도 여수시 문수동,경상사고,0,0,1,0,차대차 - 측면충돌,교차로운행방법위반,건조,맑음,교차로 - 교차로안,승용,남,73세,상해없음,승용,여,31세,경상
2022071500100130,2022년 7월 15일 09시,금요일,전라남도 함평군 해보면,경상사고,0,0,1,0,차대차 - 측면충돌,안전운전불이행,건조,맑음,단일로 - 기타,승용,남,74세,경상,화물,남,60세,상해없음
2022071500100196,2022년 7월 15일 11시,금요일,전라남도 해남군 해남읍,경상사고,0,0,1,0,차대차 - 측면충돌,안전거리미확보,건조,맑음,교차로 - 교차로부근,승용,여,48세,기타불명,이륜,남,16세,경상
2022071500100197,2022년 7월 15일 11시,금요일,전라남도 무안군 현경면,경상사고,0,0,2,0,차대차 - 정면충돌,신호위반,건조,맑음,교차로 - 교차로안,승용,여,60세,상해없음,승용,여,66세,경상
2022071500100221,2022년 7월 15일 12시,금요일,전라남도 목포시 상동,경상사고,0,0,1,0,차대차 - 측면충돌,직진우회전진행방해,건조,맑음,교차로 - 교차로안,승용,남,56세,경상,승용,여,34세,상해없음
2022071500100222,2022년 7월 15일 12시,금요일,전라남도 여수시 평여동,경상사고,0,0,1,0,차대차 - 추돌,안전운전불이행,건조,맑음,교차로 - 교차로안,화물,남,26세,상해없음,화물,남,59세,경상
2022071500100255,2022년 7월 15일 13시,금요일,전라남도 곡성군 오산면,경상사고,0,0,3,0,차대차 - 기타,안전운전불이행,건조,맑음,교차로 - 교차로안,화물,남,61세,경상,승용,남,20세,경상
2022071500100294,2022년 7월 15일 14시,금요일,전라남도 목포시 용해동,경상사고,0,0,1,0,차대차 - 측면충돌,안전운전불이행,건조,맑음,단일로 - 기타,화물,남,40세,경상,승용,남,65세,상해없음
2022071500100322,2022년 7월 15일 15시,금요일,전라남도 보성군 조성면,경상사고,0,0,1,0,차대차 - 추돌,안전운전불이행,건조,맑음,교차로 - 교차로부근,승용,여,50세,상해없음,승용,여,50세,경상
2022071500100323,2022년 7월 15일 15시,금요일,전라남도 광양시 중동,경상사고,0,0,2,0,차대차 - 측면충돌,신호위반,건조,맑음,교차로 - 교차로안,화물,여,44세,경상,승용,남,47세,경상
2022071500100324,2022년 7월 15일 15시,금요일,전라남도 광양시 광양읍,경상사고,0,0,1,0,차대차 - 측면충돌,안전운전불이행,건조,맑음,기타 - 기타,건설기계,남,61세,상해없음,승용,남,27세,경상
2022071500100365,2022년 7월 15일 16시,금요일,전라남도 여수시 선원동,중상사고,0,3,1,0,차대차 - 측면충돌,교차로운행방법위반,건조,맑음,교차로 - 교차로안,승용,여,37세,중상,승합,남,71세,경상
2022071500100366,2022년 7월 15일 16시,금요일,전라남도 순천시 조례동,경상사고,0,0,1,0,차대차 - 측면충돌,안전운전불이행,건조,맑음,교차로 - 교차로안,화물,남,72세,기타불명,승용,여,34세,경상
2022071500100367,2022년 7월 15일 16시,금요일,전라남도 나주시 금천면,경상사고,0,0,4,0,차대차 - 측면충돌,교차로운행방법위반,건조,맑음,교차로 - 교차로안,승용,여,32세,경상,승합,남,66세,상해없음
2022071500100413,2022년 7월 15일 17시,금요일,전라남도 목포시 옥암동,경상사고,0,0,2,0,차대차 - 기타,안전거리미확보,건조,맑음,단일로 - 기타,승용,남,22세,경상,승용,남,24세,경상
2022071500100414,2022년 7월 15일 17시,금요일,전라남도 순천시 장천동,경상사고,0,0,2,0,차대차 - 기타,신호위반,건조,맑음,단일로 - 기타,이륜,남,27세,경상,승용,남,49세,경상
2022071500100415,2022년 7월 15일 17시,금요일,전라남도 영암군 영암읍,경상사고,0,0,3,0,차대차 - 측면충돌,직진우회전진행방해,건조,맑음,교차로 - 교차로안,승용,여,44세,경상,승용,여,38세,경상
2022071500100416,2022년 7월 15일 17시,금요일,전라남도 곡성군 곡성읍,경상사고,0,0,1,0,차대차 - 추돌,안전운전불이행,건조,맑음,교차로 - 교차로부근,승용,남,52세,상해없음,승용,여,52세,경상
2022071500100477,2022년 7월 15일 18시,금요일,전라남도 순천시 연향동,중상사고,0,1,0,0,차대사람 - 길가장자리구역통행중,안전운전불이행,건조,맑음,단일로 - 기타,승용,남,67세,상해없음,보행자,여,58세,중상
2022071500100478,2022년 7월 15일 18시,금요일,전라남도 나주시 왕곡면,경상사고,0,0,2,0,차대차 - 측면충돌,안전운전불이행,건조,맑음,단일로 - 기타,화물,남,59세,경상,승용,남,77세,경상
2022071500100479,2022년 7월 15일 18시,금요일,전라남도 해남군 해남읍,중상사고,0,1,0,0,차대차 - 측면충돌,직진우회전진행방해,건조,맑음,교차로 - 교차로안,승합,여,43세,기타불명,이륜,남,75세,중상
2022071500100520,2022년 7월 15일 19시,금요일,전라남도 순천시 조곡동,경상사고,0,0,2,0,차대차 - 측면충돌,안전운전불이행,건조,맑음,주차장 - 주차장,승용,남,72세,상해없음,화물,남,60세,경상
2022071500100556,2022년 7월 15일 20시,금요일,전라남도 목포시 옥암동,경상사고,0,0,1,0,차대차 - 정면충돌,안전운전불이행,건조,맑음,교차로 - 교차로부근,이륜,남,65세,상해없음,승용,남,35세,경상
2022071500100557,2022년 7월 15일 20시,금요일,전라남도 나주시 토계동,사망사고,1,0,0,0,차대차 - 측면충돌,신호위반,건조,맑음,교차로 - 교차로안,승용,여,41세,상해없음,이륜,남,42세,사망