사고번호,사고일시,요일,시군구,사고내용,사망자수,중상자수,경상자수,부상신고자수,사고유형,법규위반,노면상태,기상상태,도로형태,가해운전자 차종,가해운전자 성별,가해운전자 연령,가해운전자 상해정도,피해운전자 차종,피해운전자 성별,피해운전자 연령,피해운전자 상해정도
2022071500100592,2022년 7월 15일 21시,금요일,전라남도 순천시 조례동,경상사고,0,0,1,0,차대사람 - 기타,안전운전불이행,건조,맑음,단일로 - 기타,승용,남,41세,상해없음,보행자,여,57세,경상
2022071500100627,2022년 7월 15일 22시,금요일,전라남도 목포시 옥암동,경상사고,0,0,1,0,차대사람 - 기타,안전운전불이행,건조,맑음,교차로 - 교차로안,승용,남,59세,상해없음,보행자,남,47세,경상
2022071500100628,2022년 7월 15일 22시,금요일,전라남도 나주시 빛가람동,경상사고,0,0,1,0,차대사람 - 횡단중,안전운전불이행,건조,맑음,교차로 - 교차로부근,승용,여,32세,상해없음,보행자,남,44세,경상
2022071500100650,2022년 7월 15일 23시,금요일,전라남도 목포시 용당동,경상사고,0,0,1,0,차대차 - 기타,안전운전불이행,건조,맑음,교차로 - 교차로안,이륜,남,28세,기타불명,이륜,남,34세,경상
2022071500100651,2022년 7월 15일 23시,금요일,전라남도 순천시 연향동,경상사고,0,0,3,0,차대차 - 기타,안전운전불이행,건조,맑음,교차로 - 교차로안,승용,남,64세,상해없음,승용,남,67세,경상
2022071600100067,2022년 7월 16일 06시,토요일,전라남도 고흥군 두원면,경상사고,0,0,1,0,차량단독 - 전도전복 - 전도,안전운전불이행,건조,맑음,단일로 - 기타,이륜,남,39세,경상,,,,
2022071600100133,2022년 7월 16일 10시,토요일,전라남도 목포시 용해동,경상사고,0,0,2,0,차대차 - 후진중충돌,안전운전불이행,건조,맑음,교차로 - 교차로부근,승용,여,66세,상해없음,승용,남,47세,경상
2022071600100170,2022년 7월 16일 11시,토요일,전라남도 무안군 삼향읍,경상사고,0,0,1,0,차대차 - 측면충돌,안전운전불이행,건조,맑음,교차로 - 교차로안,이륜,남,26세,경상,승용,남,53세,상해없음
2022071600100208,2022년 7월 16일 12시,토요일,전라남도 목포시 용해동,중상사고,0,1,4,0,차대차 - 측면충돌,신호위반,건조,맑음,교차로 - 교차로안,승용,여,64세,상해없음,원동기,남,42세,중상
2022071600100209,2022년 7월 16일 12시,토요일,전라남도 순천시 연향동,중상사고,0,1,0,1,차대사람 - 기타,안전운전불이행,건조,맑음,단일로 - 기타,이륜,남,28세,부상신고,보행자,남,44세,중상
2022071600100210,2022년 7월 16일 12시,토요일,전라남도 순천시 연향동,경상사고,0,0,1,0,차대차 - 측면충돌,직진우회전진행방해,건조,맑음,교차로 - 교차로안,승용,남,24세,상해없음,이륜,남,33세,경상
2022071600100239,2022년 7월 16일 13시,토요일,전라남도 목포시 상동,경상사고,0,0,1,0,차대차 - 후진중충돌,안전운전불이행,건조,맑음,단일로 - 기타,승용,여,41세,상해없음,이륜,남,32세,경상
2022071600100240,2022년 7월 16일 13시,토요일,전라남도 순천시 해룡면,경상사고,0,0,2,0,차대차 - 추돌,안전운전불이행,건조,맑음,단일로 - 기타,승용,남,32세,상해없음,승용,여,26세,경상
2022071600100275,2022년 7월 16일 14시,토요일,전라남도 여수시 학동,경상사고,0,0,1,0,차대차 - 측면충돌,안전거리미확보,건조,맑음,교차로 - 교차로안,승용,남,62세,상해없음,승용,남,26세,경상
2022071600100276,2022년 7월 16일 14시,토요일,전라남도 화순군 춘양면,중상사고,0,1,1,0,차대차 - 기타,안전운전불이행,건조,맑음,단일로 - 기타,승용,남,69세,중상,승용,여,59세,경상
2022071600100277,2022년 7월 16일 14시,토요일,전라남도 광양시 진상면,중상사고,0,1,0,0,차량단독 - 도로외이탈 - 기타,안전운전불이행,건조,맑음,단일로 - 기타,화물,남,70세,중상,,,,
2022071600100315,2022년 7월 16일 15시,토요일,전라남도 목포시 상동,경상사고,0,0,2,3,차대차 - 측면충돌,교차로운행방법위반,건조,맑음,교차로 - 교차로안,승용,남,27세,상해없음,승용,여,33세,경상
2022071600100316,2022년 7월 16일 15시,토요일,전라남도 광양시 광양읍,중상사고,0,1,1,0,차대차 - 측면충돌,직진우회전진행방해,건조,맑음,교차로 - 교차로안,이륜,남,20세,경상,이륜,남,55세,중상
2022071600100356,2022년 7월 16일 16시,토요일,전라남도 여수시 학동,경상사고,0,0,1,0,차대차 - 기타,교차로운행방법위반,건조,맑음,교차로 - 교차로부근,승용,남,63세,상해없음,승용,남,34세,경상
2022071600100357,2022년 7월 16일 16시,토요일,전라남도 광양시 광양읍,경상사고,0,0,1,1,차대차 - 기타,신호위반,건조,맑음,교차로 - 교차로안,사륜오토바이(ATV),남,81세,부상신고,승용,여,29세,상해없음
2022071600100384,2022년 7월 16일 17시,토요일,전라남도 고흥군 점암면,경상사고,0,0,3,0,차대차 - 측면충돌,안전운전불이행,건조,맑음,단일로 - 기타,승용,남,25세,경상,승용,여,48세,경상
2022071600100385,2022년 7월 16일 17시,토요일,전라남도 해남군 문내면,경상사고,0,0,1,0,차량단독 - 도로외이탈 - 기타,안전운전불이행,건조,맑음,단일로 - 기타,원동기,남,62세,경상,,,,
2022071600100386,2022년 7월 16일 17시,토요일,전라남도 영암군 삼호읍,경상사고,0,0,1,0,차대차 - 기타,신호위반,건조,맑음,교차로 - 교차로안,승용,남,44세,상해없음,자전거,남,40세,경상
2022071600100387,2022년 7월 16일 17시,토요일,전라남도 영암군 시종면,중상사고,0,1,0,0,차대차 - 측면충돌,직진우회전진행방해,건조,맑음,교차로 - 교차로안,이륜,남,71세,중상,승용,남,68세,상해없음
2022071600100389,2022년 7월 16일 17시,토요일,전라남도 광양시 광양읍,중상사고,0,1,1,0,차대차 - 측면충돌,신호위반,건조,맑음,교차로 - 교차로안,승용,여,68세,중상,승용,남,21세,경상
2022071600100422,2022년 7월 16일 18시,토요일,전라남도 여수시 돌산읍,경상사고,0,0,1,0,차대차 - 후진중충돌,안전운전불이행,건조,맑음,교차로 - 교차로부근,승용,남,33세,상해없음,이륜,남,29세,경상
2022071600100423,2022년 7월 16일 18시,토요일,전라남도 나주시 금계동,경상사고,0,0,1,0,차대차 - 기타,안전운전불이행,건조,맑음,교차로 - 교차로부근,승용,남,35세,상해없음,승용,남,68세,경상
2022071600100424,2022년 7월 16일 18시,토요일,전라남도 고흥군 도양읍,중상사고,0,1,0,0,차대사람 - 횡단중,안전운전불이행,건조,맑음,교차로 - 교차로안,승용,남,60세,상해없음,보행자,남,82세,중상
2022071600100425,2022년 7월 16일 18시,토요일,전라남도 진도군 임회면,중상사고,0,1,0,0,차대사람 - 보도통행중,안전운전불이행,건조,맑음,단일로 - 지하차도(도로)내,승용,남,59세,상해없음,보행자,여,41세,중상
2022071600100426,2022년 7월 16일 18시,토요일,전라남도 광양시 중동,경상사고,0,0,1,0,차대차 - 측면충돌,안전운전불이행,건조,맑음,단일로 - 기타,승용,남,33세,상해없음,자전거,남,69세,경상
2022071600100452,2022년 7월 16일 19시,토요일,전라남도 나주시 금천면,경상사고,0,0,1,0,차대차 - 정면충돌,중앙선침범,건조,맑음,기타 - 기타,승용,남,57세,상해없음,화물,여,71세,경상
2022071600100482,2022년 7월 16일 20시,토요일,전라남도 순천시 조례동,경상사고,0,0,2,0,차대차 - 추돌,안전운전불이행,건조,맑음,교차로 - 교차로안,승용,남,56세,상해없음,승용,남,27세,경상
2022071600100483,2022년 7월 16일 20시,토요일,전라남도 해남군 해남읍,경상사고,0,0,1,0,차대차 - 측면충돌,교차로운행방법위반,건조,맑음,교차로 - 교차로안,승용,여,22세,경상,승용,남,51세,기타불명
2022071600100503,2022년 7월 16일 21시,토요일,전라남도 여수시 남산동,경상사고,0,0,1,0,차대차 - 측면충돌,안전운전불이행,건조,맑음,단일로 - 기타,승용,남,57세,상해없음,이륜,남,41세,경상
2022071600100504,2022년 7월 16일 21시,토요일,전라남도 순천시 해룡면,중상사고,0,1,1,0,차대차 - 측면충돌,직진우회전진행방해,건조,맑음,교차로 - 교차로안,승용,남,54세,경상,승용,여,44세,중상
2022071600100523,2022년 7월 16일 22시,토요일,전라남도 완도군 신지면,중상사고,0,1,1,0,차량단독 - 기타,안전운전불이행,건조,맑음,단일로 - 기타,사륜오토바이(ATV),남,61세,경상,,,,
2022071700100015,2022년 7월 17일 01시,일요일,전라남도 목포시 대성동,중상사고,0,1,0,0,차대차 - 기타,신호위반,건조,맑음,교차로 - 교차로안,이륜,남,27세,중상,승용,남,68세,상해없음
2022071700100016,2022년 7월 17일 01시,일요일,전라남도 강진군 도암면,중상사고,0,4,2,0,차대차 - 정면충돌,중앙선침범,건조,맑음,단일로 - 기타,화물,남,35세,중상,승용,남,60세,경상
2022071700100041,2022년 7월 17일 03시,일요일,전라남도 여수시 화치동,중상사고,0,1,0,0,차량단독 - 전도전복 - 전도,안전운전불이행,건조,맑음,단일로 - 기타,이륜,남,32세,중상,,,,
2022071700100071,2022년 7월 17일 08시,일요일,전라남도 순천시 조례동,경상사고,0,0,1,0,차량단독 - 기타,안전운전불이행,건조,맑음,단일로 - 기타,승용,남,67세,상해없음,,,,
2022071700100106,2022년 7월 17일 10시,일요일,전라남도 순천시 석현동,부상신고사고,0,0,0,1,차대차 - 측면충돌,기타,건조,맑음,단일로 - 기타,자전거,남,11세,부상신고,승용,여,47세,상해없음
2022071700100151,2022년 7월 17일 12시,일요일,전라남도 담양군 대전면,경상사고,0,0,5,0,차대차 - 측면충돌,직진우회전진행방해,건조,흐림,교차로 - 교차로안,승용,남,50세,경상,승용,여,53세,경상
2022071700100187,2022년 7월 17일 13시,일요일,전라남도 광양시 광양읍,중상사고,0,1,2,0,차대차 - 측면충돌,안전운전불이행,건조,맑음,교차로 - 교차로부근,승용,여,37세,상해없음,승용,남,42세,경상
2022071700100269,2022년 7월 17일 16시,일요일,전라남도 여수시 여천동,경상사고,0,0,1,0,차대차 - 추돌,안전운전불이행,건조,맑음,교차로 - 교차로부근,승용,여,59세,상해없음,승용,여,25세,경상
2022071700100310,2022년 7월 17일 17시,일요일,전라남도 여수시 광무동,경상사고,0,0,1,0,차대차 - 추돌,안전운전불이행,건조,맑음,단일로 - 기타,이륜,남,42세,상해없음,승용,여,63세,경상
2022071700100333,2022년 7월 17일 18시,일요일,전라남도 해남군 해남읍,중상사고,0,1,0,0,차대사람 - 횡단중,보행자보호의무위반,건조,맑음,교차로 - 교차로횡단보도내,승용,남,27세,상해없음,보행자,남,79세,중상
2022071700100389,2022년 7월 17일 20시,일요일,전라남도 영광군 영광읍,중상사고,0,1,0,0,차대사람 - 횡단중,안전운전불이행,젖음/습기,비,단일로 - 기타,승용,남,40세,상해없음,보행자,남,73세,중상
2022071700100433,2022년 7월 17일 22시,일요일,전라남도 광양시 중동,중상사고,0,1,0,0,차대차 - 측면충돌,교차로운행방법위반,젖음/습기,비,교차로 - 교차로안,승용,남,56세,상해없음,이륜,남,28세,중상
2022071800100049,2022년 7월 18일 06시,월요일,전라남도 여수시 해산동,중상사고,0,1,0,0,차량단독 - 공작물충돌,안전운전불이행,젖음/습기,비,단일로 - 기타,화물,남,70세,중상,,,,
2022071800100050,2022년 7월 18일 06시,월요일,전라남도 광양시 마동,경상사고,0,0,1,0,차대차 - 추돌,안전운전불이행,젖음/습기,비,기타 - 기타,승용,남,25세,상해없음,승용,남,46세,경상
2022071800100070,2022년 7월 18일 07시,월요일,전라남도 무안군 무안읍,경상사고,0,0,1,0,차대차 - 기타,신호위반,젖음/습기,비,교차로 - 교차로안,승용,남,36세,상해없음,승용,여,36세,상해없음
2022071800100071,2022년 7월 18일 07시,월요일,전라남도 무안군 청계면,경상사고,0,0,1,0,차대차 - 추돌,안전운전불이행,건조,맑음,단일로 - 기타,화물,남,50세,상해없음,승용,남,44세,경상
2022071800100101,2022년 7월 18일 08시,월요일,전라남도 여수시 중앙동,중상사고,0,1,0,0,차대사람 - 횡단중,신호위반,젖음/습기,비,단일로 - 기타,승용,남,73세,상해없음,보행자,남,16세,중상
2022071800100102,2022년 7월 18일 08시,월요일,전라남도 순천시 조례동,경상사고,0,0,1,0,차대차 - 추돌,안전운전불이행,젖음/습기,비,단일로 - 기타,이륜,남,27세,상해없음,승용,여,52세,경상
2022071800100103,2022년 7월 18일 08시,월요일,전라남도 광양시 옥곡면,경상사고,0,0,1,0,차대차 - 측면충돌,안전운전불이행,젖음/습기,비,교차로 - 교차로부근,승용,여,55세,상해없음,승용,여,48세,경상
2022071800100140,2022년 7월 18일 09시,월요일,전라남도 영암군 삼호읍,경상사고,0,0,2,0,차대차 - 측면충돌,직진우회전진행방해,젖음/습기,비,교차로 - 교차로안,화물,여,63세,경상,승용,여,52세,경상
2022071800100141,2022년 7월 18일 09시,월요일,전라남도 담양군 담양읍,경상사고,0,0,1,0,차대차 - 기타,안전운전불이행,건조,맑음,교차로 - 교차로안,화물,여,60세,상해없음,화물,남,82세,경상
2022071800100176,2022년 7월 18일 10시,월요일,전라남도 장흥군 장동면,경상사고,0,0,2,0,차대차 - 기타,안전운전불이행,젖음/습기,비,단일로 - 기타,승용,남,66세,경상,화물,남,30세,경상
2022071800100177,2022년 7월 18일 10시,월요일,전라남도 장흥군 장흥읍,경상사고,0,0,2,0,차대차 - 정면충돌,중앙선침범,젖음/습기,비,단일로 - 기타,승합,남,49세,경상,승용,여,60세,경상
2022071800100178,2022년 7월 18일 10시,월요일,전라남도 고흥군 도화면,중상사고,0,1,0,0,차대차 - 기타,안전운전불이행,젖음/습기,비,교차로 - 교차로부근,화물,남,45세,상해없음,승용,여,73세,중상
2022071800100208,2022년 7월 18일 11시,월요일,전라남도 순천시 조례동,경상사고,0,0,1,0,차대차 - 측면충돌,안전운전불이행,젖음/습기,비,단일로 - 기타,승용,남,69세,기타불명,승용,여,50세,경상
2022071800100209,2022년 7월 18일 11시,월요일,전라남도 화순군 화순읍,중상사고,0,1,0,0,차대사람 - 횡단중,보행자보호의무위반,젖음/습기,비,교차로 - 교차로안,승용,남,71세,상해없음,보행자,여,69세,중상
2022071800100210,2022년 7월 18일 11시,월요일,전라남도 강진군 강진읍,경상사고,0,0,1,0,차대차 - 측면충돌,직진우회전진행방해,젖음/습기,비,교차로 - 교차로안,승용,남,52세,상해없음,승용,여,25세,경상
2022071800100211,2022년 7월 18일 11시,월요일,전라남도 담양군 담양읍,경상사고,0,0,1,0,차대차 - 기타,안전거리미확보,젖음/습기,비,교차로 - 교차로부근,화물,남,57세,상해없음,승용,남,44세,경상
2022071800100240,2022년 7월 18일 12시,월요일,전라남도 무안군 무안읍,경상사고,0,0,3,0,차대차 - 추돌,안전운전불이행,젖음/습기,맑음,단일로 - 기타,화물,남,50세,기타불명,화물,남,62세,경상
2022071800100281,2022년 7월 18일 13시,월요일,전라남도 순천시 용당동,경상사고,0,0,1,0,차대차 - 측면충돌,안전운전불이행,건조,맑음,교차로 - 교차로안,승용,남,45세,상해없음,이륜,남,30세,경상
2022071800100314,2022년 7월 18일 14시,월요일,전라남도 화순군 한천면,경상사고,0,0,4,0,차대차 - 측면충돌,교차로운행방법위반,젖음/습기,비,교차로 - 교차로안,승용,남,54세,경상,화물,남,25세,경상
2022071800100377,2022년 7월 18일 16시,월요일,전라남도 목포시 옥암동,경상사고,0,0,2,0,차대차 - 측면충돌,신호위반,건조,맑음,교차로 - 교차로안,승용,남,74세,상해없음,승용,여,40세,경상
2022071800100414,2022년 7월 18일 17시,월요일,전라남도 나주시 반남면,경상사고,0,0,3,0,차대차 - 측면충돌,안전운전불이행,건조,맑음,단일로 - 기타,화물,남,55세,경상,승합,남,48세,경상
2022071800100456,2022년 7월 18일 18시,월요일,전라남도 해남군 해남읍,경상사고,0,0,1,0,차대차 - 기타,안전운전불이행,젖음/습기,비,단일로 - 기타,승용,남,46세,상해없음,승용,여,29세,경상
2022071800100485,2022년 7월 18일 19시,월요일,전라남도 여수시 여서동,경상사고,0,0,2,0,차대차 - 추돌,안전운전불이행,젖음/습기,비,교차로 - 교차로안,승용,여,44세,상해없음,승합,남,57세,경상
2022071800100486,2022년 7월 18일 19시,월요일,전라남도 영암군 서호면,경상사고,0,0,1,0,차량단독 - 도로외이탈 - 기타,기타,젖음/습기,흐림,단일로 - 기타,이륜,남,61세,경상,,,,
2022071800100547,2022년 7월 18일 21시,월요일,전라남도 목포시 상동,경상사고,0,0,2,0,차대차 - 측면충돌,신호위반,건조,맑음,교차로 - 교차로안,승용,남,56세,상해없음,승용,남,28세,경상
2022071800100548,2022년 7월 18일 21시,월요일,전라남도 목포시 옥암동,경상사고,0,0,2,0,차대차 - 측면충돌,안전운전불이행,건조,맑음,교차로 - 교차로안,승용,여,56세,상해없음,승용,남,21세,경상
2022071800100549,2022년 7월 18일 21시,월요일,전라남도 영암군 삼호읍,중상사고,0,1,0,0,차대사람 - 횡단중,안전운전불이행,건조,맑음,단일로 - 기타,승용,남,56세,상해없음,보행자,여,41세,중상
2022071800100572,2022년 7월 18일 22시,월요일,전라남도 순천시 조곡동,중상사고,0,1,0,0,차대차 - 측면충돌,안전운전불이행,건조,맑음,교차로 - 교차로부근,승용,남,57세,상해없음,승용,남,70세,중상
2022071900100046,2022년 7월 19일 06시,화요일,전라남도 화순군 화순읍,중상사고,0,1,0,0,차대차 - 추돌,안전운전불이행,건조,맑음,단일로 - 기타,승용,남,63세,상해없음,이륜,남,70세,중상
2022071900100067,2022년 7월 19일 07시,화요일,전라남도 담양군 수북면,경상사고,0,0,2,0,차대차 - 측면충돌,기타,건조,맑음,교차로 - 교차로안,승용,여,49세,경상,화물,남,46세,경상
2022071900100101,2022년 7월 19일 08시,화요일,전라남도 여수시 학동,경상사고,0,0,3,0,차대차 - 측면충돌,교차로운행방법위반,건조,맑음,교차로 - 교차로안,승용,남,70세,상해없음,승합,남,42세,경상
2022071900100102,2022년 7월 19일 08시,화요일,전라남도 여수시 수정동,경상사고,0,0,1,0,차대차 - 후진중충돌,안전운전불이행,건조,맑음,미분류 - 미분류,승용,남,59세,상해없음,승용,남,56세,경상
2022071900100103,2022년 7월 19일 08시,화요일,전라남도 해남군 산이면,중상사고,0,1,0,0,차대차 - 추돌,안전운전불이행,건조,맑음,단일로 - 기타,이륜,남,51세,중상,농기계,남,76세,상해없음
2022071900100169,2022년 7월 19일 10시,화요일,전라남도 고흥군 두원면,중상사고,0,1,1,1,차대차 - 기타,안전운전불이행,건조,맑음,단일로 - 기타,승용,여,18세,부상신고,승용,남,54세,중상
2022071900100194,2022년 7월 19일 11시,화요일,전라남도 순천시 조례동,중상사고,0,1,0,0,차대사람 - 기타,보행자보호의무위반,건조,맑음,교차로 - 교차로횡단보도내,화물,남,64세,상해없음,보행자,여,83세,중상
2022071900100223,2022년 7월 19일 12시,화요일,전라남도 곡성군 옥과면,사망사고,1,0,0,0,차대차 - 추돌,안전운전불이행,건조,맑음,단일로 - 기타,승용,여,45세,상해없음,자전거,남,85세,사망
2022071900100253,2022년 7월 19일 13시,화요일,전라남도 곡성군 겸면,중상사고,0,1,1,0,차대차 - 추돌,안전운전불이행,건조,맑음,단일로 - 기타,화물,남,69세,중상,화물,남,66세,경상
2022071900100254,2022년 7월 19일 13시,화요일,전라남도 광양시 금호동,중상사고,0,1,0,0,차량단독 - 기타,안전운전불이행,건조,맑음,단일로 - 교량,화물,남,39세,중상,,,,
2022071900100318,2022년 7월 19일 15시,화요일,전라남도 신안군 압해읍,경상사고,0,0,2,0,차대차 - 기타,기타,건조,맑음,단일로 - 기타,승용,남,79세,상해없음,승용,남,31세,경상
2022071900100319,2022년 7월 19일 15시,화요일,전라남도 순천시 용당동,경상사고,0,0,1,0,차대차 - 기타,신호위반,건조,맑음,교차로 - 교차로안,승용,남,72세,상해없음,승용,남,40세,경상
2022071900100320,2022년 7월 19일 15시,화요일,전라남도 순천시 덕월동,중상사고,0,1,0,0,차대차 - 기타,안전운전불이행,건조,맑음,주차장 - 주차장,승용,남,32세,상해없음,승용,남,65세,중상
2022071900100348,2022년 7월 19일 16시,화요일,전라남도 순천시 해룡면,경상사고,0,0,2,0,차대차 - 측면충돌,안전운전불이행,건조,맑음,교차로 - 교차로안,승용,남,60세,상해없음,승용,남,51세,경상
2022071900100391,2022년 7월 19일 17시,화요일,전라남도 여수시 학동,경상사고,0,0,1,0,차대차 - 추돌,안전운전불이행,건조,맑음,교차로 - 교차로안,승용,남,34세,상해없음,이륜,남,28세,경상
2022071900100392,2022년 7월 19일 17시,화요일,전라남도 해남군 해남읍,경상사고,0,0,1,0,차대사람 - 횡단중,보행자보호의무위반,건조,맑음,교차로 - 교차로횡단보도내,승용,남,59세,상해없음,보행자,남,8세,경상
2022071900100393,2022년 7월 19일 17시,화요일,전라남도 완도군 고금면,경상사고,0,0,4,0,차대차 - 기타,중앙선침범,건조,맑음,단일로 - 기타,화물,남,30세,상해없음,승용,남,63세,경상
2022071900100435,2022년 7월 19일 18시,화요일,전라남도 여수시 오림동,경상사고,0,0,3,0,차대차 - 추돌,안전운전불이행,건조,맑음,교차로 - 교차로부근,이륜,남,61세,경상,승용,남,45세,경상
2022071900100436,2022년 7월 19일 18시,화요일,전라남도 여수시 돌산읍,경상사고,0,0,1,0,차대차 - 측면충돌,안전운전불이행,건조,맑음,교차로 - 교차로부근,이륜,남,19세,상해없음,승용,남,61세,경상
2022071900100437,2022년 7월 19일 18시,화요일,전라남도 광양시 광양읍,경상사고,0,0,1,0,차대차 - 정면충돌,안전운전불이행,건조,맑음,단일로 - 기타,승용,여,45세,상해없음,자전거,남,9세,경상
2022071900100469,2022년 7월 19일 19시,화요일,전라남도 여수시 돌산읍,중상사고,0,4,1,0,차대차 - 기타,중앙선침범,건조,맑음,단일로 - 기타,승용,여,38세,상해없음,승용,여,40세,경상
2022071900100470,2022년 7월 19일 19시,화요일,전라남도 장흥군 대덕읍,경상사고,0,0,2,0,차대차 - 측면충돌,중앙선침범,건조,맑음,단일로 - 기타,화물,남,76세,경상,화물,남,65세,경상
2022071900100574,2022년 7월 19일 23시,화요일,전라남도 화순군 동면,중상사고,0,1,0,0,차량단독 - 기타,안전운전불이행,건조,맑음,단일로 - 기타,이륜,남,40세,중상,,,,
2022072000100113,2022년 7월 20일 08시,수요일,전라남도 해남군 옥천면,경상사고,0,0,1,0,차대차 - 측면충돌,교차로운행방법위반,건조,맑음,교차로 - 교차로안,승용,남,77세,상해없음,승용,여,62세,경상
2022072000100232,2022년 7월 20일 12시,수요일,전라남도 무안군 현경면,경상사고,0,0,1,0,차대차 - 측면충돌,중앙선침범,건조,맑음,단일로 - 기타,화물,남,71세,상해없음,화물,남,40세,경상
2022072000100261,2022년 7월 20일 13시,수요일,전라남도 목포시 석현동,경상사고,0,0,3,0,차대차 - 추돌,안전거리미확보,건조,맑음,교차로 - 교차로안,승용,여,37세,상해없음,승용,여,39세,경상
2022072000100262,2022년 7월 20일 13시,수요일,전라남도 화순군 능주면,경상사고,0,0,1,0,차대차 - 기타,안전운전불이행,건조,맑음,교차로 - 교차로부근,승용,남,58세,상해없음,이륜,남,80세,경상
2022072000100263,2022년 7월 20일 13시,수요일,전라남도 장성군 남면,중상사고,0,1,2,0,차대차 - 측면충돌,안전운전불이행,건조,맑음,단일로 - 기타,이륜,남,70세,중상,승용,여,64세,경상
2022072000100264,2022년 7월 20일 13시,수요일,전라남도 강진군 도암면,경상사고,0,0,2,0,차대차 - 측면충돌,직진우회전진행방해,건조,맑음,교차로 - 교차로안,승용,여,47세,경상,화물,남,61세,경상
2022072000100299,2022년 7월 20일 14시,수요일,전라남도 여수시 신기동,경상사고,0,0,1,0,차대차 - 측면충돌,안전운전불이행,건조,맑음,교차로 - 교차로안,승용,여,51세,상해없음,승용,남,66세,상해없음
2022072000100300,2022년 7월 20일 14시,수요일,전라남도 장성군 장성읍,중상사고,0,1,0,0,차대사람 - 차도통행중,안전운전불이행,건조,맑음,단일로 - 기타,승용,여,61세,상해없음,보행자,여,60세,중상
2022072000100301,2022년 7월 20일 14시,수요일,전라남도 담양군 대전면,경상사고,0,0,3,0,차대차 - 측면충돌,안전거리미확보,건조,맑음,단일로 - 기타,승용,여,41세,기타불명,승용,남,20세,상해없음
2022072000100374,2022년 7월 20일 16시,수요일,전라남도 장흥군 유치면,중상사고,0,1,0,0,차대사람 - 기타,안전운전불이행,건조,맑음,단일로 - 기타,화물,여,52세,상해없음,보행자,여,35세,중상
2022072000100375,2022년 7월 20일 16시,수요일,전라남도 화순군 사평면,경상사고,0,0,2,0,차대차 - 측면충돌,안전운전불이행,건조,맑음,단일로 - 기타,화물,남,71세,경상,승용,남,52세,경상
2022072000100376,2022년 7월 20일 16시,수요일,전라남도 담양군 대전면,경상사고,0,0,5,0,차대차 - 추돌,안전거리미확보,건조,맑음,단일로 - 기타,승용,남,57세,경상,승용,여,40세,경상
2022072000100419,2022년 7월 20일 17시,수요일,전라남도 목포시 산정동,경상사고,0,0,1,0,차대차 - 기타,안전운전불이행,건조,맑음,단일로 - 기타,기타불명,기타불명,미분류,기타불명,이륜,남,83세,경상
2022072000100420,2022년 7월 20일 17시,수요일,전라남도 목포시 산정동,경상사고,0,0,1,0,차대사람 - 기타,안전운전불이행,젖음/습기,비,단일로 - 기타,승용,여,52세,상해없음,보행자,여,79세,경상
2022072000100421,2022년 7월 20일 17시,수요일,전라남도 목포시 상동,경상사고,0,0,1,0,차대차 - 측면충돌,안전운전불이행,건조,흐림,교차로 - 교차로안,승용,남,29세,상해없음,자전거,남,28세,경상
2022072000100422,2022년 7월 20일 17시,수요일,전라남도 장흥군 안양면,경상사고,0,0,1,0,차대사람 - 기타,안전운전불이행,건조,맑음,단일로 - 기타,화물,남,53세,상해없음,보행자,여,62세,경상
2022072000100423,2022년 7월 20일 17시,수요일,전라남도 영암군 삼호읍,부상신고사고,0,0,0,1,차대차 - 측면충돌,직진우회전진행방해,건조,맑음,교차로 - 교차로안,승용,남,46세,상해없음,이륜,남,32세,부상신고
2022072000100454,2022년 7월 20일 18시,수요일,전라남도 목포시 상동,경상사고,0,0,1,0,차대사람 - 기타,안전운전불이행,건조,맑음,단일로 - 기타,승용,남,67세,상해없음,보행자,남,81세,경상
2022072000100606,2022년 7월 20일 23시,수요일,전라남도 영암군 삼호읍,경상사고,0,0,1,0,차량단독 - 전도전복 - 전도,안전운전불이행,젖음/습기,비,단일로 - 기타,이륜,남,41세,경상,,,,
2022072100100063,2022년 7월 21일 06시,목요일,전라남도 신안군 암태면,경상사고,0,0,1,0,차량단독 - 기타,안전운전불이행,건조,맑음,기타 - 기타,사륜오토바이(ATV),여,81세,경상,,,,
2022072100100141,2022년 7월 21일 09시,목요일,전라남도 여수시 문수동,중상사고,0,1,0,0,차대차 - 측면충돌,신호위반,건조,맑음,교차로 - 교차로부근,자전거,남,75세,중상,승용,여,35세,상해없음
2022072100100166,2022년 7월 21일 10시,목요일,전라남도 나주시 공산면,중상사고,0,1,0,0,차량단독 - 공작물충돌,안전운전불이행,건조,맑음,단일로 - 기타,승용,남,57세,중상,,,,
2022072100100197,2022년 7월 21일 11시,목요일,전라남도 여수시 소라면,경상사고,0,0,5,0,차대차 - 측면충돌,안전운전불이행,건조,맑음,단일로 - 기타,화물,남,62세,상해없음,승용,남,44세,경상
2022072100100225,2022년 7월 21일 12시,목요일,전라남도 보성군 벌교읍,경상사고,0,0,1,0,차대차 - 측면충돌,기타,건조,맑음,교차로 - 교차로부근,이륜,남,18세,경상,승용,여,59세,상해없음
2022072100100255,2022년 7월 21일 13시,목요일,전라남도 목포시 상동,경상사고,0,0,1,0,차대차 - 기타,안전운전불이행,건조,맑음,기타 - 기타,승용,남,82세,상해없음,승용,여,60세,경상