사고번호,사고일시,요일,시군구,사고내용,사망자수,중상자수,경상자수,부상신고자수,사고유형,법규위반,노면상태,기상상태,도로형태,가해운전자 차종,가해운전자 성별,가해운전자 연령,가해운전자 상해정도,피해운전자 차종,피해운전자 성별,피해운전자 연령,피해운전자 상해정도
2022072100100256,2022년 7월 21일 13시,목요일,전라남도 목포시 상동,경상사고,0,0,2,0,차대차 - 측면충돌,교차로운행방법위반,건조,맑음,교차로 - 교차로안,승용,남,40세,경상,승용,남,49세,경상
2022072100100257,2022년 7월 21일 13시,목요일,전라남도 순천시 상사면,경상사고,0,0,4,0,차대차 - 기타,직진우회전진행방해,건조,맑음,교차로 - 교차로안,승용,여,25세,상해없음,승용,여,61세,경상
2022072100100258,2022년 7월 21일 13시,목요일,전라남도 광양시 중동,경상사고,0,0,1,0,차대차 - 정면충돌,중앙선침범,건조,맑음,교차로 - 교차로부근,승용,남,35세,상해없음,이륜,남,53세,경상
2022072100100286,2022년 7월 21일 14시,목요일,전라남도 여수시 율촌면,사망사고,1,0,0,0,차대차 - 측면충돌,안전운전불이행,건조,맑음,교차로 - 교차로부근,이륜,남,73세,사망,화물,남,48세,상해없음
2022072100100287,2022년 7월 21일 14시,목요일,전라남도 순천시 해룡면,경상사고,0,0,1,0,차대차 - 측면충돌,안전운전불이행,건조,맑음,교차로 - 교차로횡단보도내,승용,남,58세,상해없음,자전거,남,9세,경상
2022072100100288,2022년 7월 21일 14시,목요일,전라남도 나주시 빛가람동,중상사고,0,1,0,0,차대사람 - 횡단중,보행자보호의무위반,건조,맑음,교차로 - 교차로안,화물,남,33세,상해없음,보행자,여,58세,중상
2022072100100289,2022년 7월 21일 14시,목요일,전라남도 구례군 구례읍,경상사고,0,0,1,0,차대사람 - 보도통행중,기타,건조,맑음,기타 - 기타,승용,남,49세,상해없음,보행자,남,74세,경상
2022072100100351,2022년 7월 21일 16시,목요일,전라남도 목포시 산정동,경상사고,0,0,1,0,차대차 - 측면충돌,안전운전불이행,건조,맑음,교차로 - 교차로안,승용,여,59세,상해없음,자전거,남,63세,경상
2022072100100352,2022년 7월 21일 16시,목요일,전라남도 목포시 죽교동,경상사고,0,0,1,0,차대차 - 기타,안전거리미확보,건조,맑음,단일로 - 기타,승용,여,44세,상해없음,승용,남,61세,상해없음
2022072100100388,2022년 7월 21일 17시,목요일,전라남도 완도군 금일읍,경상사고,0,0,1,0,차대차 - 기타,안전운전불이행,건조,맑음,교차로 - 교차로부근,화물,남,69세,상해없음,승용,남,25세,경상
2022072100100389,2022년 7월 21일 17시,목요일,전라남도 광양시 중동,경상사고,0,0,1,0,차대차 - 측면충돌,안전운전불이행,건조,맑음,기타 - 기타,자전거,남,10세,경상,승용,여,61세,상해없음
2022072100100430,2022년 7월 21일 18시,목요일,전라남도 나주시 빛가람동,경상사고,0,0,1,0,차대차 - 측면충돌,안전운전불이행,건조,맑음,단일로 - 기타,화물,남,34세,상해없음,이륜,남,42세,경상
2022072100100431,2022년 7월 21일 18시,목요일,전라남도 무안군 삼향읍,경상사고,0,0,1,0,차대차 - 기타,안전운전불이행,건조,맑음,단일로 - 기타,승용,여,61세,상해없음,승용,남,36세,경상
2022072100100512,2022년 7월 21일 21시,목요일,전라남도 여수시 문수동,경상사고,0,0,2,0,차대차 - 측면충돌,신호위반,건조,맑음,교차로 - 교차로안,이륜,남,64세,상해없음,승용,남,44세,경상
2022072100100546,2022년 7월 21일 23시,목요일,전라남도 목포시 상동,경상사고,0,0,1,0,차대차 - 기타,안전운전불이행,건조,맑음,단일로 - 기타,승용,남,60세,상해없음,특수,남,24세,경상
2022072200100013,2022년 7월 22일 00시,금요일,전라남도 완도군 약산면,경상사고,0,0,1,0,차량단독 - 기타,안전운전불이행,건조,맑음,단일로 - 기타,승용,남,54세,경상,,,,
2022072200100059,2022년 7월 22일 06시,금요일,전라남도 담양군 대전면,중상사고,0,1,0,0,차대차 - 추돌,안전운전불이행,건조,맑음,단일로 - 기타,승용,남,60세,상해없음,자전거,남,41세,중상
2022072200100103,2022년 7월 22일 08시,금요일,전라남도 순천시 연향동,경상사고,0,0,1,0,차대차 - 기타,교차로운행방법위반,건조,맑음,교차로 - 교차로안,승용,남,36세,상해없음,승용,여,28세,상해없음
2022072200100104,2022년 7월 22일 08시,금요일,전라남도 순천시 용당동,경상사고,0,0,1,0,차대차 - 측면충돌,직진우회전진행방해,건조,맑음,교차로 - 교차로안,승용,남,29세,상해없음,화물,남,55세,경상
2022072200100105,2022년 7월 22일 08시,금요일,전라남도 순천시 조례동,경상사고,0,0,1,0,차대차 - 기타,안전운전불이행,건조,맑음,교차로 - 교차로부근,승용,남,59세,상해없음,승합,남,59세,상해없음
2022072200100133,2022년 7월 22일 09시,금요일,전라남도 담양군 봉산면,중상사고,0,1,0,0,차대사람 - 기타,안전운전불이행,건조,맑음,교차로 - 교차로안,승용,여,42세,상해없음,보행자,여,75세,중상
2022072200100169,2022년 7월 22일 10시,금요일,전라남도 장흥군 장흥읍,경상사고,0,0,1,0,차량단독 - 공작물충돌,안전운전불이행,건조,맑음,단일로 - 기타,화물,남,80세,경상,,,,
2022072200100170,2022년 7월 22일 10시,금요일,전라남도 영광군 영광읍,부상신고사고,0,0,0,1,차대차 - 측면충돌,직진우회전진행방해,건조,맑음,교차로 - 교차로안,승용,남,57세,상해없음,승용,여,46세,부상신고
2022072200100200,2022년 7월 22일 11시,금요일,전라남도 강진군 성전면,경상사고,0,0,1,0,차대차 - 추돌,안전운전불이행,건조,맑음,단일로 - 기타,승용,여,64세,경상,화물,남,41세,상해없음
2022072200100241,2022년 7월 22일 12시,금요일,전라남도 장흥군 장흥읍,중상사고,0,1,1,0,차대차 - 측면충돌,직진우회전진행방해,건조,맑음,교차로 - 교차로안,화물,남,70세,상해없음,이륜,남,69세,경상
2022072200100284,2022년 7월 22일 13시,금요일,전라남도 장흥군 회진면,부상신고사고,0,0,0,1,차대차 - 정면충돌,중앙선침범,건조,맑음,단일로 - 기타,승용,여,64세,부상신고,화물,남,69세,상해없음
2022072200100315,2022년 7월 22일 14시,금요일,전라남도 목포시 상동,경상사고,0,0,1,0,차대사람 - 횡단중,보행자보호의무위반,건조,맑음,교차로 - 교차로횡단보도내,화물,남,45세,상해없음,보행자,여,6세,경상
2022072200100316,2022년 7월 22일 14시,금요일,전라남도 여수시 신기동,경상사고,0,0,1,0,차대차 - 측면충돌,안전운전불이행,건조,맑음,단일로 - 기타,승용,남,63세,상해없음,승용,남,31세,경상
2022072200100317,2022년 7월 22일 14시,금요일,전라남도 담양군 담양읍,경상사고,0,0,2,0,차대차 - 기타,안전거리미확보,건조,맑음,교차로 - 교차로부근,화물,남,65세,상해없음,승용,남,60세,경상
2022072200100318,2022년 7월 22일 14시,금요일,전라남도 완도군 완도읍,중상사고,0,1,0,0,차대차 - 측면충돌,교차로운행방법위반,건조,맑음,교차로 - 교차로안,승용,남,54세,상해없음,이륜,남,72세,중상
2022072200100382,2022년 7월 22일 16시,금요일,전라남도 여수시 학동,경상사고,0,0,1,0,차대차 - 추돌,안전운전불이행,건조,맑음,교차로 - 교차로부근,승용,여,79세,상해없음,승용,여,46세,경상
2022072200100383,2022년 7월 22일 16시,금요일,전라남도 순천시 해룡면,중상사고,0,1,1,0,차대차 - 측면충돌,중앙선침범,건조,맑음,단일로 - 기타,승용,여,48세,상해없음,승합,남,53세,중상
2022072200100428,2022년 7월 22일 17시,금요일,전라남도 순천시 인제동,경상사고,0,0,3,0,차대차 - 측면충돌,교차로운행방법위반,건조,맑음,교차로 - 교차로안,원동기,여,72세,경상,승용,남,63세,경상
2022072200100429,2022년 7월 22일 17시,금요일,전라남도 영암군 금정면,경상사고,0,0,1,0,차대차 - 측면충돌,안전운전불이행,건조,맑음,교차로 - 교차로안,화물,남,62세,상해없음,승용,여,47세,경상
2022072200100430,2022년 7월 22일 17시,금요일,전라남도 장성군 장성읍,중상사고,0,1,0,0,차량단독 - 전도전복 - 전도,안전운전불이행,건조,맑음,단일로 - 교량,자전거,여,71세,중상,,,,
2022072200100431,2022년 7월 22일 17시,금요일,전라남도 광양시 중동,경상사고,0,0,1,0,차대차 - 기타,안전운전불이행,건조,맑음,주차장 - 주차장,승용,남,63세,상해없음,승용,남,51세,경상
2022072200100467,2022년 7월 22일 18시,금요일,전라남도 목포시 달동,경상사고,0,0,2,0,차대차 - 정면충돌,중앙선침범,건조,맑음,교차로 - 교차로부근,승용,남,18세,상해없음,승용,남,27세,경상
2022072200100468,2022년 7월 22일 18시,금요일,전라남도 여수시 둔덕동,경상사고,0,0,1,0,차대차 - 기타,안전운전불이행,건조,맑음,교차로 - 교차로부근,승용,남,23세,상해없음,이륜,남,30세,경상
2022072200100506,2022년 7월 22일 19시,금요일,전라남도 여수시 선원동,경상사고,0,0,2,0,차대차 - 측면충돌,교차로운행방법위반,건조,맑음,교차로 - 교차로부근,승용,남,69세,상해없음,승용,남,62세,경상
2022072200100534,2022년 7월 22일 20시,금요일,전라남도 장흥군 안양면,경상사고,0,0,3,0,차대차 - 추돌,안전운전불이행,건조,맑음,교차로 - 교차로부근,승용,여,39세,상해없음,승용,남,59세,경상
2022072200100535,2022년 7월 22일 20시,금요일,전라남도 해남군 해남읍,중상사고,0,1,1,0,차대차 - 측면충돌,기타,건조,맑음,교차로 - 교차로안,승용,남,58세,경상,승용,여,20세,기타불명
2022072200100561,2022년 7월 22일 21시,금요일,전라남도 여수시 봉강동,경상사고,0,0,1,0,차대차 - 추돌,신호위반,건조,맑음,단일로 - 기타,이륜,남,18세,상해없음,자전거,남,37세,경상
2022072200100562,2022년 7월 22일 21시,금요일,전라남도 함평군 월야면,경상사고,0,0,2,0,차대차 - 측면충돌,교차로운행방법위반,건조,맑음,교차로 - 교차로안,화물,남,51세,상해없음,승용,남,54세,경상
2022072200100563,2022년 7월 22일 21시,금요일,전라남도 무안군 청계면,경상사고,0,0,2,0,차대차 - 정면충돌,신호위반,건조,맑음,교차로 - 교차로안,승용,남,43세,상해없음,승용,남,58세,경상
2022072200100586,2022년 7월 22일 22시,금요일,전라남도 나주시 남평읍,중상사고,0,1,2,0,차대차 - 측면충돌,안전운전불이행,건조,맑음,교차로 - 교차로안,승용,남,44세,중상,승용,남,55세,경상
2022072300100022,2022년 7월 23일 01시,토요일,전라남도 여수시 문수동,중상사고,0,1,0,0,차대사람 - 기타,안전운전불이행,건조,맑음,주차장 - 주차장,승용,남,49세,상해없음,보행자,남,53세,중상
2022072300100031,2022년 7월 23일 02시,토요일,전라남도 광양시 중동,경상사고,0,0,1,0,차대사람 - 기타,안전운전불이행,건조,맑음,단일로 - 기타,승용,남,31세,상해없음,보행자,남,24세,경상
2022072300100045,2022년 7월 23일 05시,토요일,전라남도 무안군 삼향읍,경상사고,0,0,1,0,차대차 - 측면충돌,안전운전불이행,건조,맑음,교차로 - 교차로안,승용,남,36세,상해없음,승용,남,30세,상해없음
2022072300100083,2022년 7월 23일 08시,토요일,전라남도 영광군 영광읍,부상신고사고,0,0,0,1,차대차 - 측면충돌,신호위반,건조,맑음,교차로 - 교차로안,이륜,남,79세,부상신고,승용,여,41세,상해없음
2022072300100124,2022년 7월 23일 10시,토요일,전라남도 순천시 조곡동,경상사고,0,0,1,0,차대차 - 측면충돌,기타,건조,맑음,교차로 - 교차로안,화물,여,71세,상해없음,승용,남,26세,경상
2022072300100125,2022년 7월 23일 10시,토요일,전라남도 해남군 해남읍,경상사고,0,0,1,0,차대차 - 측면충돌,직진우회전진행방해,건조,맑음,교차로 - 교차로안,화물,남,58세,상해없음,이륜,남,48세,경상
2022072300100126,2022년 7월 23일 10시,토요일,전라남도 영암군 삼호읍,중상사고,0,1,0,0,차대차 - 측면충돌,교차로운행방법위반,건조,맑음,교차로 - 교차로안,승용,여,46세,상해없음,이륜,남,42세,중상
2022072300100166,2022년 7월 23일 11시,토요일,전라남도 여수시 종화동,경상사고,0,0,4,0,차대차 - 추돌,안전운전불이행,건조,맑음,단일로 - 기타,승용,여,38세,상해없음,승용,남,47세,경상
2022072300100167,2022년 7월 23일 11시,토요일,전라남도 장흥군 장흥읍,경상사고,0,0,3,0,차대차 - 측면충돌,안전운전불이행,기타,흐림,단일로 - 기타,승용,여,42세,경상,승용,여,63세,경상
2022072300100202,2022년 7월 23일 12시,토요일,전라남도 목포시 산정동,경상사고,0,0,1,0,차대차 - 측면충돌,안전운전불이행,건조,맑음,교차로 - 교차로부근,승용,남,77세,상해없음,승용,여,64세,경상
2022072300100203,2022년 7월 23일 12시,토요일,전라남도 장흥군 관산읍,경상사고,0,0,1,0,차대사람 - 기타,안전운전불이행,기타,흐림,단일로 - 기타,승용,여,60세,상해없음,보행자,여,51세,경상
2022072300100204,2022년 7월 23일 12시,토요일,전라남도 무안군 일로읍,경상사고,0,0,1,0,차대차 - 추돌,안전거리미확보,건조,맑음,단일로 - 기타,승용,남,29세,상해없음,승용,여,39세,상해없음
2022072300100240,2022년 7월 23일 13시,토요일,전라남도 신안군 압해읍,경상사고,0,0,4,1,차대차 - 측면충돌,안전운전불이행,건조,맑음,단일로 - 기타,승용,남,65세,상해없음,승용,남,45세,부상신고
2022072300100241,2022년 7월 23일 13시,토요일,전라남도 순천시 조례동,중상사고,0,1,0,0,차대차 - 측면충돌,안전운전불이행,건조,맑음,교차로 - 교차로안,승용,여,28세,상해없음,이륜,남,23세,중상
2022072300100242,2022년 7월 23일 13시,토요일,전라남도 영암군 삼호읍,경상사고,0,0,1,0,차대차 - 추돌,안전운전불이행,건조,맑음,교차로 - 교차로부근,승용,남,29세,상해없음,승용,여,49세,경상
2022072300100302,2022년 7월 23일 15시,토요일,전라남도 무안군 일로읍,경상사고,0,0,1,0,차대사람 - 보도통행중,기타,건조,맑음,기타 - 기타,개인형이동수단(PM),여,14세,상해없음,보행자,여,40세,경상
2022072300100358,2022년 7월 23일 17시,토요일,전라남도 여수시 소호동,중상사고,0,1,0,0,차대차 - 기타,기타,건조,맑음,단일로 - 기타,승용,남,66세,상해없음,이륜,남,55세,중상
2022072300100359,2022년 7월 23일 17시,토요일,전라남도 순천시 황전면,경상사고,0,0,2,0,차대차 - 기타,안전운전불이행,건조,맑음,단일로 - 기타,화물,남,74세,상해없음,승용,남,56세,경상
2022072300100360,2022년 7월 23일 17시,토요일,전라남도 함평군 대동면,경상사고,0,0,1,0,차대차 - 측면충돌,안전운전불이행,건조,맑음,단일로 - 기타,이륜,남,79세,경상,승용,남,73세,상해없음
2022072300100384,2022년 7월 23일 18시,토요일,전라남도 여수시 신기동,경상사고,0,0,1,0,차대차 - 측면충돌,안전운전불이행,건조,맑음,교차로 - 교차로부근,화물,남,49세,상해없음,승용,남,34세,경상
2022072300100385,2022년 7월 23일 18시,토요일,전라남도 해남군 문내면,부상신고사고,0,0,0,1,차량단독 - 기타,안전운전불이행,건조,맑음,단일로 - 기타,원동기,남,58세,부상신고,,,,
2022072300100407,2022년 7월 23일 19시,토요일,전라남도 장흥군 장흥읍,중상사고,0,1,0,0,차대사람 - 보도통행중,기타,젖음/습기,비,기타 - 기타,승용,남,43세,상해없음,보행자,남,45세,중상
2022072300100476,2022년 7월 23일 21시,토요일,전라남도 목포시 석현동,경상사고,0,0,1,0,차대사람 - 기타,안전운전불이행,젖음/습기,비,교차로 - 교차로횡단보도내,승용,남,53세,상해없음,보행자,여,20세,경상
2022072300100514,2022년 7월 23일 22시,토요일,전라남도 여수시 학동,경상사고,0,0,1,0,차대차 - 측면충돌,안전운전불이행,젖음/습기,흐림,단일로 - 기타,승용,여,56세,상해없음,원동기,남,24세,경상
2022072300100546,2022년 7월 23일 23시,토요일,전라남도 여수시 문수동,경상사고,0,0,1,0,차대사람 - 차도통행중,안전운전불이행,건조,맑음,교차로 - 교차로부근,승용,남,64세,상해없음,보행자,남,43세,경상
2022072400100012,2022년 7월 24일 00시,일요일,전라남도 완도군 노화읍,중상사고,0,1,1,0,차량단독 - 공작물충돌,안전운전불이행,젖음/습기,비,교차로 - 교차로안,승용,여,56세,경상,,,,
2022072400100024,2022년 7월 24일 01시,일요일,전라남도 순천시 연향동,중상사고,0,1,1,0,차대차 - 측면충돌,교차로운행방법위반,젖음/습기,비,교차로 - 교차로안,승용,남,39세,상해없음,승용,남,59세,중상
2022072400100034,2022년 7월 24일 02시,일요일,전라남도 영암군 삼호읍,중상사고,0,1,0,0,차량단독 - 전도전복 - 전도,안전운전불이행,젖음/습기,비,단일로 - 기타,원동기,남,27세,중상,,,,
2022072400100064,2022년 7월 24일 06시,일요일,전라남도 여수시 웅천동,중상사고,0,2,0,0,차대차 - 기타,중앙선침범,젖음/습기,흐림,기타 - 기타,화물,남,23세,상해없음,화물,남,54세,중상
2022072400100073,2022년 7월 24일 08시,일요일,전라남도 장흥군 장흥읍,중상사고,0,1,0,0,차대차 - 측면충돌,기타,젖음/습기,비,단일로 - 기타,이륜,여,60세,중상,승용,남,57세,상해없음
2022072400100126,2022년 7월 24일 12시,일요일,전라남도 여수시 여서동,경상사고,0,0,3,0,차대차 - 후진중충돌,안전운전불이행,건조,맑음,교차로 - 교차로부근,승용,남,45세,상해없음,승용,남,48세,경상
2022072400100208,2022년 7월 24일 15시,일요일,전라남도 목포시 서산동,경상사고,0,0,1,0,차대사람 - 기타,안전운전불이행,건조,맑음,단일로 - 기타,승용,남,45세,상해없음,보행자,여,79세,경상
2022072400100237,2022년 7월 24일 16시,일요일,전라남도 목포시 상락동2가,경상사고,0,0,1,0,차대차 - 기타,안전운전불이행,건조,맑음,단일로 - 기타,승용,남,34세,상해없음,승용,남,54세,경상
2022072400100238,2022년 7월 24일 16시,일요일,전라남도 고흥군 점암면,경상사고,0,0,1,0,차대차 - 기타,기타,건조,맑음,교차로 - 교차로안,승용,남,64세,상해없음,승용,남,52세,경상
2022072400100263,2022년 7월 24일 17시,일요일,전라남도 보성군 보성읍,경상사고,0,0,1,0,철길건널목 - 철길건널목,안전운전불이행,건조,맑음,단일로 - 철길건널목,화물,여,65세,경상,기타불명,남,45세,상해없음
2022072400100291,2022년 7월 24일 18시,일요일,전라남도 목포시 산정동,경상사고,0,0,1,0,차대사람 - 기타,안전운전불이행,건조,맑음,기타 - 기타,개인형이동수단(PM),남,11세,상해없음,보행자,남,27세,경상
2022072400100292,2022년 7월 24일 18시,일요일,전라남도 함평군 해보면,경상사고,0,0,2,0,차대차 - 측면충돌,기타,건조,맑음,교차로 - 교차로안,승용,남,47세,경상,승용,여,53세,경상
2022072400100312,2022년 7월 24일 19시,일요일,전라남도 여수시 신기동,경상사고,0,0,1,0,차대차 - 측면충돌,안전거리미확보,건조,맑음,단일로 - 기타,승용,남,50세,상해없음,승용,남,33세,경상
2022072400100313,2022년 7월 24일 19시,일요일,전라남도 순천시 조례동,경상사고,0,0,1,0,차대차 - 측면충돌,신호위반,건조,맑음,교차로 - 교차로안,승용,남,57세,상해없음,승용,남,28세,경상
2022072400100371,2022년 7월 24일 21시,일요일,전라남도 순천시 연향동,경상사고,0,0,2,0,차대차 - 추돌,안전운전불이행,건조,맑음,단일로 - 기타,승용,남,21세,상해없음,승용,남,43세,경상
2022072400100372,2022년 7월 24일 21시,일요일,전라남도 순천시 조례동,중상사고,0,1,0,0,차대차 - 측면충돌,불법유턴,건조,맑음,단일로 - 기타,승용,여,55세,상해없음,이륜,남,44세,중상
2022072400100373,2022년 7월 24일 21시,일요일,전라남도 강진군 강진읍,경상사고,0,0,1,0,차대차 - 측면충돌,직진우회전진행방해,건조,맑음,교차로 - 교차로안,이륜,남,19세,경상,화물,남,58세,상해없음
2022072400100374,2022년 7월 24일 21시,일요일,전라남도 진도군 조도면,사망사고,1,0,0,0,차대사람 - 차도통행중,안전운전불이행,건조,맑음,단일로 - 지하차도(도로)내,승용,남,46세,상해없음,보행자,남,71세,사망
2022072500100032,2022년 7월 25일 05시,월요일,전라남도 담양군 담양읍,경상사고,0,0,1,0,차대차 - 측면충돌,기타,건조,맑음,교차로 - 교차로안,승용,남,22세,상해없음,승용,남,29세,경상
2022072500100137,2022년 7월 25일 09시,월요일,전라남도 목포시 호남동,중상사고,0,1,0,0,차대차 - 정면충돌,안전운전불이행,건조,맑음,기타 - 기타,자전거,남,67세,중상,승용,여,53세,상해없음
2022072500100138,2022년 7월 25일 09시,월요일,전라남도 여수시 화장동,부상신고사고,0,0,0,1,차대차 - 측면충돌,신호위반,건조,맑음,교차로 - 교차로안,자전거,남,21세,부상신고,승용,남,57세,상해없음
2022072500100140,2022년 7월 25일 09시,월요일,전라남도 영암군 시종면,경상사고,0,0,1,0,차대차 - 측면충돌,직진우회전진행방해,건조,맑음,교차로 - 교차로안,승용,여,60세,상해없음,화물,남,60세,경상
2022072500100213,2022년 7월 25일 11시,월요일,전라남도 목포시 연산동,경상사고,0,0,1,0,차대차 - 기타,안전운전불이행,건조,맑음,단일로 - 기타,승용,여,45세,상해없음,자전거,남,63세,경상
2022072500100214,2022년 7월 25일 11시,월요일,전라남도 여수시 소라면,경상사고,0,0,5,0,차대차 - 기타,안전운전불이행,건조,맑음,단일로 - 기타,특수,남,51세,상해없음,승용,남,48세,경상
2022072500100256,2022년 7월 25일 12시,월요일,전라남도 광양시 광양읍,경상사고,0,0,1,0,차대차 - 기타,안전운전불이행,건조,맑음,단일로 - 기타,승용,여,47세,상해없음,화물,남,60세,경상
2022072500100281,2022년 7월 25일 13시,월요일,전라남도 순천시 용당동,경상사고,0,0,1,0,차대사람 - 기타,안전운전불이행,건조,맑음,주차장 - 주차장,화물,남,26세,상해없음,보행자,여,59세,경상
2022072500100282,2022년 7월 25일 13시,월요일,전라남도 영암군 삼호읍,경상사고,0,0,1,0,차대차 - 측면충돌,안전거리미확보,건조,맑음,단일로 - 기타,건설기계,남,37세,상해없음,승용,남,71세,경상
2022072500100306,2022년 7월 25일 14시,월요일,전라남도 여수시 학동,경상사고,0,0,2,0,차대차 - 기타,안전운전불이행,건조,맑음,단일로 - 기타,승용,여,62세,상해없음,승용,여,45세,경상
2022072500100344,2022년 7월 25일 15시,월요일,전라남도 여수시 웅천동,중상사고,0,1,0,0,차대차 - 측면충돌,안전운전불이행,건조,맑음,단일로 - 기타,승용,여,54세,상해없음,이륜,남,27세,중상
2022072500100345,2022년 7월 25일 15시,월요일,전라남도 고흥군 고흥읍,부상신고사고,0,0,0,1,차량단독 - 기타,안전운전불이행,건조,맑음,단일로 - 기타,자전거,남,10세,부상신고,,,,
2022072500100346,2022년 7월 25일 15시,월요일,전라남도 영암군 삼호읍,경상사고,0,0,4,0,차대차 - 측면충돌,교차로운행방법위반,건조,맑음,교차로 - 교차로안,승용,여,60세,경상,승용,남,37세,경상
2022072500100388,2022년 7월 25일 16시,월요일,전라남도 목포시 석현동,경상사고,0,0,1,0,차대차 - 측면충돌,신호위반,젖음/습기,맑음,교차로 - 교차로안,화물,남,61세,상해없음,승용,남,39세,경상
2022072500100389,2022년 7월 25일 16시,월요일,전라남도 목포시 상동,경상사고,0,0,1,0,차대차 - 측면충돌,안전운전불이행,건조,맑음,교차로 - 교차로부근,승용,남,66세,상해없음,자전거,남,79세,경상
2022072500100390,2022년 7월 25일 16시,월요일,전라남도 순천시 별량면,경상사고,0,0,2,0,차대차 - 측면충돌,중앙선침범,건조,맑음,교차로 - 교차로안,건설기계,남,62세,경상,화물,남,58세,경상
2022072500100391,2022년 7월 25일 16시,월요일,전라남도 고흥군 봉래면,중상사고,0,1,0,1,차량단독 - 기타,안전운전불이행,건조,맑음,단일로 - 기타,사륜오토바이(ATV),여,82세,부상신고,,,,
2022072500100432,2022년 7월 25일 17시,월요일,전라남도 여수시 신월동,중상사고,0,1,0,0,차대사람 - 기타,안전운전불이행,건조,맑음,주차장 - 주차장,승용,여,36세,상해없음,보행자,여,11세,중상
2022072500100433,2022년 7월 25일 17시,월요일,전라남도 완도군 금일읍,중상사고,0,1,0,0,차대사람 - 길가장자리구역통행중,안전운전불이행,건조,맑음,단일로 - 기타,승용,남,84세,상해없음,보행자,여,73세,중상
2022072500100478,2022년 7월 25일 18시,월요일,전라남도 여수시 신기동,중상사고,0,1,0,0,차대차 - 정면충돌,교차로운행방법위반,건조,맑음,교차로 - 교차로안,승용,여,53세,상해없음,이륜,남,48세,중상
2022072500100479,2022년 7월 25일 18시,월요일,전라남도 여수시 학동,경상사고,0,0,1,0,차대차 - 추돌,안전운전불이행,건조,맑음,교차로 - 교차로횡단보도내,승용,남,39세,상해없음,승용,여,38세,경상
2022072500100480,2022년 7월 25일 18시,월요일,전라남도 순천시 연향동,경상사고,0,0,1,0,차대차 - 측면충돌,직진우회전진행방해,건조,맑음,교차로 - 교차로안,승용,여,31세,상해없음,승용,남,25세,경상
2022072500100481,2022년 7월 25일 18시,월요일,전라남도 무안군 삼향읍,경상사고,0,0,1,0,차대사람 - 기타,안전운전불이행,건조,맑음,단일로 - 기타,승용,여,53세,상해없음,보행자,남,13세,경상
2022072500100514,2022년 7월 25일 19시,월요일,전라남도 담양군 담양읍,중상사고,0,1,1,0,차대차 - 측면충돌,기타,건조,맑음,교차로 - 교차로안,이륜,남,45세,중상,승용,여,41세,경상
2022072500100545,2022년 7월 25일 20시,월요일,전라남도 광양시 중동,경상사고,0,0,1,0,차대사람 - 횡단중,안전운전불이행,건조,맑음,단일로 - 기타,원동기,남,53세,상해없음,보행자,남,3세,경상
2022072500100570,2022년 7월 25일 21시,월요일,전라남도 여수시 소호동,경상사고,0,0,2,0,차대차 - 측면충돌,안전거리미확보,건조,맑음,단일로 - 기타,승용,남,56세,상해없음,승용,여,58세,경상
2022072500100597,2022년 7월 25일 23시,월요일,전라남도 해남군 화산면,중상사고,0,1,0,0,차대사람 - 기타,안전운전불이행,건조,맑음,단일로 - 기타,화물,남,77세,상해없음,보행자,남,16세,중상
2022072500100598,2022년 7월 25일 23시,월요일,전라남도 보성군 벌교읍,경상사고,0,0,1,0,차량단독 - 공작물충돌,안전운전불이행,건조,맑음,단일로 - 기타,승용,남,70세,경상,,,,
2022072600100052,2022년 7월 26일 06시,화요일,전라남도 목포시 옥암동,경상사고,0,0,1,0,차대차 - 기타,안전운전불이행,건조,맑음,교차로 - 교차로부근,승용,여,60세,상해없음,승합,남,61세,경상
2022072600100053,2022년 7월 26일 06시,화요일,전라남도 무안군 현경면,경상사고,0,0,1,0,차대차 - 측면충돌,안전운전불이행,건조,맑음,교차로 - 교차로안,화물,남,68세,상해없음,승용,여,72세,경상
2022072600100072,2022년 7월 26일 07시,화요일,전라남도 순천시 연향동,중상사고,0,1,0,0,차대사람 - 차도통행중,안전운전불이행,건조,맑음,교차로 - 교차로안,승용,여,65세,상해없음,보행자,남,51세,중상
2022072600100096,2022년 7월 26일 08시,화요일,전라남도 목포시 산정동,경상사고,0,0,1,0,차대차 - 추돌,신호위반,건조,맑음,교차로 - 교차로안,화물,남,46세,상해없음,승용,남,70세,경상
2022072600100097,2022년 7월 26일 08시,화요일,전라남도 화순군 화순읍,경상사고,0,0,2,0,차대차 - 정면충돌,교차로운행방법위반,건조,맑음,교차로 - 교차로안,화물,남,78세,경상,승용,여,63세,경상
2022072600100165,2022년 7월 26일 10시,화요일,전라남도 장흥군 안양면,중상사고,0,1,2,0,차대차 - 추돌,안전운전불이행,건조,맑음,단일로 - 기타,건설기계,남,61세,경상,승용,남,62세,중상
2022072600100166,2022년 7월 26일 10시,화요일,전라남도 광양시 광양읍,중상사고,0,1,2,0,차대차 - 추돌,안전운전불이행,건조,맑음,교차로 - 교차로부근,이륜,남,69세,중상,승용,남,64세,경상
2022072600100217,2022년 7월 26일 11시,화요일,전라남도 고흥군 도화면,중상사고,0,1,0,0,차대사람 - 기타,안전운전불이행,건조,맑음,단일로 - 기타,승용,남,73세,상해없음,보행자,여,79세,중상