사고번호,사고일시,요일,시군구,사고내용,사망자수,중상자수,경상자수,부상신고자수,사고유형,법규위반,노면상태,기상상태,도로형태,가해운전자 차종,가해운전자 성별,가해운전자 연령,가해운전자 상해정도,피해운전자 차종,피해운전자 성별,피해운전자 연령,피해운전자 상해정도
2022072600100218,2022년 7월 26일 11시,화요일,전라남도 해남군 현산면,중상사고,0,1,0,0,차대차 - 추돌,안전운전불이행,건조,맑음,단일로 - 기타,승용,남,36세,상해없음,농기계,남,67세,중상
2022072600100219,2022년 7월 26일 11시,화요일,전라남도 완도군 신지면,경상사고,0,0,3,0,차대차 - 기타,안전운전불이행,건조,맑음,교차로 - 교차로안,승용,남,43세,경상,승용,남,61세,경상
2022072600100245,2022년 7월 26일 12시,화요일,전라남도 여수시 율촌면,중상사고,0,2,2,0,차대차 - 추돌,안전운전불이행,건조,맑음,단일로 - 기타,승용,남,24세,경상,화물,남,45세,상해없음
2022072600100275,2022년 7월 26일 13시,화요일,전라남도 목포시 금화동,경상사고,0,0,1,0,차대사람 - 횡단중,보행자보호의무위반,건조,맑음,교차로 - 교차로횡단보도내,승용,남,44세,상해없음,보행자,여,61세,경상
2022072600100276,2022년 7월 26일 13시,화요일,전라남도 장성군 삼계면,중상사고,0,1,0,0,차대차 - 측면충돌,신호위반,건조,맑음,교차로 - 교차로안,승용,여,73세,기타불명,승용,남,58세,중상
2022072600100323,2022년 7월 26일 14시,화요일,전라남도 순천시 조례동,경상사고,0,0,1,0,차대사람 - 횡단중,신호위반,건조,맑음,교차로 - 교차로횡단보도내,승용,여,48세,상해없음,보행자,여,61세,경상
2022072600100324,2022년 7월 26일 14시,화요일,전라남도 순천시 조례동,경상사고,0,0,2,0,차대차 - 측면충돌,직진우회전진행방해,건조,맑음,교차로 - 교차로안,승용,남,58세,경상,승용,여,48세,경상
2022072600100325,2022년 7월 26일 14시,화요일,전라남도 장흥군 장흥읍,경상사고,0,0,2,0,차대차 - 후진중충돌,안전운전불이행,건조,맑음,교차로 - 교차로부근,화물,남,70세,상해없음,승용,여,48세,경상
2022072600100326,2022년 7월 26일 14시,화요일,전라남도 함평군 대동면,경상사고,0,0,3,0,차대차 - 측면충돌,안전운전불이행,건조,맑음,교차로 - 교차로안,이륜,남,86세,경상,화물,남,64세,경상
2022072600100371,2022년 7월 26일 15시,화요일,전라남도 목포시 죽교동,중상사고,0,1,1,0,차대차 - 측면충돌,안전운전불이행,건조,맑음,단일로 - 기타,이륜,남,36세,중상,승용,여,49세,경상
2022072600100372,2022년 7월 26일 15시,화요일,전라남도 여수시 신기동,경상사고,0,0,1,0,차대차 - 후진중충돌,안전운전불이행,건조,맑음,교차로 - 교차로부근,승용,남,52세,상해없음,이륜,남,21세,경상
2022072600100373,2022년 7월 26일 15시,화요일,전라남도 장성군 남면,중상사고,0,1,0,0,차대차 - 측면충돌,안전운전불이행,건조,맑음,단일로 - 기타,이륜,남,80세,중상,승용,여,67세,상해없음
2022072600100413,2022년 7월 26일 16시,화요일,전라남도 광양시 중동,경상사고,0,0,1,0,차대사람 - 횡단중,보행자보호의무위반,건조,맑음,교차로 - 교차로횡단보도내,승용,여,32세,상해없음,보행자,남,42세,경상
2022072600100450,2022년 7월 26일 17시,화요일,전라남도 목포시 용해동,경상사고,0,0,1,0,차대사람 - 기타,안전운전불이행,건조,맑음,단일로 - 기타,승용,남,49세,기타불명,보행자,남,60세,경상
2022072600100451,2022년 7월 26일 17시,화요일,전라남도 신안군 압해읍,경상사고,0,0,1,0,차대차 - 기타,안전운전불이행,건조,맑음,교차로 - 교차로부근,승용,남,55세,상해없음,승용,남,47세,경상
2022072600100452,2022년 7월 26일 17시,화요일,전라남도 여수시 주삼동,경상사고,0,0,1,0,차대차 - 추돌,안전운전불이행,건조,맑음,단일로 - 기타,승용,남,54세,상해없음,승용,남,31세,경상
2022072600100453,2022년 7월 26일 17시,화요일,전라남도 해남군 현산면,경상사고,0,0,1,0,차대사람 - 길가장자리구역통행중,안전운전불이행,건조,맑음,단일로 - 기타,화물,남,68세,상해없음,보행자,여,82세,경상
2022072600100488,2022년 7월 26일 18시,화요일,전라남도 목포시 산정동,경상사고,0,0,1,0,차대사람 - 기타,안전운전불이행,건조,맑음,단일로 - 기타,이륜,남,44세,기타불명,보행자,여,35세,경상
2022072600100489,2022년 7월 26일 18시,화요일,전라남도 순천시 덕암동,경상사고,0,0,1,0,차대차 - 측면충돌,직진우회전진행방해,건조,맑음,교차로 - 교차로안,승용,남,25세,상해없음,승용,여,51세,경상
2022072600100524,2022년 7월 26일 19시,화요일,전라남도 영암군 영암읍,경상사고,0,0,2,0,차대차 - 추돌,안전거리미확보,건조,맑음,교차로 - 교차로부근,화물,여,63세,경상,화물,남,52세,경상
2022072600100547,2022년 7월 26일 20시,화요일,전라남도 해남군 해남읍,경상사고,0,0,1,0,차대사람 - 횡단중,안전운전불이행,건조,맑음,단일로 - 기타,승용,남,48세,상해없음,보행자,여,82세,경상
2022072700100049,2022년 7월 27일 07시,수요일,전라남도 광양시 진월면,경상사고,0,0,1,0,차대차 - 측면충돌,안전운전불이행,건조,맑음,단일로 - 기타,승용,여,57세,경상,건설기계,남,66세,상해없음
2022072700100082,2022년 7월 27일 08시,수요일,전라남도 목포시 죽교동,경상사고,0,0,1,0,차대차 - 측면충돌,기타,건조,맑음,단일로 - 기타,승용,남,31세,상해없음,승용,남,58세,경상
2022072700100083,2022년 7월 27일 08시,수요일,전라남도 강진군 강진읍,경상사고,0,0,1,0,차대차 - 추돌,안전운전불이행,건조,맑음,단일로 - 기타,승용,남,38세,상해없음,승용,여,33세,상해없음
2022072700100084,2022년 7월 27일 08시,수요일,전라남도 강진군 강진읍,경상사고,0,0,4,0,차대차 - 기타,직진우회전진행방해,건조,맑음,교차로 - 교차로부근,승용,남,45세,상해없음,승용,남,52세,경상
2022072700100120,2022년 7월 27일 09시,수요일,전라남도 신안군 암태면,중상사고,0,1,0,0,차대사람 - 차도통행중,안전운전불이행,건조,맑음,교차로 - 교차로안,화물,남,68세,상해없음,보행자,여,78세,중상
2022072700100121,2022년 7월 27일 09시,수요일,전라남도 순천시 연향동,경상사고,0,0,1,0,차대차 - 기타,안전운전불이행,건조,맑음,교차로 - 교차로부근,승용,남,63세,상해없음,화물,남,31세,경상
2022072700100122,2022년 7월 27일 09시,수요일,전라남도 장흥군 장흥읍,경상사고,0,0,1,0,차대차 - 기타,안전운전불이행,건조,맑음,교차로 - 교차로안,승용,남,74세,상해없음,자전거,여,71세,경상
2022072700100123,2022년 7월 27일 09시,수요일,전라남도 해남군 해남읍,경상사고,0,0,2,0,차대차 - 측면충돌,신호위반,건조,맑음,교차로 - 교차로안,건설기계,남,55세,상해없음,승용,남,84세,경상
2022072700100124,2022년 7월 27일 09시,수요일,전라남도 구례군 마산면,경상사고,0,0,1,0,차대차 - 기타,안전운전불이행,건조,맑음,단일로 - 기타,승용,남,63세,상해없음,자전거,남,60세,경상
2022072700100157,2022년 7월 27일 10시,수요일,전라남도 장흥군 관산읍,중상사고,0,1,1,0,차대차 - 측면충돌,안전운전불이행,건조,맑음,교차로 - 교차로안,화물,남,68세,상해없음,승합,여,59세,경상
2022072700100158,2022년 7월 27일 10시,수요일,전라남도 무안군 삼향읍,중상사고,0,3,3,0,차대차 - 측면충돌,중앙선침범,건조,맑음,단일로 - 기타,화물,남,79세,상해없음,승용,남,52세,상해없음
2022072700100182,2022년 7월 27일 11시,수요일,전라남도 여수시 봉산동,경상사고,0,0,1,0,차대사람 - 횡단중,안전운전불이행,건조,맑음,교차로 - 교차로부근,승용,남,70세,상해없음,보행자,남,20세,경상
2022072700100183,2022년 7월 27일 11시,수요일,전라남도 여수시 해산동,경상사고,0,0,2,0,차대차 - 추돌,안전운전불이행,건조,맑음,단일로 - 기타,특수,남,35세,상해없음,승용,여,55세,경상
2022072700100184,2022년 7월 27일 11시,수요일,전라남도 영암군 삼호읍,경상사고,0,0,1,0,차대사람 - 기타,기타,건조,맑음,기타 - 기타,화물,남,58세,상해없음,보행자,남,29세,경상
2022072700100185,2022년 7월 27일 11시,수요일,전라남도 영암군 삼호읍,경상사고,0,0,2,0,차대차 - 측면충돌,기타,건조,맑음,교차로 - 교차로안,승용,여,69세,경상,이륜,남,52세,경상
2022072700100211,2022년 7월 27일 12시,수요일,전라남도 순천시 해룡면,경상사고,0,0,1,0,차대사람 - 횡단중,보행자보호의무위반,건조,맑음,교차로 - 교차로횡단보도내,승용,여,48세,상해없음,보행자,여,14세,경상
2022072700100250,2022년 7월 27일 13시,수요일,전라남도 순천시 별량면,경상사고,0,0,2,0,차대차 - 기타,안전운전불이행,건조,맑음,교차로 - 교차로부근,화물,남,81세,기타불명,승용,여,64세,경상
2022072700100312,2022년 7월 27일 15시,수요일,전라남도 여수시 덕충동,경상사고,0,0,3,0,차대차 - 측면충돌,안전운전불이행,건조,맑음,단일로 - 기타,승용,남,66세,기타불명,승용,남,24세,경상
2022072700100313,2022년 7월 27일 15시,수요일,전라남도 순천시 조례동,경상사고,0,0,1,0,차대차 - 측면충돌,안전운전불이행,건조,맑음,교차로 - 교차로부근,승용,여,51세,상해없음,이륜,남,43세,경상
2022072700100352,2022년 7월 27일 16시,수요일,전라남도 순천시 서면,경상사고,0,0,4,0,차대차 - 기타,안전운전불이행,건조,맑음,단일로 - 기타,승용,남,47세,상해없음,승용,남,40세,경상
2022072700100353,2022년 7월 27일 16시,수요일,전라남도 고흥군 고흥읍,경상사고,0,0,1,0,차대차 - 측면충돌,안전운전불이행,건조,맑음,교차로 - 교차로부근,화물,남,59세,상해없음,승용,남,34세,경상
2022072700100395,2022년 7월 27일 17시,수요일,전라남도 목포시 상동,경상사고,0,0,2,0,차대차 - 측면충돌,안전운전불이행,건조,맑음,교차로 - 교차로부근,승용,남,68세,상해없음,승용,여,26세,경상
2022072700100396,2022년 7월 27일 17시,수요일,전라남도 여수시 교동,경상사고,0,0,1,0,차대차 - 측면충돌,안전운전불이행,건조,맑음,단일로 - 기타,승용,남,19세,상해없음,승용,남,21세,경상
2022072700100397,2022년 7월 27일 17시,수요일,전라남도 여수시 서교동,경상사고,0,0,1,0,차대차 - 정면충돌,안전운전불이행,건조,맑음,기타 - 기타,자전거,남,12세,상해없음,자전거,남,58세,경상
2022072700100398,2022년 7월 27일 17시,수요일,전라남도 여수시 돌산읍,경상사고,0,0,2,0,차대차 - 측면충돌,안전운전불이행,건조,맑음,교차로 - 교차로안,승용,남,64세,상해없음,화물,남,68세,경상
2022072700100399,2022년 7월 27일 17시,수요일,전라남도 무안군 삼향읍,중상사고,0,1,0,0,차대차 - 측면충돌,안전운전불이행,건조,맑음,교차로 - 교차로안,승용,남,48세,상해없음,이륜,남,50세,중상
2022072700100507,2022년 7월 27일 20시,수요일,전라남도 순천시 조례동,중상사고,0,1,1,0,차대차 - 기타,기타,건조,맑음,단일로 - 기타,승용,남,46세,상해없음,이륜,남,35세,중상
2022072800100108,2022년 7월 28일 08시,목요일,전라남도 함평군 함평읍,경상사고,0,0,1,0,차대차 - 측면충돌,안전운전불이행,건조,맑음,교차로 - 교차로안,승용,여,60세,상해없음,이륜,남,82세,경상
2022072800100109,2022년 7월 28일 08시,목요일,전라남도 무안군 삼향읍,경상사고,0,0,1,0,차대차 - 추돌,안전운전불이행,건조,맑음,단일로 - 기타,승용,여,39세,상해없음,승용,남,38세,경상
2022072800100142,2022년 7월 28일 09시,목요일,전라남도 장흥군 장평면,중상사고,0,1,0,0,차대차 - 기타,안전운전불이행,젖음/습기,흐림,기타 - 기타,화물,남,56세,상해없음,농기계,남,81세,중상
2022072800100143,2022년 7월 28일 09시,목요일,전라남도 강진군 강진읍,중상사고,0,1,0,0,차대차 - 측면충돌,직진우회전진행방해,건조,맑음,교차로 - 교차로안,자전거,여,69세,중상,승용,남,63세,상해없음
2022072800100162,2022년 7월 28일 10시,목요일,전라남도 해남군 화원면,경상사고,0,0,2,0,차대차 - 추돌,안전운전불이행,건조,맑음,교차로 - 교차로부근,화물,남,42세,기타불명,화물,남,63세,경상
2022072800100163,2022년 7월 28일 10시,목요일,전라남도 영암군 삼호읍,경상사고,0,0,4,0,차대차 - 추돌,안전운전불이행,건조,맑음,교차로 - 교차로안,승용,남,72세,경상,화물,남,42세,경상
2022072800100196,2022년 7월 28일 11시,목요일,전라남도 목포시 상동,경상사고,0,0,1,0,차대차 - 측면충돌,안전운전불이행,건조,맑음,교차로 - 교차로부근,승용,남,53세,상해없음,이륜,남,20세,경상
2022072800100197,2022년 7월 28일 11시,목요일,전라남도 여수시 학동,경상사고,0,0,5,0,차대차 - 측면충돌,안전운전불이행,건조,맑음,단일로 - 기타,화물,남,36세,상해없음,승용,남,59세,경상
2022072800100232,2022년 7월 28일 12시,목요일,전라남도 순천시 해룡면,경상사고,0,0,1,0,차대차 - 기타,불법유턴,건조,맑음,단일로 - 기타,승용,남,71세,상해없음,이륜,남,34세,경상
2022072800100265,2022년 7월 28일 13시,목요일,전라남도 목포시 용해동,경상사고,0,0,2,0,차대차 - 측면충돌,신호위반,건조,맑음,교차로 - 교차로안,승용,남,64세,경상,승용,남,36세,경상
2022072800100266,2022년 7월 28일 13시,목요일,전라남도 목포시 연산동,경상사고,0,0,1,0,차대차 - 기타,안전운전불이행,건조,맑음,기타 - 기타,화물,남,57세,상해없음,이륜,남,45세,경상
2022072800100267,2022년 7월 28일 13시,목요일,전라남도 여수시 학동,중상사고,0,1,0,0,차대사람 - 차도통행중,안전운전불이행,건조,맑음,단일로 - 기타,승합,남,55세,상해없음,보행자,여,62세,중상
2022072800100268,2022년 7월 28일 13시,목요일,전라남도 해남군 해남읍,중상사고,0,1,0,0,차대차 - 측면충돌,기타,건조,맑음,교차로 - 교차로안,승용,남,46세,상해없음,이륜,남,41세,중상
2022072800100301,2022년 7월 28일 14시,목요일,전라남도 목포시 명륜동,경상사고,0,0,3,0,차대차 - 측면충돌,안전운전불이행,건조,맑음,교차로 - 교차로안,승용,남,21세,상해없음,승용,남,74세,상해없음
2022072800100337,2022년 7월 28일 15시,목요일,전라남도 여수시 미평동,중상사고,0,1,0,0,차대사람 - 차도통행중,안전운전불이행,건조,맑음,단일로 - 기타,화물,남,33세,상해없음,보행자,여,58세,중상
2022072800100338,2022년 7월 28일 15시,목요일,전라남도 장성군 황룡면,경상사고,0,0,1,0,차대차 - 측면충돌,신호위반,건조,맑음,교차로 - 교차로안,승용,남,34세,상해없음,화물,남,38세,경상
2022072800100386,2022년 7월 28일 16시,목요일,전라남도 목포시 석현동,경상사고,0,0,1,0,차대차 - 측면충돌,신호위반,건조,맑음,교차로 - 교차로횡단보도내,승합,남,64세,상해없음,자전거,남,61세,경상
2022072800100387,2022년 7월 28일 16시,목요일,전라남도 광양시 옥곡면,중상사고,0,1,0,0,차대차 - 기타,신호위반,건조,맑음,교차로 - 교차로안,승용,남,32세,상해없음,승용,남,41세,중상
2022072800100425,2022년 7월 28일 17시,목요일,전라남도 고흥군 대서면,중상사고,0,1,0,0,차대차 - 추돌,안전운전불이행,건조,맑음,단일로 - 기타,승용,여,50세,상해없음,화물,여,64세,중상
2022072800100427,2022년 7월 28일 17시,목요일,전라남도 영암군 삼호읍,경상사고,0,0,1,0,차대차 - 추돌,안전거리미확보,건조,맑음,교차로 - 교차로부근,승용,남,59세,상해없음,승용,남,31세,경상
2022072800100480,2022년 7월 28일 18시,목요일,전라남도 목포시 상동,경상사고,0,0,2,0,차대차 - 측면충돌,중앙선침범,건조,맑음,교차로 - 교차로안,승용,남,58세,경상,승용,남,26세,경상
2022072800100481,2022년 7월 28일 18시,목요일,전라남도 여수시 여서동,경상사고,0,0,1,0,차대사람 - 보도통행중,안전운전불이행,건조,맑음,단일로 - 기타,승용,남,45세,상해없음,보행자,남,29세,경상
2022072800100482,2022년 7월 28일 18시,목요일,전라남도 순천시 서면,경상사고,0,0,2,0,차대차 - 추돌,안전운전불이행,건조,맑음,단일로 - 기타,승용,남,33세,상해없음,승용,여,45세,경상
2022072800100551,2022년 7월 28일 20시,목요일,전라남도 광양시 중동,경상사고,0,0,1,0,차대사람 - 횡단중,안전운전불이행,건조,맑음,교차로 - 교차로횡단보도내,승용,남,36세,상해없음,보행자,여,92세,경상
2022072800100599,2022년 7월 28일 22시,목요일,전라남도 영암군 삼호읍,중상사고,0,1,0,0,차량단독 - 공작물충돌,안전운전불이행,건조,맑음,교차로 - 교차로부근,승용,남,32세,중상,,,,
2022072900100020,2022년 7월 29일 01시,금요일,전라남도 영암군 삼호읍,중상사고,0,1,0,0,차대차 - 측면충돌,신호위반,건조,맑음,교차로 - 교차로안,승용,남,31세,상해없음,승용,남,29세,중상
2022072900100062,2022년 7월 29일 06시,금요일,전라남도 목포시 측후동,중상사고,0,1,0,0,차대사람 - 길가장자리구역통행중,안전운전불이행,건조,맑음,단일로 - 기타,승용,남,50세,상해없음,보행자,남,38세,중상
2022072900100108,2022년 7월 29일 08시,금요일,전라남도 신안군 압해읍,중상사고,0,1,0,0,차대차 - 추돌,안전운전불이행,건조,맑음,단일로 - 기타,승용,남,40세,상해없음,승용,여,53세,중상
2022072900100109,2022년 7월 29일 08시,금요일,전라남도 나주시 산정동,경상사고,0,0,1,0,차대차 - 기타,직진우회전진행방해,건조,맑음,교차로 - 교차로안,승용,남,50세,경상,화물,남,53세,상해없음
2022072900100110,2022년 7월 29일 08시,금요일,전라남도 구례군 구례읍,부상신고사고,0,0,0,1,차대차 - 기타,교차로운행방법위반,건조,맑음,교차로 - 교차로부근,원동기,남,83세,부상신고,승용,남,64세,상해없음
2022072900100166,2022년 7월 29일 10시,금요일,전라남도 무안군 현경면,중상사고,0,1,3,0,차대차 - 추돌,안전운전불이행,건조,맑음,교차로 - 교차로안,승용,남,72세,상해없음,승용,남,53세,경상
2022072900100197,2022년 7월 29일 11시,금요일,전라남도 목포시 옥암동,경상사고,0,0,1,0,차대차 - 정면충돌,교차로운행방법위반,건조,맑음,교차로 - 교차로안,승용,여,47세,상해없음,원동기,남,34세,경상
2022072900100198,2022년 7월 29일 11시,금요일,전라남도 순천시 조례동,경상사고,0,0,1,0,차대차 - 기타,직진우회전진행방해,건조,맑음,교차로 - 교차로부근,승용,남,61세,상해없음,승용,남,30세,경상
2022072900100199,2022년 7월 29일 11시,금요일,전라남도 순천시 풍덕동,경상사고,0,0,2,0,차대차 - 측면충돌,직진우회전진행방해,건조,맑음,교차로 - 교차로안,승용,여,54세,상해없음,승용,여,39세,경상
2022072900100200,2022년 7월 29일 11시,금요일,전라남도 무안군 일로읍,경상사고,0,0,5,0,차대차 - 추돌,안전운전불이행,건조,맑음,단일로 - 기타,승용,남,42세,상해없음,승용,남,62세,경상
2022072900100245,2022년 7월 29일 12시,금요일,전라남도 순천시 연향동,경상사고,0,0,1,0,차대차 - 측면충돌,안전운전불이행,건조,맑음,단일로 - 기타,승용,여,75세,상해없음,승용,남,42세,경상
2022072900100246,2022년 7월 29일 12시,금요일,전라남도 곡성군 곡성읍,중상사고,0,1,0,0,차대사람 - 횡단중,안전운전불이행,건조,맑음,단일로 - 기타,승용,여,53세,상해없음,보행자,여,75세,중상
2022072900100287,2022년 7월 29일 13시,금요일,전라남도 여수시 신기동,경상사고,0,0,1,0,차대사람 - 차도통행중,안전운전불이행,건조,맑음,교차로 - 교차로부근,승용,여,30세,상해없음,보행자,여,26세,경상
2022072900100288,2022년 7월 29일 13시,금요일,전라남도 여수시 학동,경상사고,0,0,3,0,차대차 - 측면충돌,안전운전불이행,건조,맑음,교차로 - 교차로안,승용,남,58세,상해없음,승용,여,43세,경상
2022072900100289,2022년 7월 29일 13시,금요일,전라남도 고흥군 도양읍,경상사고,0,0,2,1,차대차 - 측면충돌,직진우회전진행방해,건조,맑음,교차로 - 교차로안,화물,남,74세,경상,승용,여,42세,경상
2022072900100323,2022년 7월 29일 14시,금요일,전라남도 담양군 창평면,중상사고,0,1,0,0,차대사람 - 기타,안전운전불이행,건조,맑음,교차로 - 교차로부근,승용,여,80세,상해없음,보행자,남,50세,중상
2022072900100395,2022년 7월 29일 16시,금요일,전라남도 여수시 문수동,경상사고,0,0,1,0,차대차 - 측면충돌,안전운전불이행,건조,맑음,단일로 - 기타,승용,남,67세,상해없음,승용,여,24세,경상
2022072900100396,2022년 7월 29일 16시,금요일,전라남도 해남군 해남읍,경상사고,0,0,3,0,차대차 - 측면충돌,직진우회전진행방해,건조,맑음,교차로 - 교차로안,승용,남,46세,경상,승용,남,55세,경상
2022072900100432,2022년 7월 29일 17시,금요일,전라남도 해남군 해남읍,경상사고,0,0,1,0,차대차 - 측면충돌,직진우회전진행방해,건조,맑음,교차로 - 교차로안,승용,여,41세,상해없음,승용,남,34세,경상
2022072900100483,2022년 7월 29일 18시,금요일,전라남도 여수시 화양면,경상사고,0,0,1,0,차대차 - 측면충돌,교차로운행방법위반,건조,맑음,교차로 - 교차로안,화물,남,59세,상해없음,승용,남,47세,상해없음
2022072900100484,2022년 7월 29일 18시,금요일,전라남도 순천시 석현동,경상사고,0,0,1,0,차대차 - 측면충돌,안전거리미확보,건조,맑음,단일로 - 기타,승용,여,51세,상해없음,이륜,남,54세,경상
2022072900100485,2022년 7월 29일 18시,금요일,전라남도 장성군 장성읍,경상사고,0,0,2,0,차대차 - 추돌,기타,건조,맑음,단일로 - 기타,승용,남,23세,경상,승용,여,54세,경상
2022072900100486,2022년 7월 29일 18시,금요일,전라남도 곡성군 오산면,중상사고,0,1,0,0,차대차 - 추돌,안전운전불이행,건조,맑음,단일로 - 기타,승용,여,32세,상해없음,자전거,남,79세,중상
2022072900100520,2022년 7월 29일 19시,금요일,전라남도 고흥군 남양면,중상사고,0,1,0,0,차량단독 - 공작물충돌,안전운전불이행,건조,맑음,단일로 - 기타,농기계,남,83세,중상,,,,
2022072900100521,2022년 7월 29일 19시,금요일,전라남도 영광군 영광읍,사망사고,1,0,0,0,차대차 - 측면충돌,직진우회전진행방해,건조,맑음,교차로 - 교차로안,원동기,남,89세,사망,승용,여,27세,상해없음
2022072900100559,2022년 7월 29일 20시,금요일,전라남도 해남군 산이면,중상사고,0,1,2,0,차대차 - 측면충돌,불법유턴,건조,맑음,단일로 - 기타,승용,남,55세,상해없음,승용,남,39세,경상
2022072900100560,2022년 7월 29일 20시,금요일,전라남도 광양시 옥곡면,중상사고,0,1,0,0,차대차 - 추돌,안전운전불이행,건조,맑음,단일로 - 교량,승용,남,45세,상해없음,자전거,남,53세,중상
2022072900100586,2022년 7월 29일 21시,금요일,전라남도 순천시 서면,경상사고,0,0,1,0,차대차 - 측면충돌,안전운전불이행,건조,맑음,교차로 - 교차로부근,승용,남,44세,상해없음,이륜,남,25세,경상
2022072900100587,2022년 7월 29일 21시,금요일,전라남도 무안군 삼향읍,경상사고,0,0,1,0,차대차 - 측면충돌,신호위반,건조,맑음,교차로 - 교차로안,특수,남,51세,상해없음,승용,여,43세,경상
2022073000100008,2022년 7월 30일 00시,토요일,전라남도 나주시 성북동,경상사고,0,0,1,0,차대사람 - 기타,신호위반,건조,맑음,단일로 - 기타,원동기,남,17세,상해없음,보행자,여,21세,경상
2022073000100024,2022년 7월 30일 01시,토요일,전라남도 여수시 문수동,경상사고,0,0,2,0,차대차 - 측면충돌,안전운전불이행,건조,맑음,교차로 - 교차로부근,승용,남,56세,상해없음,승용,남,65세,경상
2022073000100025,2022년 7월 30일 01시,토요일,전라남도 화순군 화순읍,경상사고,0,0,1,0,차량단독 - 공작물충돌,안전운전불이행,건조,맑음,교차로 - 교차로부근,화물,남,51세,경상,,,,
2022073000100107,2022년 7월 30일 08시,토요일,전라남도 여수시 학동,중상사고,0,1,0,0,차대사람 - 횡단중,안전운전불이행,건조,맑음,단일로 - 기타,승용,남,61세,상해없음,보행자,여,66세,중상
2022073000100133,2022년 7월 30일 09시,토요일,전라남도 영광군 홍농읍,중상사고,0,1,0,0,차대사람 - 보도통행중,안전운전불이행,건조,맑음,기타 - 기타,승용,남,71세,상해없음,보행자,여,82세,중상
2022073000100264,2022년 7월 30일 13시,토요일,전라남도 순천시 해룡면,중상사고,0,1,0,0,차량단독 - 공작물충돌,안전운전불이행,젖음/습기,비,기타 - 기타,승용,남,33세,중상,,,,
2022073000100265,2022년 7월 30일 13시,토요일,전라남도 나주시 문평면,경상사고,0,0,3,0,차대차 - 기타,안전거리미확보,기타,비,단일로 - 기타,승용,남,65세,상해없음,승용,남,32세,경상
2022073000100329,2022년 7월 30일 15시,토요일,전라남도 무안군 삼향읍,경상사고,0,0,2,0,차대차 - 추돌,안전운전불이행,젖음/습기,비,단일로 - 기타,승용,남,53세,상해없음,승용,남,56세,경상
2022073000100435,2022년 7월 30일 18시,토요일,전라남도 영암군 학산면,중상사고,0,1,2,0,차량단독 - 공작물충돌,안전운전불이행,건조,맑음,교차로 - 교차로부근,승용,남,23세,중상,,,,
2022073000100486,2022년 7월 30일 20시,토요일,전라남도 여수시 봉산동,경상사고,0,0,3,1,차대차 - 기타,안전운전불이행,건조,맑음,교차로 - 교차로안,승용,남,61세,부상신고,승용,남,53세,경상
2022073000100487,2022년 7월 30일 20시,토요일,전라남도 여수시 학동,경상사고,0,0,1,0,차대차 - 측면충돌,안전운전불이행,건조,맑음,교차로 - 교차로안,승용,남,68세,상해없음,승용,남,28세,경상
2022073000100522,2022년 7월 30일 21시,토요일,전라남도 무안군 일로읍,경상사고,0,0,1,0,차대차 - 측면충돌,기타,건조,맑음,교차로 - 교차로부근,승용,여,36세,상해없음,이륜,남,41세,경상
2022073100100066,2022년 7월 31일 07시,일요일,전라남도 광양시 광양읍,경상사고,0,0,1,0,차대차 - 추돌,안전운전불이행,젖음/습기,비,단일로 - 기타,승합,남,35세,상해없음,화물,남,46세,경상
2022073100100091,2022년 7월 31일 10시,일요일,전라남도 목포시 산정동,중상사고,0,1,0,0,차대차 - 기타,교차로운행방법위반,젖음/습기,비,교차로 - 교차로안,이륜,남,59세,중상,승용,여,61세,상해없음
2022073100100113,2022년 7월 31일 11시,일요일,전라남도 여수시 여서동,경상사고,0,0,3,0,차대차 - 추돌,안전운전불이행,젖음/습기,비,교차로 - 교차로부근,승용,남,58세,상해없음,승용,여,40세,경상
2022073100100114,2022년 7월 31일 11시,일요일,전라남도 여수시 국동,경상사고,0,0,2,0,차대차 - 측면충돌,안전운전불이행,건조,맑음,단일로 - 기타,승용,여,33세,상해없음,승용,남,60세,경상
2022073100100150,2022년 7월 31일 12시,일요일,전라남도 여수시 덕충동,경상사고,0,0,1,0,차대차 - 측면충돌,안전운전불이행,젖음/습기,비,교차로 - 교차로부근,승용,남,62세,상해없음,승합,남,59세,경상
2022073100100151,2022년 7월 31일 12시,일요일,전라남도 함평군 함평읍,경상사고,0,0,1,0,차대사람 - 길가장자리구역통행중,안전운전불이행,젖음/습기,비,교차로 - 교차로안,승합,남,63세,상해없음,보행자,남,58세,경상
2022073100100179,2022년 7월 31일 13시,일요일,전라남도 순천시 해룡면,경상사고,0,0,1,0,차대차 - 기타,안전운전불이행,젖음/습기,비,교차로 - 교차로안,승용,남,64세,상해없음,이륜,남,23세,경상
2022073100100249,2022년 7월 31일 15시,일요일,전라남도 여수시 문수동,경상사고,0,0,1,0,차대차 - 기타,안전운전불이행,건조,맑음,단일로 - 기타,승용,남,31세,상해없음,승용,남,33세,경상
2022073100100250,2022년 7월 31일 15시,일요일,전라남도 고흥군 점암면,경상사고,0,0,3,0,차대차 - 후진중충돌,안전운전불이행,젖음/습기,흐림,기타 - 기타,승용,남,79세,상해없음,승용,남,30세,경상
2022073100100251,2022년 7월 31일 15시,일요일,전라남도 완도군 완도읍,경상사고,0,0,1,0,차대차 - 기타,안전운전불이행,건조,맑음,교차로 - 교차로안,승용,남,55세,상해없음,승용,여,55세,경상