사고번호,사고일시,요일,시군구,사고내용,사망자수,중상자수,경상자수,부상신고자수,사고유형,법규위반,노면상태,기상상태,도로형태,가해운전자 차종,가해운전자 성별,가해운전자 연령,가해운전자 상해정도,피해운전자 차종,피해운전자 성별,피해운전자 연령,피해운전자 상해정도
2022080500100562,2022년 8월 5일 21시,금요일,전라남도 진도군 군내면,사망사고,1,0,0,0,차대차 - 추돌,안전운전불이행,건조,맑음,단일로 - 지하차도(도로)내,승용,남,33세,상해없음,농기계,남,61세,사망
2022080500100608,2022년 8월 5일 23시,금요일,전라남도 무안군 일로읍,중상사고,0,1,0,0,차대차 - 추돌,안전운전불이행,건조,맑음,교차로 - 교차로부근,승용,여,56세,상해없음,이륜,남,30세,중상
2022080600100047,2022년 8월 6일 05시,토요일,전라남도 강진군 대구면,경상사고,0,0,2,0,차량단독 - 공작물충돌,안전운전불이행,건조,맑음,단일로 - 기타,승용,남,21세,상해없음,,,,
2022080600100106,2022년 8월 6일 09시,토요일,전라남도 목포시 죽교동,경상사고,0,0,1,0,차대차 - 기타,안전운전불이행,건조,맑음,교차로 - 교차로안,승용,남,56세,상해없음,이륜,남,71세,경상
2022080600100127,2022년 8월 6일 10시,토요일,전라남도 해남군 산이면,중상사고,0,1,0,0,차대차 - 기타,안전운전불이행,건조,맑음,교차로 - 교차로안,화물,남,68세,상해없음,사륜오토바이(ATV),남,51세,중상
2022080600100158,2022년 8월 6일 11시,토요일,전라남도 장흥군 용산면,경상사고,0,0,1,0,차량단독 - 공작물충돌,안전운전불이행,건조,맑음,단일로 - 기타,승용,남,73세,경상,,,,
2022080600100159,2022년 8월 6일 11시,토요일,전라남도 광양시 중동,중상사고,0,1,1,0,차대차 - 측면충돌,교차로운행방법위반,건조,맑음,교차로 - 교차로안,승용,남,65세,경상,이륜,남,57세,중상
2022080600100188,2022년 8월 6일 12시,토요일,전라남도 장흥군 관산읍,경상사고,0,0,4,0,차대차 - 정면충돌,중앙선침범,건조,맑음,단일로 - 기타,승용,여,69세,상해없음,승용,남,41세,경상
2022080600100189,2022년 8월 6일 12시,토요일,전라남도 광양시 마동,중상사고,0,1,0,0,차대사람 - 기타,안전운전불이행,건조,맑음,기타 - 기타,개인형이동수단(PM),남,18세,상해없음,보행자,여,77세,중상
2022080600100229,2022년 8월 6일 13시,토요일,전라남도 여수시 중앙동,경상사고,0,0,2,0,차대차 - 측면충돌,교차로운행방법위반,건조,맑음,교차로 - 교차로안,승용,남,60세,상해없음,승용,남,23세,경상
2022080600100230,2022년 8월 6일 13시,토요일,전라남도 여수시 화양면,경상사고,0,0,2,0,차대차 - 추돌,안전운전불이행,건조,맑음,교차로 - 교차로부근,승합,남,61세,상해없음,승용,남,57세,경상
2022080600100231,2022년 8월 6일 13시,토요일,전라남도 영암군 삼호읍,경상사고,0,0,4,0,차대차 - 측면충돌,신호위반,건조,맑음,교차로 - 교차로안,화물,남,62세,상해없음,승용,남,28세,경상
2022080600100295,2022년 8월 6일 15시,토요일,전라남도 화순군 화순읍,경상사고,0,0,2,0,차대차 - 추돌,안전운전불이행,건조,맑음,교차로 - 교차로부근,승용,남,72세,상해없음,승용,여,41세,경상
2022080600100296,2022년 8월 6일 15시,토요일,전라남도 담양군 담양읍,경상사고,0,0,3,0,차대차 - 추돌,안전운전불이행,건조,맑음,단일로 - 기타,승용,남,80세,상해없음,승용,여,42세,경상
2022080600100329,2022년 8월 6일 16시,토요일,전라남도 무안군 일로읍,경상사고,0,0,1,0,차대차 - 추돌,안전운전불이행,건조,맑음,단일로 - 기타,승용,남,23세,상해없음,승용,여,30세,경상
2022080600100357,2022년 8월 6일 17시,토요일,전라남도 여수시 미평동,중상사고,0,1,0,0,차대차 - 측면충돌,교차로운행방법위반,건조,맑음,교차로 - 교차로안,승용,남,24세,상해없음,승용,남,68세,중상
2022080600100358,2022년 8월 6일 17시,토요일,전라남도 담양군 대전면,경상사고,0,0,2,0,차대차 - 기타,직진우회전진행방해,건조,맑음,교차로 - 교차로안,승용,남,41세,경상,승용,남,61세,상해없음
2022080600100359,2022년 8월 6일 17시,토요일,전라남도 무안군 일로읍,경상사고,0,0,2,0,차대차 - 측면충돌,중앙선침범,건조,맑음,단일로 - 기타,화물,남,79세,상해없음,승용,여,45세,경상
2022080600100383,2022년 8월 6일 18시,토요일,전라남도 순천시 조례동,경상사고,0,0,1,0,차대차 - 측면충돌,안전운전불이행,건조,맑음,단일로 - 기타,이륜,남,62세,경상,승용,남,30세,상해없음
2022080600100431,2022년 8월 6일 20시,토요일,전라남도 여수시 선원동,경상사고,0,0,1,0,차대차 - 측면충돌,안전운전불이행,건조,맑음,단일로 - 기타,승용,남,28세,상해없음,이륜,남,38세,경상
2022080600100472,2022년 8월 6일 22시,토요일,전라남도 장성군 남면,중상사고,0,1,1,0,차대차 - 기타,안전운전불이행,건조,맑음,단일로 - 기타,승용,남,34세,상해없음,화물,남,70세,상해없음
2022080600100490,2022년 8월 6일 23시,토요일,전라남도 영광군 법성면,사망사고,1,0,0,0,차대사람 - 차도통행중,안전운전불이행,건조,맑음,단일로 - 기타,승용,남,30세,상해없음,보행자,남,54세,사망
2022080700100003,2022년 8월 7일 00시,일요일,전라남도 목포시 용당동,경상사고,0,0,3,0,차대차 - 기타,신호위반,건조,맑음,교차로 - 교차로안,승용,남,57세,상해없음,승용,남,35세,경상
2022080700100016,2022년 8월 7일 01시,일요일,전라남도 목포시 상동,경상사고,0,0,3,0,차대차 - 측면충돌,직진우회전진행방해,건조,맑음,교차로 - 교차로안,승용,남,33세,경상,승용,남,27세,경상
2022080700100017,2022년 8월 7일 01시,일요일,전라남도 장성군 남면,경상사고,0,0,3,0,차대차 - 추돌,안전운전불이행,건조,맑음,단일로 - 기타,승용,남,23세,상해없음,승용,남,42세,경상
2022080700100026,2022년 8월 7일 03시,일요일,전라남도 영광군 영광읍,경상사고,0,0,1,0,차량단독 - 공작물충돌,안전운전불이행,젖음/습기,맑음,단일로 - 기타,승용,남,19세,경상,,,,
2022080700100038,2022년 8월 7일 05시,일요일,전라남도 장흥군 안양면,중상사고,0,2,2,3,차량단독 - 공작물충돌,안전운전불이행,건조,흐림,단일로 - 기타,승합,여,67세,경상,,,,
2022080700100058,2022년 8월 7일 08시,일요일,전라남도 순천시 인제동,사망사고,1,0,0,0,차대사람 - 차도통행중,안전운전불이행,건조,맑음,단일로 - 기타,승용,남,64세,상해없음,보행자,여,78세,사망
2022080700100126,2022년 8월 7일 12시,일요일,전라남도 여수시 율촌면,경상사고,0,0,1,0,차대차 - 기타,신호위반,건조,맑음,교차로 - 교차로안,승용,남,33세,상해없음,이륜,남,74세,경상
2022080700100159,2022년 8월 7일 13시,일요일,전라남도 순천시 조례동,경상사고,0,0,5,0,차대차 - 추돌,안전거리미확보,건조,맑음,교차로 - 교차로안,승용,남,64세,상해없음,승용,남,51세,경상
2022080700100160,2022년 8월 7일 13시,일요일,전라남도 고흥군 도양읍,경상사고,0,0,1,0,차대사람 - 기타,안전운전불이행,건조,맑음,기타 - 기타,승합,남,60세,상해없음,보행자,남,21세,경상
2022080700100161,2022년 8월 7일 13시,일요일,전라남도 구례군 마산면,중상사고,0,1,0,0,차량단독 - 공작물충돌,안전운전불이행,건조,맑음,단일로 - 기타,화물,남,72세,중상,,,,
2022080700100254,2022년 8월 7일 17시,일요일,전라남도 여수시 웅천동,중상사고,0,1,0,0,차대차 - 추돌,교차로운행방법위반,건조,맑음,교차로 - 교차로안,화물,남,80세,상해없음,이륜,남,54세,중상
2022080700100279,2022년 8월 7일 18시,일요일,전라남도 목포시 연산동,경상사고,0,0,1,0,차대차 - 기타,중앙선침범,건조,흐림,단일로 - 기타,승용,남,69세,상해없음,이륜,남,16세,경상
2022080700100280,2022년 8월 7일 18시,일요일,전라남도 목포시 상동,경상사고,0,0,2,0,차대차 - 측면충돌,안전운전불이행,건조,맑음,교차로 - 교차로부근,화물,남,30세,기타불명,승용,남,25세,경상
2022080700100281,2022년 8월 7일 18시,일요일,전라남도 해남군 마산면,경상사고,0,0,2,0,차대차 - 정면충돌,중앙선침범,건조,맑음,단일로 - 기타,승용,남,26세,경상,승용,남,63세,경상
2022080700100282,2022년 8월 7일 18시,일요일,전라남도 강진군 강진읍,경상사고,0,0,4,0,차대차 - 정면충돌,안전운전불이행,건조,맑음,단일로 - 기타,승용,여,62세,경상,승용,남,30세,상해없음
2022080700100305,2022년 8월 7일 19시,일요일,전라남도 순천시 해룡면,경상사고,0,0,3,0,차대차 - 측면충돌,안전운전불이행,건조,맑음,교차로 - 교차로안,승용,남,24세,상해없음,승용,여,46세,경상
2022080700100329,2022년 8월 7일 20시,일요일,전라남도 순천시 조례동,경상사고,0,0,1,0,차대사람 - 차도통행중,안전운전불이행,건조,맑음,교차로 - 교차로안,승용,여,46세,상해없음,보행자,여,46세,경상
2022080700100330,2022년 8월 7일 20시,일요일,전라남도 고흥군 남양면,중상사고,0,1,2,0,차대차 - 기타,안전운전불이행,건조,맑음,단일로 - 기타,화물,남,54세,경상,승용,남,37세,중상
2022080700100331,2022년 8월 7일 20시,일요일,전라남도 광양시 옥곡면,경상사고,0,0,2,0,차대차 - 측면충돌,안전운전불이행,건조,맑음,교차로 - 교차로안,승용,남,35세,기타불명,승용,남,56세,경상
2022080700100357,2022년 8월 7일 21시,일요일,전라남도 순천시 조례동,경상사고,0,0,4,0,차대차 - 측면충돌,신호위반,건조,맑음,교차로 - 교차로안,승용,남,53세,경상,승용,남,45세,경상
2022080700100375,2022년 8월 7일 23시,일요일,전라남도 강진군 마량면,중상사고,0,1,0,0,차대사람 - 기타,안전운전불이행,건조,맑음,교차로 - 교차로부근,승용,남,58세,상해없음,보행자,남,54세,중상
2022080700100376,2022년 8월 7일 23시,일요일,전라남도 진도군 진도읍,경상사고,0,0,1,0,차대차 - 추돌,안전운전불이행,건조,맑음,단일로 - 기타,승용,남,42세,상해없음,승용,남,27세,경상
2022080800100031,2022년 8월 8일 05시,월요일,전라남도 강진군 군동면,중상사고,0,1,0,0,차대차 - 추돌,안전운전불이행,건조,맑음,교차로 - 교차로부근,승용,남,45세,상해없음,원동기,남,18세,중상
2022080800100039,2022년 8월 8일 06시,월요일,전라남도 순천시 해룡면,중상사고,0,2,0,0,차대차 - 측면충돌,안전거리미확보,건조,맑음,단일로 - 기타,화물,남,65세,상해없음,승용,남,70세,중상
2022080800100040,2022년 8월 8일 06시,월요일,전라남도 영암군 삼호읍,중상사고,0,1,1,0,차대차 - 측면충돌,기타,건조,맑음,교차로 - 교차로안,승용,남,52세,중상,화물,남,42세,경상
2022080800100081,2022년 8월 8일 08시,월요일,전라남도 목포시 산정동,경상사고,0,0,2,0,차대차 - 측면충돌,안전운전불이행,건조,맑음,교차로 - 교차로부근,승용,여,75세,경상,승용,남,69세,경상
2022080800100082,2022년 8월 8일 08시,월요일,전라남도 해남군 문내면,중상사고,0,1,0,0,차대차 - 측면충돌,안전운전불이행,건조,맑음,단일로 - 기타,승합,남,52세,기타불명,사륜오토바이(ATV),여,67세,중상
2022080800100107,2022년 8월 8일 09시,월요일,전라남도 여수시 봉산동,경상사고,0,0,1,0,차대사람 - 기타,안전운전불이행,건조,맑음,기타 - 기타,화물,남,43세,상해없음,보행자,여,62세,경상
2022080800100108,2022년 8월 8일 09시,월요일,전라남도 영암군 삼호읍,중상사고,0,1,0,0,차대사람 - 횡단중,안전운전불이행,건조,맑음,단일로 - 기타,승용,여,20세,상해없음,보행자,남,75세,중상
2022080800100130,2022년 8월 8일 10시,월요일,전라남도 해남군 북평면,중상사고,0,3,0,0,차량단독 - 공작물충돌,안전운전불이행,건조,맑음,단일로 - 기타,승용,남,59세,기타불명,,,,
2022080800100131,2022년 8월 8일 10시,월요일,전라남도 영암군 삼호읍,경상사고,0,0,1,0,차대사람 - 횡단중,안전운전불이행,건조,맑음,단일로 - 기타,화물,남,64세,상해없음,보행자,여,77세,경상
2022080800100132,2022년 8월 8일 10시,월요일,전라남도 강진군 성전면,경상사고,0,0,1,0,차대차 - 추돌,안전운전불이행,건조,맑음,단일로 - 기타,승용,여,49세,상해없음,화물,남,56세,경상
2022080800100191,2022년 8월 8일 12시,월요일,전라남도 순천시 해룡면,경상사고,0,0,1,0,차대차 - 기타,안전운전불이행,건조,맑음,단일로 - 기타,승용,여,63세,상해없음,화물,남,54세,경상
2022080800100192,2022년 8월 8일 12시,월요일,전라남도 순천시 조례동,중상사고,0,1,0,0,차대사람 - 기타,안전운전불이행,건조,맑음,기타 - 기타,화물,남,50세,상해없음,보행자,여,41세,중상
2022080800100193,2022년 8월 8일 12시,월요일,전라남도 구례군 산동면,경상사고,0,0,1,0,차대사람 - 길가장자리구역통행중,안전운전불이행,기타,맑음,단일로 - 기타,승용,남,62세,상해없음,보행자,남,45세,경상
2022080800100257,2022년 8월 8일 14시,월요일,전라남도 순천시 황전면,중상사고,0,2,1,0,차대차 - 추돌,안전운전불이행,건조,맑음,교차로 - 교차로안,화물,여,63세,상해없음,승용,남,62세,경상
2022080800100322,2022년 8월 8일 16시,월요일,전라남도 여수시 소라면,경상사고,0,0,2,0,차대차 - 추돌,신호위반,건조,맑음,단일로 - 기타,승용,남,71세,상해없음,승합,남,69세,경상
2022080800100371,2022년 8월 8일 17시,월요일,전라남도 영광군 영광읍,경상사고,0,0,1,0,차대사람 - 횡단중,안전운전불이행,건조,맑음,단일로 - 기타,승용,남,25세,상해없음,보행자,남,43세,경상
2022080800100372,2022년 8월 8일 17시,월요일,전라남도 완도군 고금면,사망사고,1,0,0,0,차량단독 - 도로외이탈 - 기타,안전운전불이행,건조,맑음,단일로 - 기타,농기계,남,76세,사망,,,,
2022080800100417,2022년 8월 8일 18시,월요일,전라남도 목포시 상동,중상사고,0,1,0,0,차대차 - 추돌,안전운전불이행,건조,맑음,단일로 - 기타,이륜,남,21세,중상,승용,남,52세,상해없음
2022080800100447,2022년 8월 8일 19시,월요일,전라남도 나주시 남평읍,경상사고,0,0,3,0,차대차 - 측면충돌,안전운전불이행,건조,맑음,교차로 - 교차로부근,승용,남,38세,상해없음,승용,여,33세,경상
2022080800100448,2022년 8월 8일 19시,월요일,전라남도 광양시 성황동,사망사고,2,0,0,0,차량단독 - 도로외이탈 - 기타,기타,건조,맑음,교차로 - 교차로안,승용,남,63세,사망,,,,
2022080800100449,2022년 8월 8일 19시,월요일,전라남도 광양시 중동,경상사고,0,0,1,0,차대차 - 측면충돌,교차로운행방법위반,건조,맑음,교차로 - 교차로안,이륜,남,32세,경상,승합,남,59세,상해없음
2022080800100561,2022년 8월 8일 23시,월요일,전라남도 해남군 화원면,경상사고,0,0,1,0,차량단독 - 공작물충돌,안전운전불이행,건조,맑음,단일로 - 기타,원동기,남,26세,경상,,,,
2022080800100562,2022년 8월 8일 23시,월요일,전라남도 해남군 해남읍,경상사고,0,0,4,0,차대차 - 측면충돌,교차로운행방법위반,건조,맑음,교차로 - 교차로안,승용,남,56세,기타불명,승용,남,22세,경상
2022080900100080,2022년 8월 9일 08시,화요일,전라남도 목포시 산정동,경상사고,0,0,1,0,차대사람 - 기타,안전운전불이행,건조,맑음,교차로 - 교차로안,승용,여,54세,상해없음,보행자,여,76세,경상
2022080900100112,2022년 8월 9일 09시,화요일,전라남도 목포시 상동,경상사고,0,0,1,0,차대차 - 후진중충돌,안전운전불이행,건조,맑음,교차로 - 교차로부근,승용,남,63세,상해없음,승용,남,51세,경상
2022080900100138,2022년 8월 9일 10시,화요일,전라남도 고흥군 고흥읍,중상사고,0,1,1,0,차대차 - 기타,안전운전불이행,건조,맑음,단일로 - 기타,승용,여,54세,상해없음,승용,여,36세,중상
2022080900100139,2022년 8월 9일 10시,화요일,전라남도 광양시 중동,경상사고,0,0,2,0,차대차 - 측면충돌,안전운전불이행,건조,맑음,단일로 - 기타,승용,남,67세,상해없음,승용,남,55세,경상
2022080900100166,2022년 8월 9일 11시,화요일,전라남도 여수시 교동,경상사고,0,0,3,0,차대차 - 후진중충돌,안전운전불이행,건조,맑음,교차로 - 교차로부근,승용,남,63세,상해없음,승용,남,34세,경상
2022080900100194,2022년 8월 9일 12시,화요일,전라남도 여수시 돌산읍,경상사고,0,0,4,0,차대차 - 측면충돌,안전운전불이행,건조,맑음,단일로 - 기타,승용,남,40세,경상,승용,남,67세,경상
2022080900100223,2022년 8월 9일 13시,화요일,전라남도 여수시 문수동,경상사고,0,0,1,0,차대차 - 측면충돌,교차로운행방법위반,건조,맑음,교차로 - 교차로안,승용,남,36세,상해없음,원동기,남,42세,경상
2022080900100248,2022년 8월 9일 14시,화요일,전라남도 여수시 학동,경상사고,0,0,1,0,차대차 - 측면충돌,안전운전불이행,건조,맑음,교차로 - 교차로부근,승용,남,32세,상해없음,승용,여,44세,경상
2022080900100249,2022년 8월 9일 14시,화요일,전라남도 구례군 구례읍,중상사고,0,1,0,0,차대사람 - 기타,안전운전불이행,건조,맑음,단일로 - 기타,승용,여,59세,상해없음,보행자,여,68세,중상
2022080900100277,2022년 8월 9일 15시,화요일,전라남도 목포시 상동,경상사고,0,0,5,0,차대차 - 측면충돌,기타,건조,맑음,교차로 - 교차로안,승용,남,72세,상해없음,승용,남,19세,경상
2022080900100278,2022년 8월 9일 15시,화요일,전라남도 여수시 소라면,경상사고,0,0,2,0,차대차 - 측면충돌,안전운전불이행,건조,맑음,단일로 - 기타,승용,여,57세,상해없음,이륜,남,82세,경상
2022080900100279,2022년 8월 9일 15시,화요일,전라남도 화순군 화순읍,중상사고,0,1,0,0,차대차 - 측면충돌,안전운전불이행,건조,맑음,단일로 - 기타,승용,남,34세,상해없음,이륜,남,48세,중상
2022080900100280,2022년 8월 9일 15시,화요일,전라남도 광양시 중동,경상사고,0,0,3,0,차대차 - 추돌,안전거리미확보,건조,맑음,단일로 - 기타,승용,남,53세,경상,승용,남,31세,경상
2022080900100281,2022년 8월 9일 15시,화요일,전라남도 나주시 문평면,중상사고,0,1,5,0,차대차 - 추돌,안전거리미확보,건조,맑음,단일로 - 기타,승용,남,51세,경상,화물,남,50세,중상
2022080900100304,2022년 8월 9일 16시,화요일,전라남도 목포시 상동,경상사고,0,0,1,0,차대차 - 측면충돌,신호위반,건조,맑음,교차로 - 교차로안,승용,여,52세,상해없음,승용,남,32세,경상
2022080900100305,2022년 8월 9일 16시,화요일,전라남도 함평군 함평읍,경상사고,0,0,4,0,차대차 - 후진중충돌,안전운전불이행,건조,맑음,단일로 - 기타,승용,남,59세,경상,승용,남,52세,상해없음
2022080900100306,2022년 8월 9일 16시,화요일,전라남도 광양시 옥곡면,경상사고,0,0,1,0,차대차 - 측면충돌,안전운전불이행,건조,맑음,단일로 - 기타,건설기계,남,60세,상해없음,승용,남,42세,경상
2022080900100339,2022년 8월 9일 17시,화요일,전라남도 구례군 광의면,사망사고,1,0,0,0,차대차 - 후진중충돌,기타,건조,맑음,기타 - 기타,화물,남,63세,상해없음,이륜,여,67세,사망
2022080900100377,2022년 8월 9일 18시,화요일,전라남도 순천시 별량면,중상사고,0,1,0,0,차량단독 - 기타,안전운전불이행,건조,맑음,단일로 - 기타,이륜,남,51세,중상,,,,
2022080900100424,2022년 8월 9일 19시,화요일,전라남도 순천시 주암면,중상사고,0,1,0,1,차대차 - 측면충돌,직진우회전진행방해,건조,맑음,교차로 - 교차로안,화물,남,75세,부상신고,승용,여,44세,중상
2022080900100450,2022년 8월 9일 20시,화요일,전라남도 여수시 웅천동,경상사고,0,0,1,0,차대차 - 측면충돌,신호위반,건조,맑음,교차로 - 교차로안,승용,남,22세,상해없음,승용,남,44세,경상
2022080900100493,2022년 8월 9일 22시,화요일,전라남도 목포시 옥암동,경상사고,0,0,2,0,차대차 - 기타,신호위반,건조,맑음,교차로 - 교차로안,승용,남,31세,상해없음,승용,남,48세,경상
2022081000100064,2022년 8월 10일 07시,수요일,전라남도 나주시 빛가람동,경상사고,0,0,1,0,차대사람 - 횡단중,안전운전불이행,건조,맑음,교차로 - 교차로부근,승용,남,64세,상해없음,보행자,여,28세,경상
2022081000100089,2022년 8월 10일 08시,수요일,전라남도 목포시 상동,경상사고,0,0,2,0,차대차 - 정면충돌,신호위반,건조,맑음,교차로 - 교차로안,승용,남,55세,경상,승용,남,56세,경상
2022081000100118,2022년 8월 10일 09시,수요일,전라남도 진도군 진도읍,경상사고,0,0,2,0,차대차 - 정면충돌,안전운전불이행,건조,맑음,교차로 - 교차로안,승용,남,75세,상해없음,승용,남,38세,경상
2022081000100141,2022년 8월 10일 10시,수요일,전라남도 장흥군 장흥읍,경상사고,0,0,1,0,차대차 - 추돌,안전운전불이행,건조,맑음,단일로 - 기타,화물,남,42세,상해없음,화물,남,59세,경상
2022081000100162,2022년 8월 10일 11시,수요일,전라남도 해남군 송지면,중상사고,0,1,0,0,차량단독 - 전도전복 - 전도,안전운전불이행,건조,맑음,단일로 - 기타,원동기,남,58세,중상,,,,
2022081000100218,2022년 8월 10일 13시,수요일,전라남도 목포시 상동,경상사고,0,0,1,0,차대차 - 기타,기타,건조,맑음,단일로 - 기타,화물,남,50세,기타불명,승용,여,27세,경상
2022081000100219,2022년 8월 10일 13시,수요일,전라남도 광양시 진상면,경상사고,0,0,1,0,차대차 - 기타,안전거리미확보,건조,맑음,단일로 - 기타,이륜,남,83세,경상,승합,여,52세,상해없음
2022081000100243,2022년 8월 10일 14시,수요일,전라남도 목포시 용당동,경상사고,0,0,1,0,차대차 - 추돌,안전운전불이행,건조,맑음,기타 - 기타,승용,남,71세,상해없음,승용,남,65세,경상
2022081000100244,2022년 8월 10일 14시,수요일,전라남도 목포시 옥암동,경상사고,0,0,2,0,차대차 - 측면충돌,안전운전불이행,건조,맑음,교차로 - 교차로부근,승용,여,40세,상해없음,승용,남,60세,경상
2022081000100245,2022년 8월 10일 14시,수요일,전라남도 순천시 해룡면,경상사고,0,0,1,0,차대사람 - 횡단중,보행자보호의무위반,건조,맑음,기타 - 기타,승용,남,37세,상해없음,보행자,남,8세,경상
2022081000100246,2022년 8월 10일 14시,수요일,전라남도 장흥군 용산면,부상신고사고,0,0,0,1,차량단독 - 공작물충돌,안전운전불이행,건조,맑음,기타 - 기타,화물,여,71세,부상신고,,,,
2022081000100280,2022년 8월 10일 15시,수요일,전라남도 화순군 화순읍,경상사고,0,0,1,0,차대차 - 기타,안전운전불이행,젖음/습기,맑음,교차로 - 교차로안,이륜,남,48세,경상,승용,남,43세,상해없음
2022081000100281,2022년 8월 10일 15시,수요일,전라남도 구례군 마산면,경상사고,0,0,1,0,차량단독 - 기타,안전운전불이행,건조,맑음,교차로 - 교차로안,이륜,남,67세,경상,,,,
2022081000100313,2022년 8월 10일 16시,수요일,전라남도 여수시 평여동,경상사고,0,0,1,0,차대차 - 기타,안전거리미확보,건조,맑음,단일로 - 기타,승용,남,55세,상해없음,건설기계,남,61세,경상
2022081000100314,2022년 8월 10일 16시,수요일,전라남도 해남군 산이면,경상사고,0,0,1,0,차대차 - 측면충돌,차로위반,건조,맑음,단일로 - 기타,화물,남,44세,상해없음,승용,남,72세,경상
2022081000100348,2022년 8월 10일 17시,수요일,전라남도 목포시 산정동,경상사고,0,0,1,0,차대차 - 후진중충돌,안전운전불이행,건조,맑음,단일로 - 기타,승용,여,54세,상해없음,이륜,남,25세,경상
2022081000100349,2022년 8월 10일 17시,수요일,전라남도 영암군 삼호읍,경상사고,0,0,1,0,차대차 - 정면충돌,중앙선침범,건조,맑음,교차로 - 교차로부근,화물,남,75세,상해없음,승용,남,56세,경상
2022081000100391,2022년 8월 10일 18시,수요일,전라남도 장흥군 관산읍,부상신고사고,0,0,0,1,차량단독 - 전도전복 - 전도,안전운전불이행,건조,맑음,단일로 - 기타,사륜오토바이(ATV),남,62세,부상신고,,,,
2022081000100392,2022년 8월 10일 18시,수요일,전라남도 영암군 삼호읍,경상사고,0,0,2,0,차대차 - 측면충돌,안전운전불이행,건조,맑음,교차로 - 교차로안,화물,남,70세,상해없음,승용,여,25세,경상
2022081000100393,2022년 8월 10일 18시,수요일,전라남도 강진군 도암면,사망사고,1,0,0,0,차대차 - 추돌,안전운전불이행,건조,맑음,단일로 - 기타,농기계,남,88세,사망,승용,남,33세,상해없음
2022081000100495,2022년 8월 10일 21시,수요일,전라남도 여수시 웅천동,경상사고,0,0,1,0,차대사람 - 보도통행중,기타,건조,맑음,기타 - 기타,개인형이동수단(PM),남,16세,상해없음,보행자,여,18세,경상
2022081000100528,2022년 8월 10일 22시,수요일,전라남도 목포시 석현동,경상사고,0,0,3,0,차대차 - 추돌,안전운전불이행,건조,흐림,기타 - 기타,화물,남,57세,상해없음,승용,남,48세,경상
2022081000100550,2022년 8월 10일 23시,수요일,전라남도 목포시 상동,경상사고,0,0,1,0,차대차 - 기타,안전운전불이행,건조,맑음,교차로 - 교차로안,승용,남,25세,상해없음,원동기,남,41세,경상
2022081100100008,2022년 8월 11일 00시,목요일,전라남도 순천시 연향동,경상사고,0,0,4,0,차대차 - 측면충돌,안전운전불이행,건조,맑음,교차로 - 교차로안,승용,여,54세,경상,승용,남,31세,경상
2022081100100028,2022년 8월 11일 03시,목요일,전라남도 무안군 삼향읍,경상사고,0,0,1,0,차대차 - 측면충돌,안전운전불이행,건조,맑음,교차로 - 교차로안,승용,남,16세,상해없음,승용,남,59세,경상
2022081100100036,2022년 8월 11일 04시,목요일,전라남도 목포시 대양동,경상사고,0,0,1,0,차대차 - 기타,안전운전불이행,젖음/습기,비,단일로 - 기타,화물,남,82세,상해없음,이륜,남,23세,경상
2022081100100066,2022년 8월 11일 07시,목요일,전라남도 장성군 동화면,경상사고,0,0,1,0,차대차 - 측면충돌,안전운전불이행,건조,맑음,단일로 - 기타,화물,남,61세,상해없음,승용,여,61세,경상
2022081100100088,2022년 8월 11일 08시,목요일,전라남도 순천시 서면,경상사고,0,0,1,0,차대차 - 측면충돌,신호위반,건조,맑음,교차로 - 교차로부근,승용,남,17세,상해없음,화물,남,62세,경상
2022081100100104,2022년 8월 11일 09시,목요일,전라남도 목포시 남교동,중상사고,0,1,0,0,차대사람 - 횡단중,안전운전불이행,건조,맑음,기타 - 기타,승용,여,27세,상해없음,보행자,여,79세,중상
2022081100100105,2022년 8월 11일 09시,목요일,전라남도 목포시 산정동,경상사고,0,0,4,0,차대차 - 기타,교차로운행방법위반,건조,맑음,교차로 - 교차로안,화물,남,62세,상해없음,승용,남,49세,경상
2022081100100106,2022년 8월 11일 09시,목요일,전라남도 영암군 학산면,경상사고,0,0,3,0,차량단독 - 공작물충돌,안전운전불이행,건조,흐림,단일로 - 기타,승용,남,27세,경상,,,,
2022081100100147,2022년 8월 11일 11시,목요일,전라남도 순천시 연향동,중상사고,0,1,3,0,차대차 - 측면충돌,신호위반,건조,맑음,교차로 - 교차로안,사륜오토바이(ATV),남,76세,중상,승용,남,39세,경상
2022081100100213,2022년 8월 11일 13시,목요일,전라남도 목포시 상동,경상사고,0,0,1,0,차대사람 - 횡단중,보행자보호의무위반,건조,맑음,교차로 - 교차로횡단보도내,화물,남,58세,상해없음,보행자,여,18세,경상
2022081100100238,2022년 8월 11일 14시,목요일,전라남도 목포시 상동,경상사고,0,0,1,0,차대차 - 측면충돌,안전운전불이행,건조,맑음,교차로 - 교차로안,승용,여,68세,상해없음,승용,남,40세,경상
2022081100100277,2022년 8월 11일 15시,목요일,전라남도 여수시 교동,중상사고,0,1,0,0,차대사람 - 횡단중,안전운전불이행,건조,맑음,단일로 - 기타,승용,여,60세,상해없음,보행자,여,68세,중상
2022081100100278,2022년 8월 11일 15시,목요일,전라남도 여수시 돌산읍,경상사고,0,0,1,0,차대사람 - 기타,안전운전불이행,건조,맑음,기타 - 기타,승용,남,59세,상해없음,보행자,여,84세,경상
2022081100100279,2022년 8월 11일 15시,목요일,전라남도 강진군 대구면,경상사고,0,0,1,0,차대차 - 추돌,안전운전불이행,건조,맑음,단일로 - 기타,화물,남,47세,상해없음,승용,여,46세,경상