사고번호,사고일시,요일,시군구,사고내용,사망자수,중상자수,경상자수,부상신고자수,사고유형,법규위반,노면상태,기상상태,도로형태,가해운전자 차종,가해운전자 성별,가해운전자 연령,가해운전자 상해정도,피해운전자 차종,피해운전자 성별,피해운전자 연령,피해운전자 상해정도
2022081100100307,2022년 8월 11일 16시,목요일,전라남도 여수시 봉계동,경상사고,0,0,1,0,차대차 - 측면충돌,안전운전불이행,젖음/습기,흐림,교차로 - 교차로안,승용,남,49세,상해없음,승용,남,61세,경상
2022081100100344,2022년 8월 11일 17시,목요일,전라남도 영암군 삼호읍,경상사고,0,0,1,0,차대차 - 측면충돌,안전거리미확보,건조,맑음,단일로 - 기타,승용,남,44세,상해없음,승용,남,47세,경상
2022081100100380,2022년 8월 11일 18시,목요일,전라남도 광양시 진월면,중상사고,0,1,0,0,차대차 - 정면충돌,교차로운행방법위반,건조,맑음,교차로 - 교차로안,화물,남,61세,중상,승합,남,58세,상해없음
2022081100100411,2022년 8월 11일 19시,목요일,전라남도 고흥군 동일면,중상사고,0,1,0,0,차량단독 - 기타,안전운전불이행,건조,맑음,단일로 - 기타,이륜,남,64세,상해없음,,,,
2022081100100412,2022년 8월 11일 19시,목요일,전라남도 강진군 강진읍,경상사고,0,0,1,0,차대차 - 측면충돌,직진우회전진행방해,건조,맑음,단일로 - 기타,승용,남,45세,상해없음,이륜,남,16세,경상
2022081100100437,2022년 8월 11일 20시,목요일,전라남도 순천시 조례동,중상사고,0,1,0,0,차대차 - 측면충돌,직진우회전진행방해,건조,맑음,교차로 - 교차로안,승용,여,40세,상해없음,이륜,남,66세,중상
2022081100100438,2022년 8월 11일 20시,목요일,전라남도 장성군 장성읍,경상사고,0,0,1,0,차대차 - 기타,기타,건조,맑음,단일로 - 기타,승용,여,42세,상해없음,승용,남,23세,경상
2022081200100033,2022년 8월 12일 04시,금요일,전라남도 장흥군 장흥읍,경상사고,0,0,2,0,차대차 - 측면충돌,교차로운행방법위반,젖음/습기,비,교차로 - 교차로안,승용,여,43세,경상,승용,여,31세,경상
2022081200100050,2022년 8월 12일 06시,금요일,전라남도 여수시 웅천동,중상사고,0,1,0,0,차대차 - 측면충돌,안전운전불이행,젖음/습기,비,교차로 - 교차로안,개인형이동수단(PM),남,33세,중상,승용,여,63세,상해없음
2022081200100100,2022년 8월 12일 08시,금요일,전라남도 목포시 상동,경상사고,0,0,4,0,차대차 - 기타,직진우회전진행방해,젖음/습기,흐림,교차로 - 교차로안,승용,여,26세,경상,승용,여,61세,경상
2022081200100101,2022년 8월 12일 08시,금요일,전라남도 여수시 여서동,경상사고,0,0,2,0,차대차 - 기타,신호위반,건조,맑음,교차로 - 교차로부근,승용,여,39세,상해없음,승용,남,59세,경상
2022081200100128,2022년 8월 12일 09시,금요일,전라남도 해남군 해남읍,경상사고,0,0,1,0,차대차 - 기타,안전운전불이행,건조,맑음,단일로 - 기타,승용,남,73세,상해없음,개인형이동수단(PM),여,79세,경상
2022081200100168,2022년 8월 12일 10시,금요일,전라남도 완도군 노화읍,경상사고,0,0,1,0,차대사람 - 차도통행중,안전운전불이행,젖음/습기,흐림,교차로 - 교차로부근,화물,남,58세,상해없음,보행자,여,66세,경상
2022081200100197,2022년 8월 12일 11시,금요일,전라남도 순천시 오천동,경상사고,0,0,2,0,차대차 - 측면충돌,차로위반,건조,맑음,교차로 - 교차로부근,이륜,여,31세,경상,승용,남,40세,경상
2022081200100198,2022년 8월 12일 11시,금요일,전라남도 고흥군 점암면,경상사고,0,0,2,0,차대차 - 기타,기타,건조,맑음,교차로 - 교차로안,승용,남,52세,상해없음,승용,여,67세,경상
2022081200100237,2022년 8월 12일 12시,금요일,전라남도 여수시 웅천동,경상사고,0,0,1,0,차대차 - 측면충돌,신호위반,건조,맑음,교차로 - 교차로부근,개인형이동수단(PM),남,14세,상해없음,승용,여,58세,경상
2022081200100275,2022년 8월 12일 13시,금요일,전라남도 여수시 호명동,경상사고,0,0,2,0,차대차 - 측면충돌,중앙선침범,건조,맑음,단일로 - 기타,특수,남,48세,상해없음,승용,남,30세,경상
2022081200100276,2022년 8월 12일 13시,금요일,전라남도 곡성군 옥과면,경상사고,0,0,1,0,차대차 - 기타,안전운전불이행,건조,맑음,단일로 - 기타,이륜,남,75세,경상,승용,남,31세,상해없음
2022081200100336,2022년 8월 12일 15시,금요일,전라남도 목포시 연산동,경상사고,0,0,6,0,차대차 - 추돌,안전운전불이행,건조,맑음,단일로 - 교량,승합,남,66세,상해없음,특수,남,48세,경상
2022081200100337,2022년 8월 12일 15시,금요일,전라남도 순천시 해룡면,경상사고,0,0,1,0,차대차 - 측면충돌,안전운전불이행,건조,맑음,단일로 - 기타,승용,여,25세,상해없음,화물,남,45세,경상
2022081200100338,2022년 8월 12일 15시,금요일,전라남도 해남군 현산면,중상사고,0,3,0,0,차대차 - 기타,기타,건조,맑음,단일로 - 기타,승용,남,71세,중상,승용,여,68세,중상
2022081200100380,2022년 8월 12일 16시,금요일,전라남도 해남군 해남읍,중상사고,0,1,0,0,차대사람 - 횡단중,보행자보호의무위반,건조,맑음,단일로 - 기타,승용,여,49세,상해없음,보행자,남,6세,중상
2022081200100381,2022년 8월 12일 16시,금요일,전라남도 화순군 화순읍,중상사고,0,1,0,0,차대사람 - 횡단중,보행자보호의무위반,건조,맑음,단일로 - 기타,화물,남,50세,상해없음,보행자,남,8세,중상
2022081200100470,2022년 8월 12일 18시,금요일,전라남도 영암군 미암면,경상사고,0,0,1,0,차대차 - 측면충돌,교차로운행방법위반,건조,맑음,교차로 - 교차로안,화물,남,32세,상해없음,승용,남,60세,경상
2022081200100513,2022년 8월 12일 19시,금요일,전라남도 여수시 학동,경상사고,0,0,1,0,차대차 - 추돌,안전운전불이행,건조,맑음,교차로 - 교차로안,승용,남,20세,상해없음,승용,여,58세,경상
2022081200100562,2022년 8월 12일 20시,금요일,전라남도 목포시 용해동,경상사고,0,0,3,0,차대차 - 측면충돌,안전운전불이행,건조,맑음,교차로 - 교차로안,승용,남,53세,상해없음,승용,남,61세,경상
2022081200100633,2022년 8월 12일 23시,금요일,전라남도 목포시 산정동,경상사고,0,0,1,0,차대차 - 기타,안전운전불이행,건조,맑음,기타 - 기타,승용,남,35세,상해없음,이륜,남,42세,경상
2022081200100634,2022년 8월 12일 23시,금요일,전라남도 순천시 저전동,경상사고,0,0,1,0,차대차 - 측면충돌,안전운전불이행,건조,맑음,기타 - 기타,승용,남,57세,상해없음,승용,남,59세,경상
2022081300100099,2022년 8월 13일 09시,토요일,전라남도 순천시 해룡면,경상사고,0,0,1,0,차대차 - 측면충돌,교차로운행방법위반,건조,맑음,교차로 - 교차로안,화물,남,53세,상해없음,승용,여,49세,경상
2022081300100100,2022년 8월 13일 09시,토요일,전라남도 영암군 학산면,경상사고,0,0,1,1,차대차 - 측면충돌,기타,건조,맑음,교차로 - 교차로안,화물,여,43세,부상신고,승용,남,75세,경상
2022081300100125,2022년 8월 13일 10시,토요일,전라남도 나주시 세지면,중상사고,0,1,0,0,차대사람 - 보도통행중,보행자보호의무위반,건조,맑음,교차로 - 교차로횡단보도내,승용,남,55세,상해없음,보행자,여,75세,중상
2022081300100126,2022년 8월 13일 10시,토요일,전라남도 고흥군 대서면,중상사고,0,1,0,0,차대차 - 기타,교차로운행방법위반,건조,맑음,교차로 - 교차로안,농기계,남,77세,상해없음,이륜,남,79세,중상
2022081300100127,2022년 8월 13일 10시,토요일,전라남도 영암군 삼호읍,경상사고,0,0,2,0,차대차 - 추돌,안전운전불이행,건조,맑음,단일로 - 기타,화물,남,40세,상해없음,승용,남,48세,경상
2022081300100148,2022년 8월 13일 11시,토요일,전라남도 순천시 상사면,경상사고,0,0,1,0,차대차 - 정면충돌,중앙선침범,건조,맑음,단일로 - 기타,승용,남,40세,상해없음,승용,남,52세,경상
2022081300100187,2022년 8월 13일 12시,토요일,전라남도 여수시 광무동,경상사고,0,0,3,0,차대차 - 측면충돌,안전운전불이행,건조,맑음,단일로 - 기타,이륜,남,22세,상해없음,승용,남,30세,경상
2022081300100188,2022년 8월 13일 12시,토요일,전라남도 여수시 평여동,경상사고,0,0,3,0,차대차 - 추돌,신호위반,건조,맑음,단일로 - 터널,승용,여,29세,경상,승용,남,37세,경상
2022081300100190,2022년 8월 13일 12시,토요일,전라남도 완도군 신지면,중상사고,0,1,1,0,차대차 - 기타,직진우회전진행방해,건조,맑음,교차로 - 교차로안,승용,남,62세,상해없음,승용,남,26세,상해없음
2022081300100303,2022년 8월 13일 15시,토요일,전라남도 나주시 경현동,사망사고,1,1,0,0,차량단독 - 공작물충돌,안전운전불이행,건조,맑음,단일로 - 기타,승용,여,54세,중상,,,,
2022081300100357,2022년 8월 13일 17시,토요일,전라남도 여수시 돌산읍,경상사고,0,0,1,0,차대사람 - 횡단중,보행자보호의무위반,건조,맑음,교차로 - 교차로안,승용,여,61세,상해없음,보행자,남,77세,경상
2022081300100358,2022년 8월 13일 17시,토요일,전라남도 순천시 연향동,경상사고,0,0,2,0,차대차 - 측면충돌,직진우회전진행방해,건조,맑음,교차로 - 교차로안,승용,남,30세,상해없음,승용,남,62세,경상
2022081300100359,2022년 8월 13일 17시,토요일,전라남도 광양시 옥룡면,경상사고,0,0,8,0,차대차 - 측면충돌,중앙선침범,건조,맑음,단일로 - 기타,승용,남,45세,경상,승용,남,32세,경상
2022081300100391,2022년 8월 13일 18시,토요일,전라남도 완도군 완도읍,경상사고,0,0,2,0,차대차 - 기타,기타,건조,맑음,단일로 - 기타,승용,남,53세,상해없음,승용,남,63세,경상
2022081300100455,2022년 8월 13일 20시,토요일,전라남도 목포시 상동,중상사고,0,1,0,0,차대차 - 기타,신호위반,건조,맑음,교차로 - 교차로안,이륜,남,29세,상해없음,이륜,남,44세,중상
2022081300100456,2022년 8월 13일 20시,토요일,전라남도 나주시 송월동,경상사고,0,0,1,0,차대차 - 측면충돌,안전운전불이행,건조,맑음,교차로 - 교차로부근,승용,여,35세,상해없음,화물,남,59세,경상
2022081300100490,2022년 8월 13일 21시,토요일,전라남도 여수시 관문동,경상사고,0,0,1,0,차대차 - 정면충돌,신호위반,건조,맑음,교차로 - 교차로안,승용,여,58세,상해없음,이륜,남,17세,경상
2022081300100491,2022년 8월 13일 21시,토요일,전라남도 여수시 미평동,사망사고,1,0,0,0,차대사람 - 기타,안전운전불이행,건조,맑음,교차로 - 교차로안,승용,남,65세,상해없음,보행자,남,83세,사망
2022081300100503,2022년 8월 13일 22시,토요일,전라남도 강진군 도암면,경상사고,0,0,1,0,차량단독 - 도로외이탈 - 추락,안전운전불이행,건조,맑음,단일로 - 기타,승용,남,31세,경상,,,,
2022081300100529,2022년 8월 13일 23시,토요일,전라남도 광양시 중동,경상사고,0,0,1,0,차대사람 - 차도통행중,안전운전불이행,건조,맑음,단일로 - 기타,승용,남,28세,상해없음,보행자,남,26세,경상
2022081400100090,2022년 8월 14일 10시,일요일,전라남도 목포시 상락동1가,중상사고,0,1,0,0,차대차 - 측면충돌,교차로운행방법위반,건조,맑음,교차로 - 교차로안,승용,남,42세,상해없음,이륜,남,48세,중상
2022081400100091,2022년 8월 14일 10시,일요일,전라남도 곡성군 곡성읍,경상사고,0,0,2,0,차대차 - 측면충돌,직진우회전진행방해,건조,맑음,교차로 - 교차로안,승용,남,30세,상해없음,승용,남,63세,경상
2022081400100092,2022년 8월 14일 10시,일요일,전라남도 광양시 광양읍,중상사고,0,1,0,0,차대사람 - 횡단중,보행자보호의무위반,건조,맑음,단일로 - 기타,승용,여,53세,상해없음,보행자,남,90세,중상
2022081400100111,2022년 8월 14일 11시,일요일,전라남도 나주시 빛가람동,경상사고,0,0,1,0,차대차 - 측면충돌,안전운전불이행,건조,맑음,단일로 - 기타,승용,남,46세,상해없음,승용,여,33세,경상
2022081400100112,2022년 8월 14일 11시,일요일,전라남도 영암군 삼호읍,경상사고,0,0,1,0,차대차 - 측면충돌,중앙선침범,건조,맑음,단일로 - 기타,화물,남,58세,상해없음,승용,여,68세,경상
2022081400100113,2022년 8월 14일 11시,일요일,전라남도 담양군 봉산면,경상사고,0,0,4,0,차대차 - 기타,직진우회전진행방해,건조,맑음,교차로 - 교차로안,승용,남,29세,상해없음,화물,남,71세,경상
2022081400100140,2022년 8월 14일 12시,일요일,전라남도 해남군 해남읍,경상사고,0,0,1,0,차대차 - 측면충돌,신호위반,건조,맑음,교차로 - 교차로안,승용,남,82세,상해없음,승용,남,29세,경상
2022081400100191,2022년 8월 14일 15시,일요일,전라남도 여수시 남산동,경상사고,0,0,3,0,차대차 - 측면충돌,직진우회전진행방해,건조,맑음,교차로 - 교차로부근,승용,남,31세,경상,승용,남,64세,경상
2022081400100192,2022년 8월 14일 15시,일요일,전라남도 순천시 동외동,경상사고,0,0,1,0,차대사람 - 차도통행중,안전운전불이행,건조,맑음,단일로 - 기타,승용,남,26세,상해없음,보행자,남,33세,경상
2022081400100245,2022년 8월 14일 17시,일요일,전라남도 담양군 월산면,중상사고,0,1,4,0,차대차 - 추돌,안전운전불이행,건조,맑음,교차로 - 교차로부근,승용,여,36세,상해없음,승용,여,47세,경상
2022081400100269,2022년 8월 14일 18시,일요일,전라남도 순천시 해룡면,중상사고,0,1,0,0,차량단독 - 공작물충돌,안전운전불이행,건조,맑음,단일로 - 기타,이륜,남,30세,중상,,,,
2022081400100270,2022년 8월 14일 18시,일요일,전라남도 영광군 영광읍,경상사고,0,0,1,0,차대차 - 측면충돌,안전운전불이행,건조,맑음,단일로 - 기타,자전거,남,85세,경상,승합,남,61세,상해없음
2022081400100301,2022년 8월 14일 19시,일요일,전라남도 광양시 옥곡면,경상사고,0,0,1,0,차대차 - 기타,신호위반,건조,맑음,교차로 - 교차로안,승용,남,63세,상해없음,승용,남,51세,경상
2022081400100323,2022년 8월 14일 20시,일요일,전라남도 순천시 덕암동,경상사고,0,0,1,0,차대차 - 측면충돌,안전운전불이행,건조,맑음,기타 - 기타,승용,남,26세,상해없음,이륜,남,60세,경상
2022081400100344,2022년 8월 14일 21시,일요일,전라남도 담양군 봉산면,경상사고,0,0,1,0,차대차 - 후진중충돌,안전운전불이행,건조,맑음,단일로 - 기타,화물,남,49세,상해없음,화물,남,49세,경상
2022081500100004,2022년 8월 15일 00시,월요일,전라남도 영암군 삼호읍,중상사고,0,2,0,0,차대차 - 측면충돌,직진우회전진행방해,건조,맑음,교차로 - 교차로안,원동기,남,30세,중상,승용,남,28세,상해없음
2022081500100023,2022년 8월 15일 02시,월요일,전라남도 담양군 고서면,사망사고,1,0,0,0,차대사람 - 기타,안전운전불이행,건조,맑음,단일로 - 기타,승용,남,25세,기타불명,보행자,남,85세,사망
2022081500100047,2022년 8월 15일 05시,월요일,전라남도 목포시 옥암동,중상사고,0,1,0,0,차대차 - 측면충돌,안전운전불이행,건조,맑음,단일로 - 기타,원동기,남,22세,중상,화물,남,50세,기타불명
2022081500100054,2022년 8월 15일 06시,월요일,전라남도 여수시 웅천동,부상신고사고,0,0,0,1,차량단독 - 전도전복 - 전도,안전운전불이행,건조,맑음,단일로 - 기타,원동기,남,19세,부상신고,,,,
2022081500100060,2022년 8월 15일 07시,월요일,전라남도 순천시 덕암동,경상사고,0,0,1,0,차대차 - 측면충돌,안전운전불이행,건조,맑음,단일로 - 기타,화물,남,58세,상해없음,승용,남,65세,경상
2022081500100088,2022년 8월 15일 09시,월요일,전라남도 신안군 하의면,사망사고,1,0,0,0,차대사람 - 기타,안전운전불이행,건조,흐림,단일로 - 기타,화물,남,39세,상해없음,보행자,여,85세,사망
2022081500100104,2022년 8월 15일 10시,월요일,전라남도 완도군 완도읍,경상사고,0,0,7,0,차대차 - 측면충돌,차로위반,건조,맑음,교차로 - 교차로부근,화물,남,67세,상해없음,승용,여,34세,경상
2022081500100123,2022년 8월 15일 11시,월요일,전라남도 여수시 화장동,경상사고,0,0,1,0,차대차 - 측면충돌,안전운전불이행,건조,맑음,교차로 - 교차로부근,승용,남,28세,상해없음,승용,남,42세,기타불명
2022081500100124,2022년 8월 15일 11시,월요일,전라남도 여수시 학동,경상사고,0,0,1,0,차대차 - 측면충돌,안전운전불이행,건조,맑음,교차로 - 교차로안,승용,남,35세,기타불명,승용,남,62세,경상
2022081500100125,2022년 8월 15일 11시,월요일,전라남도 여수시 신월동,중상사고,0,1,3,0,차대차 - 측면충돌,교차로운행방법위반,건조,맑음,교차로 - 교차로안,화물,남,26세,상해없음,승용,남,42세,경상
2022081500100126,2022년 8월 15일 11시,월요일,전라남도 해남군 해남읍,중상사고,0,1,0,0,차대차 - 기타,안전운전불이행,건조,맑음,단일로 - 기타,승용,남,79세,기타불명,자전거,남,63세,중상
2022081500100127,2022년 8월 15일 11시,월요일,전라남도 진도군 고군면,경상사고,0,0,1,0,차대차 - 측면충돌,중앙선침범,건조,맑음,단일로 - 기타,화물,남,24세,상해없음,사륜오토바이(ATV),남,68세,경상
2022081500100164,2022년 8월 15일 12시,월요일,전라남도 여수시 신기동,경상사고,0,0,2,0,차대차 - 측면충돌,안전운전불이행,건조,기타,교차로 - 교차로안,승용,남,32세,경상,승용,남,33세,경상
2022081500100165,2022년 8월 15일 12시,월요일,전라남도 고흥군 고흥읍,중상사고,0,1,0,0,차대차 - 측면충돌,직진우회전진행방해,건조,맑음,교차로 - 교차로안,승용,남,43세,상해없음,이륜,남,75세,중상
2022081500100166,2022년 8월 15일 12시,월요일,전라남도 담양군 용면,중상사고,0,1,0,0,차대차 - 추돌,안전운전불이행,건조,맑음,단일로 - 기타,자전거,여,80세,중상,화물,남,52세,기타불명
2022081500100198,2022년 8월 15일 13시,월요일,전라남도 화순군 화순읍,경상사고,0,0,3,0,차대차 - 추돌,안전운전불이행,건조,맑음,교차로 - 교차로안,승용,남,91세,상해없음,승용,여,38세,경상
2022081500100227,2022년 8월 15일 14시,월요일,전라남도 광양시 광양읍,중상사고,0,1,0,0,차대차 - 측면충돌,신호위반,건조,맑음,교차로 - 교차로안,화물,남,44세,기타불명,이륜,남,46세,중상
2022081500100256,2022년 8월 15일 15시,월요일,전라남도 여수시 화장동,경상사고,0,0,1,0,차대차 - 기타,안전운전불이행,건조,맑음,단일로 - 기타,승용,남,29세,상해없음,승용,남,29세,경상
2022081500100257,2022년 8월 15일 15시,월요일,전라남도 광양시 광양읍,경상사고,0,0,1,0,차대차 - 측면충돌,안전운전불이행,건조,맑음,단일로 - 기타,이륜,남,20세,경상,승용,남,68세,상해없음
2022081500100284,2022년 8월 15일 16시,월요일,전라남도 영암군 금정면,중상사고,0,1,1,0,차대차 - 측면충돌,중앙선침범,건조,맑음,단일로 - 기타,건설기계,남,23세,중상,승용,남,51세,경상
2022081500100312,2022년 8월 15일 17시,월요일,전라남도 목포시 용당동,경상사고,0,0,1,0,차대차 - 측면충돌,직진우회전진행방해,건조,맑음,교차로 - 교차로안,승용,여,61세,상해없음,승용,남,71세,경상
2022081500100313,2022년 8월 15일 17시,월요일,전라남도 장성군 남면,경상사고,0,0,1,0,차대차 - 기타,차로위반,건조,맑음,단일로 - 기타,승용,여,55세,상해없음,승용,남,40세,경상
2022081500100334,2022년 8월 15일 18시,월요일,전라남도 목포시 상동,경상사고,0,0,1,0,차대차 - 기타,안전운전불이행,건조,맑음,교차로 - 교차로부근,개인형이동수단(PM),남,23세,상해없음,승용,남,56세,경상
2022081500100361,2022년 8월 15일 19시,월요일,전라남도 나주시 금천면,경상사고,0,0,3,0,차대차 - 추돌,안전운전불이행,건조,맑음,단일로 - 교량,화물,남,51세,경상,승용,여,61세,경상
2022081500100384,2022년 8월 15일 20시,월요일,전라남도 보성군 득량면,사망사고,1,0,0,0,차량단독 - 도로외이탈 - 추락,안전운전불이행,기타,기타,단일로 - 기타,사륜오토바이(ATV),남,89세,사망,,,,
2022081500100385,2022년 8월 15일 20시,월요일,전라남도 영암군 삼호읍,경상사고,0,0,1,0,차대차 - 측면충돌,안전운전불이행,건조,맑음,교차로 - 교차로부근,승용,남,48세,상해없음,승용,여,45세,경상
2022081500100413,2022년 8월 15일 21시,월요일,전라남도 목포시 산정동,경상사고,0,0,2,0,차대차 - 후진중충돌,안전운전불이행,건조,맑음,기타 - 기타,화물,남,43세,상해없음,승용,여,33세,경상
2022081600100005,2022년 8월 16일 00시,화요일,전라남도 목포시 상동,경상사고,0,0,1,0,차대차 - 기타,안전운전불이행,젖음/습기,맑음,교차로 - 교차로부근,승용,여,46세,상해없음,이륜,남,28세,경상
2022081600100031,2022년 8월 16일 05시,화요일,전라남도 곡성군 삼기면,경상사고,0,0,1,0,차대차 - 추돌,안전운전불이행,젖음/습기,비,단일로 - 기타,승용,남,60세,상해없음,화물,남,54세,경상
2022081600100058,2022년 8월 16일 07시,화요일,전라남도 목포시 달동,경상사고,0,0,1,0,차대차 - 측면충돌,안전운전불이행,젖음/습기,흐림,단일로 - 기타,승용,남,44세,상해없음,승용,남,42세,경상
2022081600100059,2022년 8월 16일 07시,화요일,전라남도 여수시 학동,경상사고,0,0,1,0,차대차 - 측면충돌,직진우회전진행방해,건조,맑음,교차로 - 교차로안,승용,남,57세,상해없음,승용,여,28세,경상
2022081600100060,2022년 8월 16일 07시,화요일,전라남도 영암군 삼호읍,경상사고,0,0,1,1,차대차 - 측면충돌,신호위반,젖음/습기,비,교차로 - 교차로안,승용,남,38세,부상신고,화물,남,46세,경상
2022081600100084,2022년 8월 16일 08시,화요일,전라남도 목포시 석현동,중상사고,0,1,1,0,차대차 - 기타,신호위반,건조,맑음,교차로 - 교차로안,승용,남,52세,상해없음,승용,남,53세,경상
2022081600100085,2022년 8월 16일 08시,화요일,전라남도 영암군 삼호읍,경상사고,0,0,2,0,차대차 - 측면충돌,신호위반,젖음/습기,흐림,교차로 - 교차로부근,승용,여,67세,경상,화물,남,67세,경상
2022081600100086,2022년 8월 16일 08시,화요일,전라남도 담양군 대덕면,중상사고,0,2,1,0,차대사람 - 기타,안전운전불이행,건조,맑음,기타 - 기타,승용,남,65세,상해없음,보행자,여,77세,경상
2022081600100114,2022년 8월 16일 09시,화요일,전라남도 광양시 성황동,경상사고,0,0,1,0,차대차 - 기타,차로위반,건조,맑음,단일로 - 기타,승용,남,56세,상해없음,승용,여,33세,경상
2022081600100143,2022년 8월 16일 10시,화요일,전라남도 고흥군 포두면,경상사고,0,0,1,0,차대사람 - 횡단중,안전운전불이행,젖음/습기,비,교차로 - 교차로안,승용,여,62세,상해없음,보행자,남,78세,경상
2022081600100144,2022년 8월 16일 10시,화요일,전라남도 함평군 나산면,경상사고,0,0,1,0,차대차 - 측면충돌,교차로운행방법위반,젖음/습기,비,교차로 - 교차로안,이륜,남,75세,경상,건설기계,남,51세,상해없음
2022081600100255,2022년 8월 16일 13시,화요일,전라남도 강진군 강진읍,중상사고,0,1,0,0,차대차 - 측면충돌,직진우회전진행방해,젖음/습기,비,교차로 - 교차로안,승용,여,37세,상해없음,승용,남,68세,중상
2022081600100323,2022년 8월 16일 15시,화요일,전라남도 목포시 산정동,경상사고,0,0,2,0,차대차 - 측면충돌,교차로운행방법위반,건조,맑음,교차로 - 교차로안,승용,남,57세,기타불명,승용,남,65세,경상
2022081600100399,2022년 8월 16일 17시,화요일,전라남도 목포시 석현동,경상사고,0,0,1,0,차대차 - 기타,안전거리미확보,젖음/습기,흐림,기타 - 기타,승용,여,33세,상해없음,이륜,남,56세,경상
2022081600100400,2022년 8월 16일 17시,화요일,전라남도 광양시 중동,경상사고,0,0,1,0,차대차 - 추돌,안전운전불이행,젖음/습기,비,교차로 - 교차로부근,승용,남,41세,상해없음,승용,여,43세,상해없음
2022081600100443,2022년 8월 16일 18시,화요일,전라남도 영광군 영광읍,중상사고,0,1,1,1,차대차 - 측면충돌,교차로운행방법위반,건조,맑음,교차로 - 교차로안,승합,여,45세,상해없음,승용,남,23세,경상
2022081600100480,2022년 8월 16일 19시,화요일,전라남도 여수시 미평동,경상사고,0,0,1,0,차대차 - 측면충돌,신호위반,젖음/습기,흐림,교차로 - 교차로안,승용,남,68세,상해없음,이륜,남,29세,경상
2022081600100481,2022년 8월 16일 19시,화요일,전라남도 나주시 빛가람동,경상사고,0,0,1,0,차대차 - 기타,신호위반,젖음/습기,비,교차로 - 교차로안,승용,여,39세,상해없음,승용,여,32세,경상
2022081600100512,2022년 8월 16일 20시,화요일,전라남도 여수시 웅천동,중상사고,0,1,1,0,차대차 - 측면충돌,안전운전불이행,젖음/습기,비,단일로 - 기타,이륜,남,42세,중상,승용,남,48세,경상
2022081600100513,2022년 8월 16일 20시,화요일,전라남도 순천시 용당동,경상사고,0,0,1,0,차대차 - 기타,안전운전불이행,젖음/습기,비,교차로 - 교차로부근,승용,여,40세,상해없음,이륜,남,51세,경상
2022081600100546,2022년 8월 16일 22시,화요일,전라남도 화순군 화순읍,경상사고,0,0,2,0,차대차 - 기타,안전거리미확보,건조,맑음,단일로 - 기타,승용,여,52세,상해없음,원동기,남,18세,경상
2022081700100031,2022년 8월 17일 02시,수요일,전라남도 순천시 연향동,경상사고,0,0,2,0,차대차 - 추돌,안전운전불이행,젖음/습기,흐림,교차로 - 교차로부근,승용,남,57세,상해없음,승용,남,62세,경상
2022081700100140,2022년 8월 17일 09시,수요일,전라남도 목포시 산정동,중상사고,0,1,0,0,차대차 - 측면충돌,안전운전불이행,젖음/습기,흐림,단일로 - 기타,승용,남,63세,상해없음,이륜,남,83세,중상
2022081700100175,2022년 8월 17일 10시,수요일,전라남도 목포시 상동,경상사고,0,0,1,0,차대사람 - 기타,안전운전불이행,건조,맑음,단일로 - 기타,승용,남,61세,상해없음,보행자,여,25세,경상
2022081700100176,2022년 8월 17일 10시,수요일,전라남도 여수시 교동,경상사고,0,0,1,0,차대차 - 측면충돌,안전운전불이행,젖음/습기,흐림,교차로 - 교차로부근,승용,남,72세,상해없음,승용,남,32세,경상
2022081700100235,2022년 8월 17일 12시,수요일,전라남도 여수시 웅천동,경상사고,0,0,1,0,차대사람 - 횡단중,보행자보호의무위반,건조,맑음,교차로 - 교차로횡단보도내,승용,남,63세,상해없음,보행자,남,38세,경상
2022081700100236,2022년 8월 17일 12시,수요일,전라남도 해남군 마산면,경상사고,0,0,1,0,차대차 - 측면충돌,안전운전불이행,건조,맑음,단일로 - 기타,승합,남,50세,기타불명,화물,남,51세,상해없음
2022081700100303,2022년 8월 17일 14시,수요일,전라남도 목포시 상동,경상사고,0,0,2,0,차대차 - 측면충돌,안전운전불이행,건조,맑음,교차로 - 교차로안,화물,남,69세,상해없음,승용,여,56세,경상
2022081700100304,2022년 8월 17일 14시,수요일,전라남도 여수시 월하동,경상사고,0,0,1,0,차대차 - 측면충돌,신호위반,건조,흐림,교차로 - 교차로안,승용,남,28세,상해없음,승용,남,48세,경상
2022081700100305,2022년 8월 17일 14시,수요일,전라남도 곡성군 오곡면,부상신고사고,0,0,0,1,차대차 - 측면충돌,중앙선침범,건조,맑음,단일로 - 기타,승용,여,55세,부상신고,건설기계,남,64세,상해없음
2022081700100306,2022년 8월 17일 14시,수요일,전라남도 무안군 삼향읍,경상사고,0,0,1,0,차대차 - 측면충돌,안전운전불이행,건조,맑음,교차로 - 교차로횡단보도내,승용,남,34세,상해없음,승용,여,32세,경상
2022081700100341,2022년 8월 17일 15시,수요일,전라남도 신안군 안좌면,경상사고,0,0,2,0,차대차 - 측면충돌,안전운전불이행,건조,맑음,단일로 - 기타,농기계,남,73세,경상,승용,남,46세,상해없음
2022081700100342,2022년 8월 17일 15시,수요일,전라남도 목포시 옥암동,경상사고,0,0,1,0,차대차 - 측면충돌,교차로운행방법위반,건조,맑음,교차로 - 교차로안,승용,남,33세,상해없음,화물,남,65세,경상