사고번호,사고일시,요일,시군구,사고내용,사망자수,중상자수,경상자수,부상신고자수,사고유형,법규위반,노면상태,기상상태,도로형태,가해운전자 차종,가해운전자 성별,가해운전자 연령,가해운전자 상해정도,피해운전자 차종,피해운전자 성별,피해운전자 연령,피해운전자 상해정도
2022082200100422,2022년 8월 22일 18시,월요일,전라남도 강진군 강진읍,경상사고,0,0,1,0,차량단독 - 전도전복 - 전도,안전운전불이행,건조,맑음,단일로 - 기타,개인형이동수단(PM),여,17세,상해없음,,,,
2022082300100009,2022년 8월 23일 00시,화요일,전라남도 나주시 빛가람동,부상신고사고,0,0,0,1,차대사람 - 기타,안전운전불이행,건조,맑음,단일로 - 기타,승용,남,43세,상해없음,보행자,남,22세,부상신고
2022082300100010,2022년 8월 23일 00시,화요일,전라남도 담양군 고서면,사망사고,1,0,0,0,차량단독 - 기타,안전운전불이행,건조,맑음,단일로 - 기타,화물,남,69세,사망,,,,
2022082300100023,2022년 8월 23일 01시,화요일,전라남도 나주시 동강면,중상사고,0,2,0,0,차량단독 - 전도전복 - 전복,안전운전불이행,건조,맑음,교차로 - 교차로안,승용,남,37세,중상,,,,
2022082300100073,2022년 8월 23일 07시,화요일,전라남도 장흥군 관산읍,경상사고,0,0,1,0,차량단독 - 전도전복 - 전도,안전운전불이행,건조,맑음,교차로 - 교차로부근,사륜오토바이(ATV),남,85세,경상,,,,
2022082300100074,2022년 8월 23일 07시,화요일,전라남도 함평군 손불면,부상신고사고,0,0,0,1,차대차 - 측면충돌,직진우회전진행방해,젖음/습기,흐림,교차로 - 교차로안,이륜,남,79세,부상신고,화물,남,40세,상해없음
2022082300100101,2022년 8월 23일 08시,화요일,전라남도 여수시 율촌면,중상사고,0,1,0,0,차량단독 - 기타,안전운전불이행,건조,맑음,단일로 - 기타,승용,남,49세,상해없음,,,,
2022082300100102,2022년 8월 23일 08시,화요일,전라남도 순천시 연향동,경상사고,0,0,1,0,차대차 - 측면충돌,안전거리미확보,건조,맑음,교차로 - 교차로안,승합,여,46세,상해없음,승용,여,60세,경상
2022082300100103,2022년 8월 23일 08시,화요일,전라남도 함평군 함평읍,중상사고,0,1,0,0,차대사람 - 횡단중,안전운전불이행,건조,맑음,교차로 - 교차로안,승용,여,69세,상해없음,보행자,남,91세,중상
2022082300100162,2022년 8월 23일 10시,화요일,전라남도 신안군 지도읍,중상사고,0,2,0,0,차대차 - 추돌,안전운전불이행,건조,맑음,단일로 - 기타,승용,여,59세,상해없음,승용,남,73세,중상
2022082300100163,2022년 8월 23일 10시,화요일,전라남도 영암군 삼호읍,경상사고,0,0,1,0,차대차 - 후진중충돌,안전운전불이행,건조,맑음,주차장 - 주차장,승용,남,60세,상해없음,승용,여,26세,경상
2022082300100189,2022년 8월 23일 11시,화요일,전라남도 보성군 복내면,경상사고,0,0,1,0,차대사람 - 횡단중,보행자보호의무위반,건조,맑음,교차로 - 교차로부근,화물,남,44세,상해없음,보행자,여,55세,경상
2022082300100190,2022년 8월 23일 11시,화요일,전라남도 화순군 이서면,중상사고,0,1,0,0,차량단독 - 전도전복 - 전도,안전운전불이행,건조,맑음,교차로 - 교차로부근,이륜,남,85세,중상,,,,
2022082300100215,2022년 8월 23일 12시,화요일,전라남도 목포시 산정동,경상사고,0,0,3,0,차대차 - 기타,안전운전불이행,건조,맑음,단일로 - 기타,승용,남,27세,경상,승용,남,83세,경상
2022082300100216,2022년 8월 23일 12시,화요일,전라남도 고흥군 동강면,중상사고,0,1,1,0,차대차 - 기타,교차로운행방법위반,건조,맑음,교차로 - 교차로안,사륜오토바이(ATV),여,72세,중상,승용,여,53세,경상
2022082300100261,2022년 8월 23일 13시,화요일,전라남도 목포시 옥암동,경상사고,0,0,1,0,차대차 - 측면충돌,신호위반,건조,맑음,교차로 - 교차로안,승용,남,23세,상해없음,이륜,남,23세,경상
2022082300100262,2022년 8월 23일 13시,화요일,전라남도 고흥군 점암면,중상사고,0,2,2,0,차대차 - 기타,안전운전불이행,건조,맑음,단일로 - 기타,화물,여,25세,상해없음,승용,남,36세,경상
2022082300100263,2022년 8월 23일 13시,화요일,전라남도 진도군 진도읍,경상사고,0,0,1,0,차대사람 - 기타,안전운전불이행,건조,맑음,단일로 - 기타,승용,남,44세,상해없음,보행자,남,52세,경상
2022082300100264,2022년 8월 23일 13시,화요일,전라남도 순천시 주암면,경상사고,0,0,1,0,차대차 - 추돌,안전운전불이행,건조,맑음,단일로 - 기타,승용,남,38세,상해없음,승용,남,52세,경상
2022082300100296,2022년 8월 23일 14시,화요일,전라남도 신안군 흑산면,중상사고,0,1,0,0,차대사람 - 기타,안전운전불이행,건조,맑음,단일로 - 기타,화물,남,63세,상해없음,보행자,여,83세,중상
2022082300100297,2022년 8월 23일 14시,화요일,전라남도 고흥군 도덕면,경상사고,0,0,2,1,차대차 - 기타,안전운전불이행,건조,맑음,교차로 - 교차로안,승용,여,30세,부상신고,승용,남,77세,경상
2022082300100298,2022년 8월 23일 14시,화요일,전라남도 진도군 군내면,경상사고,0,0,1,0,차량단독 - 도로외이탈 - 기타,안전운전불이행,건조,맑음,단일로 - 기타,이륜,남,66세,경상,,,,
2022082300100338,2022년 8월 23일 15시,화요일,전라남도 여수시 신기동,경상사고,0,0,1,0,차대사람 - 기타,기타,건조,맑음,기타 - 기타,화물,남,72세,상해없음,보행자,여,36세,경상
2022082300100339,2022년 8월 23일 15시,화요일,전라남도 여수시 학동,경상사고,0,0,3,0,차대차 - 측면충돌,안전운전불이행,건조,맑음,기타 - 기타,화물,남,30세,상해없음,승용,여,27세,경상
2022082300100340,2022년 8월 23일 15시,화요일,전라남도 함평군 월야면,경상사고,0,0,4,0,차대차 - 정면충돌,중앙선침범,젖음/습기,비,단일로 - 기타,승용,남,69세,경상,승합,남,70세,경상
2022082300100382,2022년 8월 23일 16시,화요일,전라남도 여수시 소라면,경상사고,0,0,1,0,차대차 - 추돌,안전운전불이행,건조,맑음,교차로 - 교차로부근,승용,남,64세,상해없음,승용,여,32세,경상
2022082300100383,2022년 8월 23일 16시,화요일,전라남도 순천시 행동,경상사고,0,0,1,0,차대사람 - 길가장자리구역통행중,안전운전불이행,건조,맑음,교차로 - 교차로부근,승합,남,54세,상해없음,보행자,여,61세,경상
2022082300100433,2022년 8월 23일 17시,화요일,전라남도 목포시 산정동,경상사고,0,0,3,0,차대차 - 측면충돌,신호위반,건조,맑음,교차로 - 교차로안,승용,남,57세,상해없음,특수,남,40세,경상
2022082300100434,2022년 8월 23일 17시,화요일,전라남도 여수시 상암동,경상사고,0,0,2,0,차대차 - 측면충돌,안전운전불이행,건조,맑음,단일로 - 기타,승용,남,38세,상해없음,승용,여,41세,경상
2022082300100522,2022년 8월 23일 19시,화요일,전라남도 순천시 왕지동,중상사고,0,1,0,0,차대사람 - 차도통행중,보행자보호의무위반,젖음/습기,비,단일로 - 기타,승용,남,27세,상해없음,보행자,여,20세,중상
2022082300100523,2022년 8월 23일 19시,화요일,전라남도 순천시 조곡동,중상사고,0,1,0,0,차대차 - 측면충돌,안전거리미확보,젖음/습기,비,단일로 - 기타,승용,남,57세,상해없음,이륜,남,31세,중상
2022082300100524,2022년 8월 23일 19시,화요일,전라남도 고흥군 고흥읍,경상사고,0,0,1,0,차대사람 - 기타,안전운전불이행,건조,맑음,단일로 - 기타,승용,여,54세,상해없음,보행자,여,28세,경상
2022082300100525,2022년 8월 23일 19시,화요일,전라남도 담양군 대전면,경상사고,0,0,2,0,차량단독 - 전도전복 - 전도,안전운전불이행,젖음/습기,비,교차로 - 교차로부근,화물,남,24세,경상,,,,
2022082300100526,2022년 8월 23일 19시,화요일,전라남도 광양시 중동,경상사고,0,0,2,0,차대사람 - 기타,안전운전불이행,건조,맑음,기타 - 기타,승용,남,28세,상해없음,보행자,여,58세,경상
2022082300100582,2022년 8월 23일 21시,화요일,전라남도 여수시 소라면,경상사고,0,0,1,0,차대차 - 추돌,안전운전불이행,젖음/습기,비,단일로 - 기타,승합,남,56세,기타불명,화물,남,71세,경상
2022082300100583,2022년 8월 23일 21시,화요일,전라남도 광양시 마동,경상사고,0,0,1,0,차대차 - 추돌,안전운전불이행,젖음/습기,비,교차로 - 교차로부근,승용,남,23세,기타불명,승용,여,27세,경상
2022082400100009,2022년 8월 24일 00시,수요일,전라남도 영광군 홍농읍,중상사고,0,1,0,0,차대사람 - 차도통행중,안전운전불이행,건조,맑음,단일로 - 기타,승용,남,60세,상해없음,보행자,남,21세,중상
2022082400100072,2022년 8월 24일 07시,수요일,전라남도 여수시 주삼동,경상사고,0,0,1,0,차대차 - 측면충돌,안전운전불이행,젖음/습기,비,교차로 - 교차로안,특수,남,50세,상해없음,승용,남,49세,경상
2022082400100073,2022년 8월 24일 07시,수요일,전라남도 완도군 완도읍,경상사고,0,0,4,0,차대차 - 측면충돌,신호위반,건조,맑음,교차로 - 교차로안,승용,여,48세,경상,승용,남,29세,경상
2022082400100106,2022년 8월 24일 08시,수요일,전라남도 목포시 상동,경상사고,0,0,5,0,차대차 - 추돌,안전운전불이행,건조,맑음,교차로 - 교차로부근,승용,남,45세,경상,승용,남,64세,경상
2022082400100107,2022년 8월 24일 08시,수요일,전라남도 순천시 연향동,중상사고,0,1,0,0,차대차 - 기타,안전운전불이행,젖음/습기,비,교차로 - 교차로안,승용,남,71세,상해없음,이륜,남,36세,중상
2022082400100108,2022년 8월 24일 08시,수요일,전라남도 순천시 해룡면,경상사고,0,0,2,0,차대차 - 추돌,안전거리미확보,건조,맑음,단일로 - 기타,승용,남,52세,경상,승용,남,51세,경상
2022082400100149,2022년 8월 24일 09시,수요일,전라남도 신안군 압해읍,경상사고,0,0,1,0,차대차 - 추돌,안전운전불이행,건조,맑음,단일로 - 기타,화물,남,73세,상해없음,승용,여,32세,경상
2022082400100150,2022년 8월 24일 09시,수요일,전라남도 목포시 용당동,경상사고,0,0,1,0,차량단독 - 공작물충돌,안전운전불이행,건조,맑음,교차로 - 교차로부근,승용,남,59세,경상,,,,
2022082400100151,2022년 8월 24일 09시,수요일,전라남도 해남군 해남읍,중상사고,0,1,0,0,차대차 - 측면충돌,안전운전불이행,건조,맑음,교차로 - 교차로안,승용,여,39세,상해없음,이륜,남,81세,중상
2022082400100185,2022년 8월 24일 10시,수요일,전라남도 해남군 문내면,중상사고,0,1,0,0,차대차 - 기타,안전운전불이행,건조,맑음,교차로 - 교차로안,사륜오토바이(ATV),남,59세,중상,화물,남,67세,상해없음
2022082400100186,2022년 8월 24일 10시,수요일,전라남도 강진군 강진읍,부상신고사고,0,0,0,1,차대차 - 측면충돌,직진우회전진행방해,건조,맑음,교차로 - 교차로안,자전거,여,70세,부상신고,이륜,여,64세,상해없음
2022082400100187,2022년 8월 24일 10시,수요일,전라남도 곡성군 삼기면,경상사고,0,0,2,0,차대차 - 추돌,안전운전불이행,젖음/습기,비,단일로 - 기타,승용,남,59세,상해없음,승용,남,32세,경상
2022082400100219,2022년 8월 24일 11시,수요일,전라남도 여수시 교동,경상사고,0,0,1,0,차대차 - 측면충돌,안전운전불이행,건조,맑음,교차로 - 교차로부근,승용,남,59세,상해없음,승용,여,61세,경상
2022082400100220,2022년 8월 24일 11시,수요일,전라남도 영암군 삼호읍,경상사고,0,0,2,0,차대차 - 측면충돌,교차로운행방법위반,건조,맑음,교차로 - 교차로안,승용,남,44세,상해없음,화물,남,63세,경상
2022082400100256,2022년 8월 24일 12시,수요일,전라남도 해남군 화원면,경상사고,0,0,2,0,차대차 - 측면충돌,교차로운행방법위반,건조,맑음,교차로 - 교차로안,승용,남,37세,경상,승용,남,50세,경상
2022082400100288,2022년 8월 24일 13시,수요일,전라남도 여수시 문수동,경상사고,0,0,1,0,차대사람 - 차도통행중,안전운전불이행,건조,맑음,단일로 - 기타,승용,여,45세,상해없음,보행자,여,22세,경상
2022082400100289,2022년 8월 24일 13시,수요일,전라남도 곡성군 겸면,경상사고,0,0,1,0,차대차 - 기타,기타,건조,맑음,교차로 - 교차로안,승용,남,62세,경상,승용,남,81세,상해없음
2022082400100318,2022년 8월 24일 14시,수요일,전라남도 화순군 도곡면,경상사고,0,0,1,0,차대차 - 측면충돌,직진우회전진행방해,건조,맑음,교차로 - 교차로안,승용,남,73세,상해없음,화물,남,54세,경상
2022082400100340,2022년 8월 24일 15시,수요일,전라남도 순천시 인제동,경상사고,0,0,1,0,차대사람 - 기타,안전운전불이행,건조,맑음,단일로 - 기타,화물,남,77세,상해없음,보행자,남,62세,경상
2022082400100341,2022년 8월 24일 15시,수요일,전라남도 완도군 완도읍,경상사고,0,0,1,0,차대차 - 측면충돌,교차로운행방법위반,건조,맑음,교차로 - 교차로안,승용,남,53세,상해없음,승용,여,56세,경상
2022082400100382,2022년 8월 24일 16시,수요일,전라남도 여수시 여서동,중상사고,0,1,0,0,차대차 - 기타,안전운전불이행,건조,맑음,단일로 - 기타,승용,여,52세,상해없음,이륜,남,65세,중상
2022082400100383,2022년 8월 24일 16시,수요일,전라남도 영암군 삼호읍,중상사고,0,1,1,0,차대차 - 측면충돌,안전운전불이행,건조,맑음,교차로 - 교차로안,승용,남,48세,경상,승용,여,42세,중상
2022082400100384,2022년 8월 24일 16시,수요일,전라남도 담양군 대전면,경상사고,0,0,1,0,차량단독 - 기타,안전운전불이행,건조,맑음,단일로 - 기타,승용,남,23세,경상,,,,
2022082400100506,2022년 8월 24일 19시,수요일,전라남도 목포시 용당동,경상사고,0,0,1,0,차대차 - 기타,안전운전불이행,건조,맑음,단일로 - 기타,승용,남,27세,기타불명,승용,여,66세,경상
2022082400100507,2022년 8월 24일 19시,수요일,전라남도 목포시 상동,경상사고,0,0,1,0,차대차 - 측면충돌,신호위반,건조,맑음,교차로 - 교차로횡단보도내,이륜,남,26세,상해없음,개인형이동수단(PM),남,20세,경상
2022082400100508,2022년 8월 24일 19시,수요일,전라남도 해남군 화원면,중상사고,0,3,1,0,차대차 - 측면충돌,안전운전불이행,건조,맑음,교차로 - 교차로안,화물,남,64세,중상,승용,남,67세,중상
2022082400100509,2022년 8월 24일 19시,수요일,전라남도 광양시 봉강면,경상사고,0,0,1,0,차대차 - 추돌,안전운전불이행,건조,맑음,단일로 - 기타,승용,남,51세,상해없음,승합,남,49세,경상
2022082400100542,2022년 8월 24일 20시,수요일,전라남도 완도군 완도읍,경상사고,0,0,2,0,차대차 - 추돌,안전운전불이행,건조,맑음,단일로 - 기타,승용,여,45세,기타불명,화물,남,73세,경상
2022082400100543,2022년 8월 24일 20시,수요일,전라남도 완도군 보길면,중상사고,0,1,0,0,차대사람 - 차도통행중,안전운전불이행,건조,맑음,단일로 - 기타,승용,여,60세,상해없음,보행자,남,73세,중상
2022082400100594,2022년 8월 24일 22시,수요일,전라남도 목포시 대성동,중상사고,0,1,0,0,차대사람 - 차도통행중,안전운전불이행,건조,맑음,교차로 - 교차로안,승용,남,38세,상해없음,보행자,남,61세,중상
2022082400100595,2022년 8월 24일 22시,수요일,전라남도 목포시 상동,경상사고,0,0,2,0,차대차 - 측면충돌,신호위반,건조,맑음,교차로 - 교차로안,화물,남,45세,상해없음,승용,여,27세,경상
2022082400100615,2022년 8월 24일 23시,수요일,전라남도 여수시 문수동,경상사고,0,0,1,0,차대사람 - 횡단중,보행자보호의무위반,건조,맑음,단일로 - 기타,승합,남,31세,상해없음,보행자,남,59세,경상
2022082500100036,2022년 8월 25일 05시,목요일,전라남도 목포시 죽교동,경상사고,0,0,1,0,차대차 - 추돌,안전운전불이행,건조,맑음,교차로 - 교차로부근,이륜,남,79세,경상,승용,남,61세,상해없음
2022082500100066,2022년 8월 25일 07시,목요일,전라남도 무안군 청계면,경상사고,0,0,2,0,차대차 - 측면충돌,안전운전불이행,건조,맑음,교차로 - 교차로안,승용,여,65세,경상,승용,여,48세,경상
2022082500100182,2022년 8월 25일 11시,목요일,전라남도 여수시 화정면,경상사고,0,0,1,0,차량단독 - 기타,안전운전불이행,건조,맑음,단일로 - 기타,화물,남,63세,경상,,,,
2022082500100183,2022년 8월 25일 11시,목요일,전라남도 곡성군 석곡면,중상사고,0,1,0,0,차대차 - 측면충돌,안전운전불이행,건조,맑음,교차로 - 교차로안,이륜,남,86세,중상,건설기계,남,56세,상해없음
2022082500100222,2022년 8월 25일 12시,목요일,전라남도 여수시 문수동,경상사고,0,0,1,0,차대차 - 측면충돌,안전운전불이행,건조,맑음,단일로 - 기타,승합,남,72세,상해없음,이륜,남,41세,경상
2022082500100223,2022년 8월 25일 12시,목요일,전라남도 보성군 벌교읍,경상사고,0,0,1,0,차대차 - 정면충돌,안전운전불이행,건조,맑음,단일로 - 기타,이륜,남,73세,경상,화물,남,79세,상해없음
2022082500100262,2022년 8월 25일 13시,목요일,전라남도 목포시 석현동,경상사고,0,0,3,0,차대차 - 기타,차로위반,건조,맑음,단일로 - 기타,화물,남,71세,상해없음,화물,남,39세,경상
2022082500100263,2022년 8월 25일 13시,목요일,전라남도 고흥군 고흥읍,경상사고,0,0,1,0,차대차 - 기타,기타,건조,맑음,교차로 - 교차로안,승용,남,29세,상해없음,원동기,여,68세,경상
2022082500100289,2022년 8월 25일 14시,목요일,전라남도 화순군 도곡면,경상사고,0,0,2,0,차대차 - 측면충돌,교차로운행방법위반,건조,맑음,교차로 - 교차로안,승용,여,62세,경상,승합,남,24세,경상
2022082500100290,2022년 8월 25일 14시,목요일,전라남도 구례군 토지면,경상사고,0,0,10,0,차대차 - 측면충돌,중앙선침범,건조,맑음,단일로 - 기타,승용,남,59세,상해없음,승합,남,21세,경상
2022082500100321,2022년 8월 25일 15시,목요일,전라남도 여수시 덕충동,경상사고,0,0,1,0,차대차 - 기타,안전운전불이행,건조,맑음,단일로 - 기타,승용,남,67세,상해없음,승용,남,28세,경상
2022082500100322,2022년 8월 25일 15시,목요일,전라남도 화순군 화순읍,경상사고,0,0,1,0,차대차 - 측면충돌,신호위반,건조,맑음,단일로 - 고가도로위,건설기계,남,45세,상해없음,승용,여,24세,경상
2022082500100360,2022년 8월 25일 16시,목요일,전라남도 목포시 용당동,경상사고,0,0,1,0,차대차 - 기타,안전운전불이행,건조,맑음,단일로 - 기타,화물,남,47세,상해없음,화물,남,52세,경상
2022082500100361,2022년 8월 25일 16시,목요일,전라남도 여수시 소호동,경상사고,0,0,1,0,차대차 - 측면충돌,안전운전불이행,건조,맑음,교차로 - 교차로부근,승용,여,39세,상해없음,승용,여,54세,상해없음
2022082500100362,2022년 8월 25일 16시,목요일,전라남도 순천시 풍덕동,경상사고,0,0,1,0,차대차 - 측면충돌,직진우회전진행방해,건조,맑음,교차로 - 교차로안,이륜,남,25세,상해없음,화물,남,61세,경상
2022082500100394,2022년 8월 25일 17시,목요일,전라남도 진도군 진도읍,중상사고,0,1,0,0,차대차 - 측면충돌,중앙선침범,건조,맑음,단일로 - 지하차도(도로)내,승용,남,64세,상해없음,이륜,남,20세,중상
2022082500100429,2022년 8월 25일 18시,목요일,전라남도 여수시 학동,경상사고,0,0,2,0,차대차 - 측면충돌,신호위반,건조,맑음,단일로 - 기타,승용,여,51세,상해없음,개인형이동수단(PM),남,14세,경상
2022082500100430,2022년 8월 25일 18시,목요일,전라남도 보성군 조성면,경상사고,0,0,1,0,차대차 - 측면충돌,안전운전불이행,건조,맑음,교차로 - 교차로안,이륜,남,77세,경상,승용,남,70세,상해없음
2022082500100431,2022년 8월 25일 18시,목요일,전라남도 광양시 중동,경상사고,0,0,1,0,차대차 - 측면충돌,직진우회전진행방해,건조,맑음,교차로 - 교차로안,승용,여,57세,상해없음,승용,남,51세,경상
2022082500100498,2022년 8월 25일 20시,목요일,전라남도 나주시 송월동,부상신고사고,0,0,0,1,차량단독 - 공작물충돌,안전운전불이행,건조,맑음,교차로 - 교차로부근,승용,남,32세,부상신고,,,,
2022082500100499,2022년 8월 25일 20시,목요일,전라남도 담양군 담양읍,중상사고,0,1,0,0,차대차 - 추돌,안전운전불이행,건조,맑음,단일로 - 기타,승용,여,33세,중상,화물,남,51세,기타불명
2022082500100527,2022년 8월 25일 21시,목요일,전라남도 순천시 조례동,중상사고,0,1,0,0,차대사람 - 기타,보행자보호의무위반,건조,맑음,교차로 - 교차로안,개인형이동수단(PM),남,18세,상해없음,보행자,남,18세,중상
2022082500100528,2022년 8월 25일 21시,목요일,전라남도 해남군 해남읍,경상사고,0,0,1,0,차대차 - 측면충돌,안전운전불이행,건조,맑음,단일로 - 기타,승용,남,30세,상해없음,이륜,남,20세,경상
2022082500100557,2022년 8월 25일 22시,목요일,전라남도 순천시 석현동,중상사고,0,1,0,0,차대차 - 기타,안전운전불이행,건조,맑음,단일로 - 기타,승용,여,28세,상해없음,이륜,남,19세,중상
2022082600100077,2022년 8월 26일 07시,금요일,전라남도 여수시 신기동,경상사고,0,0,1,0,차대차 - 기타,안전운전불이행,건조,맑음,단일로 - 기타,승용,남,19세,상해없음,승용,남,37세,경상
2022082600100143,2022년 8월 26일 09시,금요일,전라남도 목포시 용해동,경상사고,0,0,1,0,차대차 - 추돌,안전운전불이행,건조,맑음,교차로 - 교차로부근,승용,남,63세,상해없음,승용,남,44세,경상
2022082600100174,2022년 8월 26일 10시,금요일,전라남도 목포시 옥암동,중상사고,0,1,0,0,차대차 - 측면충돌,교차로운행방법위반,건조,맑음,교차로 - 교차로안,승용,남,42세,상해없음,자전거,남,63세,중상
2022082600100175,2022년 8월 26일 10시,금요일,전라남도 순천시 덕암동,경상사고,0,0,2,0,차대차 - 측면충돌,안전운전불이행,건조,맑음,교차로 - 교차로부근,승용,남,40세,경상,승용,남,72세,경상
2022082600100209,2022년 8월 26일 11시,금요일,전라남도 순천시 가곡동,중상사고,0,1,0,0,차대차 - 추돌,차로위반,건조,맑음,교차로 - 교차로부근,이륜,여,74세,중상,승용,여,60세,상해없음
2022082600100210,2022년 8월 26일 11시,금요일,전라남도 나주시 금천면,중상사고,0,1,0,0,차대차 - 측면충돌,신호위반,건조,맑음,교차로 - 교차로안,화물,남,63세,상해없음,승용,여,41세,중상
2022082600100237,2022년 8월 26일 12시,금요일,전라남도 화순군 도곡면,경상사고,0,0,1,0,차대차 - 측면충돌,교차로운행방법위반,건조,맑음,교차로 - 교차로부근,승용,여,60세,상해없음,승용,남,59세,경상
2022082600100267,2022년 8월 26일 13시,금요일,전라남도 순천시 조례동,경상사고,0,0,1,0,차대차 - 기타,안전운전불이행,건조,맑음,단일로 - 기타,승용,여,51세,상해없음,승용,여,34세,경상
2022082600100296,2022년 8월 26일 14시,금요일,전라남도 목포시 상동,경상사고,0,0,2,0,차대차 - 측면충돌,안전운전불이행,건조,맑음,교차로 - 교차로부근,승용,남,21세,상해없음,승용,여,44세,경상
2022082600100297,2022년 8월 26일 14시,금요일,전라남도 고흥군 동강면,중상사고,0,1,2,0,차대차 - 추돌,안전운전불이행,건조,맑음,기타 - 기타,승용,남,53세,상해없음,화물,남,56세,중상
2022082600100298,2022년 8월 26일 14시,금요일,전라남도 보성군 벌교읍,경상사고,0,0,1,0,차대차 - 측면충돌,안전운전불이행,건조,맑음,교차로 - 교차로안,화물,남,74세,상해없음,승용,남,44세,경상
2022082600100337,2022년 8월 26일 15시,금요일,전라남도 광양시 광양읍,중상사고,0,1,0,0,차대사람 - 기타,안전운전불이행,건조,맑음,단일로 - 기타,화물,남,32세,상해없음,보행자,여,7세,중상
2022082600100382,2022년 8월 26일 16시,금요일,전라남도 순천시 조례동,경상사고,0,0,2,0,차대차 - 기타,안전운전불이행,건조,맑음,교차로 - 교차로부근,승용,여,40세,기타불명,승용,남,26세,경상
2022082600100383,2022년 8월 26일 16시,금요일,전라남도 광양시 광양읍,경상사고,0,0,1,0,차대차 - 측면충돌,신호위반,건조,맑음,교차로 - 교차로안,승용,남,27세,상해없음,승용,남,39세,경상
2022082600100425,2022년 8월 26일 17시,금요일,전라남도 순천시 왕지동,경상사고,0,0,3,0,차대차 - 추돌,안전운전불이행,건조,맑음,단일로 - 기타,승용,남,61세,상해없음,승용,여,41세,경상
2022082600100426,2022년 8월 26일 17시,금요일,전라남도 나주시 산포면,경상사고,0,0,1,0,차대차 - 추돌,안전운전불이행,건조,맑음,단일로 - 기타,승용,여,32세,상해없음,승용,여,59세,상해없음
2022082600100427,2022년 8월 26일 17시,금요일,전라남도 고흥군 포두면,중상사고,0,4,1,0,차대차 - 기타,중앙선침범,건조,맑음,기타 - 기타,승용,여,61세,상해없음,승용,여,26세,중상
2022082600100428,2022년 8월 26일 17시,금요일,전라남도 완도군 완도읍,경상사고,0,0,1,0,차대차 - 측면충돌,안전운전불이행,건조,맑음,단일로 - 기타,승용,남,80세,상해없음,화물,남,68세,경상
2022082600100484,2022년 8월 26일 18시,금요일,전라남도 목포시 옥암동,경상사고,0,0,2,0,차대차 - 측면충돌,차로위반,건조,맑음,기타 - 기타,승용,남,47세,경상,승용,여,43세,경상
2022082600100485,2022년 8월 26일 18시,금요일,전라남도 목포시 산정동,경상사고,0,0,2,0,차대차 - 측면충돌,안전운전불이행,건조,맑음,기타 - 기타,이륜,남,69세,경상,승용,남,47세,경상
2022082600100486,2022년 8월 26일 18시,금요일,전라남도 여수시 소라면,경상사고,0,0,1,0,차대차 - 측면충돌,안전운전불이행,건조,맑음,교차로 - 교차로안,화물,남,44세,상해없음,승용,여,63세,경상
2022082600100487,2022년 8월 26일 18시,금요일,전라남도 나주시 영산동,경상사고,0,0,1,0,차대차 - 측면충돌,안전운전불이행,건조,맑음,교차로 - 교차로안,승용,남,79세,상해없음,승용,남,31세,경상
2022082600100488,2022년 8월 26일 18시,금요일,전라남도 장성군 장성읍,중상사고,0,1,0,0,차량단독 - 기타,안전운전불이행,건조,맑음,단일로 - 기타,이륜,남,19세,중상,,,,
2022082600100571,2022년 8월 26일 20시,금요일,전라남도 무안군 무안읍,중상사고,0,1,0,0,차대차 - 추돌,안전운전불이행,건조,맑음,교차로 - 교차로부근,승용,남,85세,상해없음,화물,남,43세,상해없음
2022082600100647,2022년 8월 26일 23시,금요일,전라남도 광양시 중동,중상사고,0,2,2,0,차대차 - 측면충돌,기타,건조,맑음,단일로 - 기타,승용,남,27세,경상,특수,남,53세,기타불명
2022082700100011,2022년 8월 27일 00시,토요일,전라남도 구례군 용방면,중상사고,0,1,3,0,차대차 - 정면충돌,중앙선침범,건조,맑음,단일로 - 기타,승용,여,55세,경상,승용,여,43세,경상
2022082700100022,2022년 8월 27일 01시,토요일,전라남도 목포시 상동,중상사고,0,2,0,0,차대차 - 기타,안전운전불이행,건조,맑음,단일로 - 기타,이륜,남,21세,중상,이륜,남,19세,중상
2022082700100059,2022년 8월 27일 04시,토요일,전라남도 순천시 풍덕동,경상사고,0,0,1,0,차대차 - 측면충돌,안전운전불이행,건조,맑음,단일로 - 기타,승용,남,36세,상해없음,이륜,남,46세,경상
2022082700100080,2022년 8월 27일 06시,토요일,전라남도 여수시 교동,중상사고,0,1,0,0,차대사람 - 기타,안전운전불이행,건조,맑음,기타 - 기타,화물,여,64세,상해없음,보행자,여,79세,중상
2022082700100097,2022년 8월 27일 07시,토요일,전라남도 구례군 구례읍,경상사고,0,0,1,0,차대차 - 기타,안전운전불이행,건조,맑음,단일로 - 기타,승용,남,56세,상해없음,화물,남,46세,경상
2022082700100110,2022년 8월 27일 08시,토요일,전라남도 여수시 주삼동,경상사고,0,0,2,0,차대차 - 추돌,안전거리미확보,건조,맑음,단일로 - 기타,화물,남,49세,상해없음,승용,여,58세,경상
2022082700100137,2022년 8월 27일 09시,토요일,전라남도 해남군 화원면,경상사고,0,0,1,0,차대차 - 측면충돌,안전운전불이행,건조,맑음,단일로 - 기타,화물,남,56세,기타불명,농기계,남,48세,경상