사고번호,사고일시,요일,시군구,사고내용,사망자수,중상자수,경상자수,부상신고자수,사고유형,법규위반,노면상태,기상상태,도로형태,가해운전자 차종,가해운전자 성별,가해운전자 연령,가해운전자 상해정도,피해운전자 차종,피해운전자 성별,피해운전자 연령,피해운전자 상해정도
2022082700100138,2022년 8월 27일 09시,토요일,전라남도 보성군 회천면,경상사고,0,0,1,0,차량단독 - 도로외이탈 - 추락,안전운전불이행,건조,맑음,단일로 - 기타,승용,여,35세,경상,,,,
2022082700100139,2022년 8월 27일 09시,토요일,전라남도 장성군 동화면,경상사고,0,0,3,0,차대차 - 기타,중앙선침범,건조,맑음,단일로 - 기타,승용,남,57세,상해없음,승용,여,72세,상해없음
2022082700100167,2022년 8월 27일 10시,토요일,전라남도 목포시 용해동,경상사고,0,0,1,0,차대차 - 측면충돌,신호위반,건조,맑음,교차로 - 교차로안,화물,남,67세,상해없음,승용,남,61세,경상
2022082700100208,2022년 8월 27일 11시,토요일,전라남도 보성군 벌교읍,경상사고,0,0,3,0,차량단독 - 공작물충돌,안전운전불이행,건조,맑음,단일로 - 기타,승용,남,65세,경상,,,,
2022082700100209,2022년 8월 27일 11시,토요일,전라남도 진도군 의신면,경상사고,0,0,3,0,차대차 - 측면충돌,교차로운행방법위반,건조,맑음,교차로 - 교차로안,화물,남,85세,상해없음,승용,남,48세,경상
2022082700100248,2022년 8월 27일 12시,토요일,전라남도 신안군 자은면,중상사고,0,1,0,0,차대차 - 측면충돌,안전운전불이행,건조,맑음,단일로 - 기타,승용,여,65세,상해없음,사륜오토바이(ATV),남,80세,중상
2022082700100249,2022년 8월 27일 12시,토요일,전라남도 목포시 용당동,경상사고,0,0,3,0,차대차 - 측면충돌,안전운전불이행,건조,맑음,교차로 - 교차로부근,승용,남,43세,경상,승용,남,68세,경상
2022082700100250,2022년 8월 27일 12시,토요일,전라남도 나주시 빛가람동,경상사고,0,0,1,0,차대차 - 측면충돌,불법유턴,건조,맑음,교차로 - 교차로횡단보도내,이륜,남,59세,경상,승용,남,70세,상해없음
2022082700100251,2022년 8월 27일 12시,토요일,전라남도 장흥군 용산면,경상사고,0,0,1,0,차대차 - 기타,중앙선침범,건조,맑음,교차로 - 교차로안,승용,여,32세,상해없음,승용,여,60세,경상
2022082700100299,2022년 8월 27일 13시,토요일,전라남도 여수시 웅천동,경상사고,0,0,1,0,차대차 - 측면충돌,안전운전불이행,건조,맑음,단일로 - 기타,승용,남,36세,기타불명,승용,남,36세,경상
2022082700100345,2022년 8월 27일 14시,토요일,전라남도 여수시 봉산동,경상사고,0,0,1,0,차대차 - 측면충돌,직진우회전진행방해,건조,맑음,교차로 - 교차로안,승용,남,50세,기타불명,승용,여,42세,경상
2022082700100384,2022년 8월 27일 15시,토요일,전라남도 나주시 다시면,중상사고,0,1,1,0,차대차 - 측면충돌,안전운전불이행,건조,맑음,단일로 - 기타,화물,남,48세,상해없음,승용,남,64세,중상
2022082700100431,2022년 8월 27일 16시,토요일,전라남도 순천시 해룡면,경상사고,0,0,1,0,차대차 - 측면충돌,안전운전불이행,건조,맑음,교차로 - 교차로부근,승용,여,48세,상해없음,승용,남,46세,경상
2022082700100474,2022년 8월 27일 17시,토요일,전라남도 강진군 강진읍,중상사고,0,1,0,0,차량단독 - 공작물충돌,안전운전불이행,건조,맑음,단일로 - 기타,원동기,남,69세,중상,,,,
2022082700100513,2022년 8월 27일 18시,토요일,전라남도 여수시 시전동,중상사고,0,1,0,0,차대차 - 추돌,중앙선침범,건조,맑음,단일로 - 기타,자전거,남,28세,상해없음,이륜,남,36세,중상
2022082700100514,2022년 8월 27일 18시,토요일,전라남도 순천시 해룡면,사망사고,1,3,7,0,차대차 - 정면충돌,신호위반,건조,맑음,교차로 - 교차로안,승용,남,49세,중상,승합,남,51세,경상
2022082700100515,2022년 8월 27일 18시,토요일,전라남도 순천시 덕암동,경상사고,0,0,3,0,차대차 - 기타,안전운전불이행,건조,맑음,단일로 - 기타,승용,여,24세,상해없음,승용,남,35세,경상
2022082700100516,2022년 8월 27일 18시,토요일,전라남도 나주시 다시면,경상사고,0,0,2,0,차대차 - 측면충돌,안전운전불이행,건조,맑음,단일로 - 기타,승용,남,64세,상해없음,승용,남,59세,경상
2022082700100583,2022년 8월 27일 20시,토요일,전라남도 목포시 상동,중상사고,0,1,0,0,차량단독 - 기타,기타,젖음/습기,맑음,단일로 - 기타,화물,남,35세,상해없음,,,,
2022082800100075,2022년 8월 28일 08시,일요일,전라남도 화순군 화순읍,경상사고,0,0,1,0,차량단독 - 공작물충돌,안전운전불이행,건조,맑음,단일로 - 기타,승용,남,55세,경상,,,,
2022082800100076,2022년 8월 28일 08시,일요일,전라남도 구례군 구례읍,중상사고,0,1,0,0,차대차 - 측면충돌,교차로운행방법위반,건조,맑음,교차로 - 교차로안,농기계,남,82세,중상,화물,남,66세,상해없음
2022082800100096,2022년 8월 28일 09시,일요일,전라남도 광양시 중동,경상사고,0,0,1,0,차대차 - 기타,안전거리미확보,건조,맑음,단일로 - 기타,이륜,남,30세,경상,화물,남,57세,상해없음
2022082800100122,2022년 8월 28일 10시,일요일,전라남도 장흥군 장흥읍,경상사고,0,0,3,0,차대차 - 추돌,안전거리미확보,건조,맑음,기타 - 기타,승용,여,42세,상해없음,승용,남,26세,경상
2022082800100153,2022년 8월 28일 11시,일요일,전라남도 장성군 북이면,경상사고,0,0,1,0,차대차 - 기타,안전운전불이행,건조,맑음,교차로 - 교차로안,이륜,남,60세,경상,승용,남,50세,상해없음
2022082800100182,2022년 8월 28일 12시,일요일,전라남도 목포시 경동2가,경상사고,0,0,2,0,차대차 - 측면충돌,교차로운행방법위반,건조,맑음,교차로 - 교차로안,승용,남,23세,상해없음,승용,남,65세,경상
2022082800100183,2022년 8월 28일 12시,일요일,전라남도 목포시 용당동,경상사고,0,0,1,0,차대차 - 기타,중앙선침범,건조,맑음,단일로 - 기타,승용,남,75세,상해없음,화물,남,41세,경상
2022082800100184,2022년 8월 28일 12시,일요일,전라남도 순천시 해룡면,경상사고,0,0,1,0,차대차 - 측면충돌,안전운전불이행,건조,맑음,단일로 - 기타,승합,남,64세,상해없음,승용,여,29세,경상
2022082800100222,2022년 8월 28일 13시,일요일,전라남도 고흥군 도양읍,경상사고,0,0,5,0,차대차 - 측면충돌,직진우회전진행방해,건조,맑음,교차로 - 교차로안,승용,남,54세,상해없음,승용,남,45세,경상
2022082800100224,2022년 8월 28일 13시,일요일,전라남도 담양군 담양읍,경상사고,0,0,2,0,차대차 - 측면충돌,신호위반,건조,맑음,교차로 - 교차로부근,이륜,여,38세,기타불명,승용,여,28세,경상
2022082800100254,2022년 8월 28일 14시,일요일,전라남도 목포시 석현동,경상사고,0,0,1,0,차대차 - 정면충돌,안전운전불이행,건조,맑음,단일로 - 기타,승용,남,28세,상해없음,승용,여,37세,경상
2022082800100255,2022년 8월 28일 14시,일요일,전라남도 여수시 여서동,경상사고,0,0,1,0,차대차 - 측면충돌,안전운전불이행,건조,맑음,교차로 - 교차로안,승용,남,37세,기타불명,승용,남,57세,경상
2022082800100294,2022년 8월 28일 15시,일요일,전라남도 강진군 마량면,경상사고,0,0,1,0,차대차 - 정면충돌,중앙선침범,건조,맑음,단일로 - 기타,화물,남,45세,상해없음,화물,남,65세,경상
2022082800100327,2022년 8월 28일 16시,일요일,전라남도 여수시 중앙동,경상사고,0,0,1,0,차대차 - 추돌,안전운전불이행,건조,맑음,교차로 - 교차로안,승용,남,54세,상해없음,승용,여,60세,경상
2022082800100352,2022년 8월 28일 17시,일요일,전라남도 목포시 호남동,경상사고,0,0,1,0,차대차 - 측면충돌,교차로운행방법위반,건조,맑음,교차로 - 교차로안,승용,남,65세,상해없음,승용,남,37세,경상
2022082800100353,2022년 8월 28일 17시,일요일,전라남도 여수시 여서동,경상사고,0,0,1,0,차대차 - 측면충돌,안전운전불이행,건조,맑음,단일로 - 기타,승용,남,36세,상해없음,승용,남,48세,경상
2022082800100354,2022년 8월 28일 17시,일요일,전라남도 광양시 중동,경상사고,0,0,1,0,차대차 - 측면충돌,교차로운행방법위반,건조,맑음,교차로 - 교차로안,승용,남,57세,상해없음,자전거,남,9세,경상
2022082800100415,2022년 8월 28일 19시,일요일,전라남도 여수시 여서동,경상사고,0,0,1,0,차대사람 - 기타,기타,건조,맑음,단일로 - 기타,승합,남,38세,상해없음,보행자,남,12세,경상
2022082800100416,2022년 8월 28일 19시,일요일,전라남도 순천시 용당동,경상사고,0,0,1,0,차대차 - 측면충돌,안전운전불이행,건조,맑음,교차로 - 교차로안,승용,여,27세,상해없음,이륜,남,32세,경상
2022082800100417,2022년 8월 28일 19시,일요일,전라남도 광양시 광양읍,경상사고,0,0,1,0,차대차 - 측면충돌,신호위반,건조,맑음,교차로 - 교차로안,승용,여,48세,상해없음,이륜,남,22세,경상
2022082800100445,2022년 8월 28일 20시,일요일,전라남도 신안군 압해읍,경상사고,0,0,3,0,차대차 - 추돌,안전운전불이행,건조,맑음,단일로 - 교량,승용,남,23세,상해없음,화물,남,46세,경상
2022082800100446,2022년 8월 28일 20시,일요일,전라남도 장성군 남면,경상사고,0,0,1,0,차대차 - 추돌,안전운전불이행,건조,맑음,교차로 - 교차로부근,화물,남,62세,상해없음,승용,남,47세,경상
2022082800100447,2022년 8월 28일 20시,일요일,전라남도 무안군 삼향읍,경상사고,0,0,2,0,차대차 - 기타,안전운전불이행,건조,맑음,교차로 - 교차로안,승용,여,35세,상해없음,승용,남,28세,경상
2022082800100483,2022년 8월 28일 22시,일요일,전라남도 여수시 둔덕동,경상사고,0,0,2,0,차대차 - 추돌,안전운전불이행,젖음/습기,흐림,교차로 - 교차로부근,승용,남,55세,상해없음,이륜,남,43세,경상
2022082800100484,2022년 8월 28일 22시,일요일,전라남도 여수시 미평동,중상사고,0,1,0,0,차대차 - 정면충돌,신호위반,건조,맑음,교차로 - 교차로안,이륜,남,29세,중상,화물,남,66세,상해없음
2022082900100045,2022년 8월 29일 06시,월요일,전라남도 장성군 장성읍,중상사고,0,1,0,0,차대사람 - 횡단중,보행자보호의무위반,건조,맑음,단일로 - 기타,승합,남,58세,상해없음,보행자,남,46세,중상
2022082900100105,2022년 8월 29일 08시,월요일,전라남도 목포시 연산동,경상사고,0,0,1,0,차대차 - 측면충돌,신호위반,건조,맑음,단일로 - 기타,화물,남,46세,상해없음,승용,남,39세,경상
2022082900100106,2022년 8월 29일 08시,월요일,전라남도 장흥군 관산읍,경상사고,0,0,2,0,차대차 - 후진중충돌,안전운전불이행,건조,맑음,단일로 - 기타,승용,여,49세,경상,화물,남,58세,경상
2022082900100107,2022년 8월 29일 08시,월요일,전라남도 곡성군 오산면,경상사고,0,0,1,1,차대차 - 측면충돌,직진우회전진행방해,건조,맑음,교차로 - 교차로안,화물,남,75세,부상신고,승합,남,66세,경상
2022082900100108,2022년 8월 29일 08시,월요일,전라남도 장성군 서삼면,경상사고,0,0,2,0,차대차 - 추돌,안전운전불이행,건조,맑음,단일로 - 기타,승용,남,22세,상해없음,화물,남,39세,경상
2022082900100178,2022년 8월 29일 10시,월요일,전라남도 목포시 산정동,경상사고,0,0,1,0,차대차 - 측면충돌,신호위반,건조,맑음,교차로 - 교차로안,승용,남,80세,상해없음,화물,남,73세,경상
2022082900100179,2022년 8월 29일 10시,월요일,전라남도 목포시 옥암동,경상사고,0,0,1,0,차대차 - 기타,안전운전불이행,건조,맑음,기타 - 기타,승용,여,65세,상해없음,승용,남,44세,경상
2022082900100180,2022년 8월 29일 10시,월요일,전라남도 목포시 양동,경상사고,0,0,3,0,차대차 - 기타,안전운전불이행,건조,맑음,단일로 - 기타,승용,여,49세,경상,승용,여,47세,경상
2022082900100181,2022년 8월 29일 10시,월요일,전라남도 강진군 성전면,경상사고,0,0,2,0,차대차 - 측면충돌,중앙선침범,건조,맑음,교차로 - 교차로부근,승용,여,68세,상해없음,승용,여,35세,경상
2022082900100213,2022년 8월 29일 11시,월요일,전라남도 여수시 공화동,경상사고,0,0,2,1,차대차 - 측면충돌,안전운전불이행,건조,맑음,교차로 - 교차로부근,승용,여,57세,상해없음,승용,여,40세,경상
2022082900100214,2022년 8월 29일 11시,월요일,전라남도 진도군 고군면,경상사고,0,0,1,0,차대차 - 추돌,안전운전불이행,건조,맑음,교차로 - 교차로부근,승용,남,45세,상해없음,승용,여,35세,경상
2022082900100242,2022년 8월 29일 12시,월요일,전라남도 목포시 산정동,경상사고,0,0,2,0,차대차 - 추돌,안전운전불이행,건조,맑음,교차로 - 교차로횡단보도내,특수,남,54세,상해없음,승용,여,56세,경상
2022082900100243,2022년 8월 29일 12시,월요일,전라남도 강진군 군동면,경상사고,0,0,3,0,차대차 - 측면충돌,안전운전불이행,건조,맑음,교차로 - 교차로안,승용,남,37세,상해없음,승용,남,69세,상해없음
2022082900100244,2022년 8월 29일 12시,월요일,전라남도 광양시 마동,경상사고,0,0,1,0,차대차 - 기타,교차로운행방법위반,건조,맑음,교차로 - 교차로안,승용,여,54세,상해없음,승용,여,43세,경상
2022082900100245,2022년 8월 29일 12시,월요일,전라남도 구례군 구례읍,경상사고,0,0,1,0,차대사람 - 기타,안전운전불이행,건조,맑음,교차로 - 교차로안,화물,남,47세,상해없음,보행자,여,58세,경상
2022082900100289,2022년 8월 29일 13시,월요일,전라남도 목포시 상동,경상사고,0,0,2,0,차대차 - 측면충돌,안전운전불이행,건조,맑음,단일로 - 기타,승용,남,47세,경상,승용,여,41세,경상
2022082900100315,2022년 8월 29일 14시,월요일,전라남도 영암군 도포면,경상사고,0,0,2,0,차대차 - 정면충돌,안전운전불이행,건조,맑음,교차로 - 교차로안,승용,여,64세,경상,승합,남,53세,경상
2022082900100352,2022년 8월 29일 15시,월요일,전라남도 영암군 도포면,중상사고,0,1,0,0,차량단독 - 도로외이탈 - 기타,안전운전불이행,건조,맑음,기타 - 기타,이륜,남,79세,중상,,,,
2022082900100389,2022년 8월 29일 16시,월요일,전라남도 목포시 명륜동,경상사고,0,0,1,0,차대차 - 추돌,안전운전불이행,건조,맑음,단일로 - 기타,승용,여,63세,경상,승용,여,66세,기타불명
2022082900100390,2022년 8월 29일 16시,월요일,전라남도 여수시 안산동,경상사고,0,0,1,0,차대사람 - 횡단중,신호위반,건조,맑음,교차로 - 교차로횡단보도내,승용,남,64세,상해없음,보행자,여,7세,경상
2022082900100391,2022년 8월 29일 16시,월요일,전라남도 강진군 군동면,경상사고,0,0,3,0,차대차 - 측면충돌,직진우회전진행방해,건조,맑음,교차로 - 교차로안,승용,남,44세,상해없음,승용,남,79세,경상
2022082900100426,2022년 8월 29일 17시,월요일,전라남도 목포시 상동,경상사고,0,0,1,0,차대차 - 측면충돌,안전운전불이행,건조,맑음,단일로 - 기타,원동기,남,33세,상해없음,자전거,남,14세,경상
2022082900100427,2022년 8월 29일 17시,월요일,전라남도 여수시 공화동,경상사고,0,0,1,0,차대차 - 측면충돌,안전운전불이행,건조,맑음,교차로 - 교차로안,승용,여,47세,상해없음,승용,남,30세,경상
2022082900100473,2022년 8월 29일 18시,월요일,전라남도 순천시 조례동,경상사고,0,0,1,0,차대차 - 추돌,교차로운행방법위반,건조,맑음,교차로 - 교차로안,승용,남,66세,상해없음,원동기,남,22세,상해없음
2022082900100514,2022년 8월 29일 19시,월요일,전라남도 광양시 광영동,경상사고,0,0,1,0,차대차 - 기타,직진우회전진행방해,건조,맑음,교차로 - 교차로안,승용,남,63세,상해없음,이륜,남,37세,경상
2022082900100540,2022년 8월 29일 20시,월요일,전라남도 여수시 문수동,경상사고,0,0,1,0,차대차 - 추돌,안전운전불이행,건조,맑음,교차로 - 교차로부근,화물,남,45세,상해없음,승용,남,24세,경상
2022082900100560,2022년 8월 29일 21시,월요일,전라남도 완도군 완도읍,중상사고,0,1,0,0,차대차 - 측면충돌,교차로운행방법위반,건조,맑음,교차로 - 교차로안,승용,남,30세,상해없음,승용,여,35세,중상
2022082900100609,2022년 8월 29일 23시,월요일,전라남도 목포시 옥암동,경상사고,0,0,2,0,차대차 - 측면충돌,교차로운행방법위반,건조,맑음,교차로 - 교차로부근,승용,남,24세,기타불명,승용,남,28세,경상
2022082900100610,2022년 8월 29일 23시,월요일,전라남도 강진군 강진읍,중상사고,0,1,0,0,차대사람 - 기타,안전운전불이행,건조,기타,교차로 - 교차로부근,승용,남,30세,상해없음,보행자,남,45세,중상
2022083000100150,2022년 8월 30일 09시,화요일,전라남도 강진군 칠량면,부상신고사고,0,0,0,1,차량단독 - 도로외이탈 - 추락,안전운전불이행,건조,맑음,단일로 - 기타,이륜,남,89세,부상신고,,,,
2022083000100151,2022년 8월 30일 09시,화요일,전라남도 강진군 신전면,경상사고,0,0,1,0,차대차 - 측면충돌,기타,건조,맑음,교차로 - 교차로부근,승용,남,81세,상해없음,화물,남,43세,경상
2022083000100178,2022년 8월 30일 10시,화요일,전라남도 신안군 안좌면,경상사고,0,0,1,0,차대차 - 기타,안전운전불이행,건조,맑음,단일로 - 기타,화물,남,80세,상해없음,승용,여,45세,경상
2022083000100179,2022년 8월 30일 10시,화요일,전라남도 목포시 석현동,경상사고,0,0,1,0,차대차 - 후진중충돌,안전운전불이행,건조,맑음,주차장 - 주차장,승용,여,62세,상해없음,승용,여,67세,경상
2022083000100180,2022년 8월 30일 10시,화요일,전라남도 순천시 조례동,경상사고,0,0,2,2,차대차 - 측면충돌,안전운전불이행,건조,맑음,단일로 - 기타,승용,여,47세,상해없음,승용,남,47세,경상
2022083000100210,2022년 8월 30일 11시,화요일,전라남도 여수시 서교동,경상사고,0,0,1,0,차대차 - 추돌,기타,젖음/습기,흐림,단일로 - 기타,승용,여,68세,상해없음,승용,남,26세,경상
2022083000100211,2022년 8월 30일 11시,화요일,전라남도 순천시 해룡면,경상사고,0,0,1,0,차대차 - 추돌,안전거리미확보,건조,맑음,교차로 - 교차로부근,화물,남,68세,상해없음,승용,남,71세,경상
2022083000100212,2022년 8월 30일 11시,화요일,전라남도 영암군 삼호읍,경상사고,0,0,1,0,차대차 - 정면충돌,안전운전불이행,건조,맑음,단일로 - 기타,승용,남,37세,상해없음,승용,남,32세,경상
2022083000100240,2022년 8월 30일 12시,화요일,전라남도 광양시 광양읍,경상사고,0,0,1,0,차대차 - 기타,교차로운행방법위반,건조,맑음,교차로 - 교차로안,이륜,남,77세,상해없음,승합,남,42세,상해없음
2022083000100368,2022년 8월 30일 16시,화요일,전라남도 목포시 호남동,경상사고,0,0,2,0,차대차 - 측면충돌,안전운전불이행,건조,맑음,교차로 - 교차로안,자전거,남,56세,경상,승용,여,55세,상해없음
2022083000100417,2022년 8월 30일 17시,화요일,전라남도 순천시 동외동,경상사고,0,0,2,0,차대차 - 측면충돌,교차로운행방법위반,건조,맑음,교차로 - 교차로안,승용,남,27세,기타불명,승용,남,20세,경상
2022083000100418,2022년 8월 30일 17시,화요일,전라남도 나주시 송월동,경상사고,0,0,1,0,차대차 - 측면충돌,신호위반,건조,맑음,교차로 - 교차로안,화물,남,72세,상해없음,승용,남,54세,경상
2022083000100419,2022년 8월 30일 17시,화요일,전라남도 함평군 대동면,부상신고사고,0,0,0,1,차량단독 - 공작물충돌,안전운전불이행,건조,맑음,단일로 - 기타,승용,여,23세,부상신고,,,,
2022083000100420,2022년 8월 30일 17시,화요일,전라남도 담양군 담양읍,경상사고,0,0,1,0,차대차 - 정면충돌,안전운전불이행,건조,맑음,교차로 - 교차로안,승용,여,70세,상해없음,승용,여,59세,경상
2022083000100421,2022년 8월 30일 17시,화요일,전라남도 광양시 광양읍,경상사고,0,0,1,0,차대차 - 추돌,안전운전불이행,건조,맑음,교차로 - 교차로부근,승용,남,35세,상해없음,화물,남,55세,경상
2022083000100457,2022년 8월 30일 18시,화요일,전라남도 영광군 영광읍,경상사고,0,0,2,0,차대차 - 기타,교차로운행방법위반,젖음/습기,흐림,교차로 - 교차로안,승합,남,64세,상해없음,승용,여,44세,경상
2022083000100458,2022년 8월 30일 18시,화요일,전라남도 광양시 광양읍,중상사고,0,1,0,0,차대차 - 기타,안전거리미확보,건조,맑음,교차로 - 교차로부근,승용,여,55세,상해없음,이륜,남,29세,중상
2022083000100491,2022년 8월 30일 19시,화요일,전라남도 나주시 세지면,중상사고,0,1,0,0,차대사람 - 횡단중,안전운전불이행,건조,맑음,교차로 - 교차로안,승용,여,58세,상해없음,보행자,남,72세,중상
2022083000100492,2022년 8월 30일 19시,화요일,전라남도 장흥군 장흥읍,경상사고,0,0,1,1,차대차 - 추돌,안전운전불이행,건조,맑음,교차로 - 교차로부근,승용,여,59세,부상신고,승용,남,43세,경상
2022083000100525,2022년 8월 30일 20시,화요일,전라남도 목포시 산정동,경상사고,0,0,2,0,차대차 - 기타,안전운전불이행,건조,맑음,단일로 - 기타,승용,남,26세,상해없음,승용,남,62세,경상
2022083000100581,2022년 8월 30일 22시,화요일,전라남도 함평군 함평읍,부상신고사고,0,0,0,1,차량단독 - 공작물충돌,안전운전불이행,젖음/습기,흐림,교차로 - 교차로부근,화물,남,31세,부상신고,,,,
2022083100100012,2022년 8월 31일 00시,수요일,전라남도 목포시 상동,경상사고,0,0,1,0,차대차 - 측면충돌,교차로운행방법위반,젖음/습기,비,교차로 - 교차로안,승용,남,39세,상해없음,이륜,남,38세,경상
2022083100100013,2022년 8월 31일 00시,수요일,전라남도 순천시 장천동,경상사고,0,0,1,0,차대차 - 추돌,안전운전불이행,건조,맑음,교차로 - 교차로부근,승용,남,43세,상해없음,승용,남,29세,경상
2022083100100075,2022년 8월 31일 07시,수요일,전라남도 화순군 화순읍,경상사고,0,0,2,0,차대차 - 추돌,안전거리미확보,건조,맑음,단일로 - 기타,승용,남,65세,상해없음,승용,여,45세,경상
2022083100100105,2022년 8월 31일 08시,수요일,전라남도 목포시 상동,경상사고,0,0,1,0,차대차 - 기타,중앙선침범,건조,맑음,단일로 - 기타,승용,여,71세,상해없음,승용,여,48세,경상
2022083100100106,2022년 8월 31일 08시,수요일,전라남도 완도군 완도읍,경상사고,0,0,1,0,차대차 - 측면충돌,안전운전불이행,건조,맑음,단일로 - 기타,화물,남,58세,상해없음,자전거,남,44세,경상
2022083100100164,2022년 8월 31일 10시,수요일,전라남도 광양시 진상면,중상사고,0,1,1,0,차대차 - 기타,교차로운행방법위반,건조,맑음,교차로 - 교차로안,원동기,남,67세,중상,승용,여,38세,경상
2022083100100219,2022년 8월 31일 12시,수요일,전라남도 영광군 영광읍,경상사고,0,0,2,0,차대차 - 측면충돌,안전운전불이행,건조,맑음,교차로 - 교차로안,승용,여,57세,경상,승용,남,36세,경상
2022083100100246,2022년 8월 31일 13시,수요일,전라남도 목포시 복만동,경상사고,0,0,1,0,차대차 - 후진중충돌,안전운전불이행,건조,맑음,교차로 - 교차로부근,승용,여,30세,기타불명,이륜,남,30세,경상
2022083100100247,2022년 8월 31일 13시,수요일,전라남도 여수시 여서동,경상사고,0,0,1,0,차대차 - 기타,안전운전불이행,건조,맑음,주차장 - 주차장,화물,남,29세,상해없음,화물,남,39세,경상
2022083100100248,2022년 8월 31일 13시,수요일,전라남도 순천시 황전면,경상사고,0,0,1,0,차대차 - 측면충돌,안전운전불이행,건조,맑음,단일로 - 기타,승용,남,83세,상해없음,승용,남,48세,경상
2022083100100282,2022년 8월 31일 14시,수요일,전라남도 여수시 학동,경상사고,0,0,1,0,차대차 - 후진중충돌,안전운전불이행,건조,맑음,주차장 - 주차장,승용,남,43세,상해없음,승용,여,36세,경상
2022083100100318,2022년 8월 31일 15시,수요일,전라남도 순천시 연향동,경상사고,0,0,1,0,차대차 - 측면충돌,직진우회전진행방해,건조,맑음,교차로 - 교차로안,승용,남,27세,상해없음,승용,여,47세,경상
2022083100100319,2022년 8월 31일 15시,수요일,전라남도 강진군 강진읍,경상사고,0,0,1,0,차대사람 - 횡단중,안전운전불이행,건조,맑음,단일로 - 기타,승용,남,56세,상해없음,보행자,남,11세,경상
2022083100100344,2022년 8월 31일 16시,수요일,전라남도 영암군 삼호읍,부상신고사고,0,0,0,1,차대사람 - 횡단중,안전운전불이행,건조,맑음,단일로 - 기타,승용,남,68세,기타불명,보행자,여,17세,부상신고
2022083100100384,2022년 8월 31일 17시,수요일,전라남도 목포시 상동,경상사고,0,0,3,0,차대차 - 정면충돌,안전운전불이행,건조,맑음,교차로 - 교차로부근,승용,남,43세,경상,승용,여,43세,상해없음
2022083100100385,2022년 8월 31일 17시,수요일,전라남도 순천시 연향동,경상사고,0,0,1,0,차대차 - 측면충돌,교차로운행방법위반,건조,맑음,교차로 - 교차로부근,화물,남,61세,상해없음,승용,남,76세,경상
2022083100100386,2022년 8월 31일 17시,수요일,전라남도 보성군 벌교읍,경상사고,0,0,2,0,차대차 - 추돌,안전거리미확보,건조,맑음,단일로 - 기타,화물,남,54세,상해없음,승용,여,53세,경상
2022083100100387,2022년 8월 31일 17시,수요일,전라남도 영암군 삼호읍,경상사고,0,0,2,0,차대차 - 측면충돌,기타,건조,맑음,교차로 - 교차로안,원동기,남,29세,경상,승용,남,38세,경상
2022083100100426,2022년 8월 31일 18시,수요일,전라남도 나주시 빛가람동,부상신고사고,0,0,0,1,차량단독 - 기타,안전운전불이행,건조,맑음,단일로 - 기타,자전거,남,12세,부상신고,,,,
2022083100100464,2022년 8월 31일 19시,수요일,전라남도 화순군 도곡면,경상사고,0,0,2,0,차대차 - 정면충돌,안전운전불이행,건조,맑음,교차로 - 교차로안,승용,남,66세,경상,화물,남,48세,경상
2022083100100517,2022년 8월 31일 21시,수요일,전라남도 여수시 공화동,경상사고,0,0,2,0,차대차 - 기타,신호위반,건조,맑음,교차로 - 교차로안,이륜,남,41세,경상,승용,남,56세,상해없음
2022083100100552,2022년 8월 31일 23시,수요일,전라남도 여수시 화장동,경상사고,0,0,1,0,차대사람 - 기타,안전운전불이행,건조,맑음,교차로 - 교차로부근,승용,남,60세,상해없음,보행자,남,59세,경상
2022090100100109,2022년 9월 1일 08시,목요일,전라남도 장흥군 장흥읍,경상사고,0,0,1,0,차대사람 - 기타,안전운전불이행,건조,맑음,단일로 - 기타,승합,남,51세,상해없음,보행자,여,70세,경상
2022090100100110,2022년 9월 1일 08시,목요일,전라남도 고흥군 금산면,중상사고,0,1,0,0,차대사람 - 기타,안전운전불이행,건조,맑음,단일로 - 기타,화물,남,70세,상해없음,보행자,여,79세,중상
2022090100100111,2022년 9월 1일 08시,목요일,전라남도 해남군 해남읍,중상사고,0,1,0,0,차대차 - 추돌,안전운전불이행,건조,맑음,단일로 - 기타,자전거,남,11세,중상,승용,남,56세,기타불명
2022090100100145,2022년 9월 1일 09시,목요일,전라남도 나주시 다시면,중상사고,0,2,0,0,차대사람 - 길가장자리구역통행중,안전운전불이행,건조,흐림,교차로 - 교차로부근,이륜,여,68세,중상,보행자,여,82세,중상
2022090100100146,2022년 9월 1일 09시,목요일,전라남도 보성군 복내면,부상신고사고,0,0,0,1,차대사람 - 차도통행중,안전운전불이행,젖음/습기,흐림,단일로 - 기타,자전거,여,72세,상해없음,보행자,여,89세,부상신고
2022090100100147,2022년 9월 1일 09시,목요일,전라남도 함평군 해보면,부상신고사고,0,0,0,1,차대차 - 측면충돌,직진우회전진행방해,건조,맑음,교차로 - 교차로안,개인형이동수단(PM),여,78세,부상신고,승용,여,39세,상해없음
2022090100100148,2022년 9월 1일 09시,목요일,전라남도 구례군 구례읍,경상사고,0,0,1,0,차대차 - 기타,직진우회전진행방해,건조,맑음,교차로 - 교차로부근,자전거,여,34세,경상,승용,남,53세,상해없음
2022090100100168,2022년 9월 1일 10시,목요일,전라남도 무안군 삼향읍,경상사고,0,0,1,0,차대차 - 추돌,안전운전불이행,건조,맑음,교차로 - 교차로안,승용,남,27세,기타불명,승용,여,26세,경상