사고번호,사고일시,요일,시군구,사고내용,사망자수,중상자수,경상자수,부상신고자수,사고유형,법규위반,노면상태,기상상태,도로형태,가해운전자 차종,가해운전자 성별,가해운전자 연령,가해운전자 상해정도,피해운전자 차종,피해운전자 성별,피해운전자 연령,피해운전자 상해정도
2022090100100209,2022년 9월 1일 11시,목요일,전라남도 순천시 동외동,경상사고,0,0,1,0,차대차 - 기타,안전운전불이행,건조,맑음,교차로 - 교차로안,승용,남,72세,상해없음,승용,남,65세,상해없음
2022090100100240,2022년 9월 1일 12시,목요일,전라남도 목포시 대양동,경상사고,0,0,2,0,차대차 - 추돌,안전운전불이행,건조,맑음,교차로 - 교차로안,승용,남,47세,경상,승용,여,48세,경상
2022090100100282,2022년 9월 1일 13시,목요일,전라남도 해남군 북평면,경상사고,0,0,1,0,차대차 - 추돌,안전운전불이행,건조,맑음,단일로 - 기타,승합,남,60세,상해없음,승용,남,68세,경상
2022090100100283,2022년 9월 1일 13시,목요일,전라남도 담양군 수북면,중상사고,0,1,0,0,차대차 - 측면충돌,안전운전불이행,건조,맑음,교차로 - 교차로안,승용,남,54세,상해없음,자전거,여,78세,중상
2022090100100284,2022년 9월 1일 13시,목요일,전라남도 광양시 옥곡면,경상사고,0,0,1,0,차대차 - 측면충돌,교차로운행방법위반,건조,맑음,교차로 - 교차로안,이륜,남,86세,경상,승용,남,46세,상해없음
2022090100100325,2022년 9월 1일 14시,목요일,전라남도 순천시 서면,사망사고,1,1,1,0,차대차 - 추돌,안전운전불이행,건조,맑음,단일로 - 기타,화물,남,45세,상해없음,승용,남,50세,중상
2022090100100358,2022년 9월 1일 15시,목요일,전라남도 함평군 대동면,부상신고사고,0,0,0,1,차대차 - 추돌,안전운전불이행,건조,맑음,단일로 - 기타,화물,남,34세,상해없음,승용,남,49세,부상신고
2022090100100359,2022년 9월 1일 15시,목요일,전라남도 광양시 광영동,경상사고,0,0,1,1,차대차 - 기타,직진우회전진행방해,건조,맑음,교차로 - 교차로안,승용,남,62세,부상신고,승용,여,33세,경상
2022090100100402,2022년 9월 1일 16시,목요일,전라남도 나주시 금천면,경상사고,0,0,1,0,차대차 - 측면충돌,안전거리미확보,건조,맑음,단일로 - 기타,화물,남,65세,상해없음,승용,여,52세,경상
2022090100100403,2022년 9월 1일 16시,목요일,전라남도 영암군 군서면,경상사고,0,0,1,0,차대사람 - 차도통행중,기타,건조,맑음,교차로 - 교차로안,승용,남,70세,상해없음,보행자,여,68세,경상
2022090100100467,2022년 9월 1일 17시,목요일,전라남도 목포시 옥암동,중상사고,0,1,0,0,차대차 - 기타,안전운전불이행,건조,맑음,주차장 - 주차장,자전거,남,42세,중상,승용,남,47세,상해없음
2022090100100469,2022년 9월 1일 17시,목요일,전라남도 순천시 서면,경상사고,0,0,2,0,차대사람 - 기타,안전운전불이행,건조,기타,단일로 - 기타,승용,남,79세,경상,보행자,여,12세,경상
2022090100100470,2022년 9월 1일 17시,목요일,전라남도 해남군 황산면,경상사고,0,0,1,0,차대차 - 추돌,기타,건조,맑음,단일로 - 기타,화물,남,80세,상해없음,화물,여,58세,경상
2022090100100471,2022년 9월 1일 17시,목요일,전라남도 강진군 작천면,경상사고,0,0,1,1,차대차 - 측면충돌,직진우회전진행방해,건조,맑음,교차로 - 교차로안,승용,남,64세,부상신고,화물,남,67세,경상
2022090100100576,2022년 9월 1일 20시,목요일,전라남도 목포시 상동,중상사고,0,1,0,0,차대사람 - 횡단중,보행자보호의무위반,건조,맑음,기타 - 기타,승용,남,32세,상해없음,보행자,여,76세,중상
2022090100100577,2022년 9월 1일 20시,목요일,전라남도 화순군 화순읍,경상사고,0,0,3,0,차대차 - 측면충돌,신호위반,건조,맑음,교차로 - 교차로안,이륜,남,17세,경상,승용,남,24세,경상
2022090200100129,2022년 9월 2일 08시,금요일,전라남도 여수시 봉계동,중상사고,0,1,0,0,차대차 - 측면충돌,안전운전불이행,건조,맑음,단일로 - 기타,승용,남,57세,상해없음,승용,여,39세,중상
2022090200100167,2022년 9월 2일 09시,금요일,전라남도 신안군 압해읍,중상사고,0,1,5,0,차대차 - 정면충돌,중앙선침범,건조,맑음,단일로 - 기타,승용,여,54세,중상,승합,남,42세,경상
2022090200100168,2022년 9월 2일 09시,금요일,전라남도 영광군 염산면,중상사고,0,1,0,0,차대차 - 측면충돌,직진우회전진행방해,건조,맑음,교차로 - 교차로안,승용,여,46세,상해없음,이륜,남,75세,중상
2022090200100246,2022년 9월 2일 11시,금요일,전라남도 완도군 고금면,중상사고,0,1,0,0,차대차 - 기타,중앙선침범,젖음/습기,비,단일로 - 기타,화물,남,64세,상해없음,이륜,여,71세,중상
2022090200100276,2022년 9월 2일 12시,금요일,전라남도 해남군 황산면,사망사고,1,0,0,0,차량단독 - 기타,안전운전불이행,건조,맑음,단일로 - 기타,화물,남,69세,사망,,,,
2022090200100277,2022년 9월 2일 12시,금요일,전라남도 장성군 장성읍,경상사고,0,0,1,0,차대사람 - 기타,안전운전불이행,건조,맑음,단일로 - 기타,승용,남,80세,상해없음,보행자,여,27세,경상
2022090200100309,2022년 9월 2일 13시,금요일,전라남도 여수시 남산동,경상사고,0,0,1,0,차대차 - 기타,안전운전불이행,젖음/습기,비,단일로 - 교량,승용,여,54세,상해없음,이륜,남,66세,경상
2022090200100310,2022년 9월 2일 13시,금요일,전라남도 여수시 해산동,경상사고,0,0,4,0,차대차 - 측면충돌,안전운전불이행,건조,맑음,단일로 - 기타,화물,남,26세,상해없음,승용,남,75세,경상
2022090200100311,2022년 9월 2일 13시,금요일,전라남도 여수시 여서동,경상사고,0,0,1,0,차대차 - 추돌,안전운전불이행,건조,맑음,단일로 - 기타,화물,여,50세,상해없음,승용,여,50세,경상
2022090200100312,2022년 9월 2일 13시,금요일,전라남도 진도군 고군면,중상사고,0,1,0,0,차대차 - 측면충돌,안전운전불이행,건조,맑음,단일로 - 지하차도(도로)내,화물,남,30세,상해없음,이륜,남,59세,중상
2022090200100353,2022년 9월 2일 14시,금요일,전라남도 목포시 산정동,경상사고,0,0,1,0,차대차 - 측면충돌,교차로운행방법위반,건조,맑음,교차로 - 교차로안,승용,남,74세,상해없음,이륜,남,28세,경상
2022090200100354,2022년 9월 2일 14시,금요일,전라남도 담양군 담양읍,부상신고사고,0,0,0,1,차대사람 - 횡단중,안전운전불이행,건조,맑음,교차로 - 교차로부근,승용,남,50세,상해없음,보행자,남,63세,부상신고
2022090200100397,2022년 9월 2일 15시,금요일,전라남도 영암군 삼호읍,경상사고,0,0,1,1,차대차 - 측면충돌,직진우회전진행방해,건조,맑음,교차로 - 교차로안,화물,남,25세,부상신고,특수,남,68세,경상
2022090200100448,2022년 9월 2일 16시,금요일,전라남도 목포시 산정동,부상신고사고,0,0,0,1,차대차 - 측면충돌,교차로운행방법위반,건조,맑음,교차로 - 교차로안,화물,남,64세,상해없음,승용,여,32세,부상신고
2022090200100449,2022년 9월 2일 16시,금요일,전라남도 목포시 죽교동,중상사고,0,1,0,0,차대사람 - 횡단중,보행자보호의무위반,건조,맑음,단일로 - 기타,승합,남,41세,상해없음,보행자,남,12세,중상
2022090200100501,2022년 9월 2일 17시,금요일,전라남도 영암군 삼호읍,사망사고,1,0,0,0,차량단독 - 전도전복 - 전도,안전운전불이행,건조,맑음,단일로 - 기타,자전거,남,53세,사망,,,,
2022090200100611,2022년 9월 2일 19시,금요일,전라남도 순천시 해룡면,경상사고,0,0,2,0,차대차 - 측면충돌,신호위반,건조,맑음,단일로 - 기타,승용,남,36세,경상,승용,여,44세,경상
2022090200100647,2022년 9월 2일 20시,금요일,전라남도 여수시 학동,경상사고,0,0,1,0,차대차 - 측면충돌,교차로운행방법위반,건조,맑음,교차로 - 교차로안,승용,남,28세,상해없음,승합,남,24세,경상
2022090200100648,2022년 9월 2일 20시,금요일,전라남도 담양군 고서면,경상사고,0,0,2,0,차대차 - 측면충돌,직진우회전진행방해,건조,맑음,교차로 - 교차로부근,승용,여,48세,경상,승용,남,63세,상해없음
2022090200100676,2022년 9월 2일 21시,금요일,전라남도 여수시 학동,중상사고,0,1,0,0,차대사람 - 차도통행중,안전운전불이행,젖음/습기,맑음,교차로 - 교차로안,승용,여,55세,상해없음,보행자,남,60세,중상
2022090200100699,2022년 9월 2일 22시,금요일,전라남도 여수시 덕충동,경상사고,0,0,1,0,차대차 - 측면충돌,안전운전불이행,건조,맑음,교차로 - 교차로안,승용,남,26세,상해없음,이륜,남,29세,경상
2022090200100700,2022년 9월 2일 22시,금요일,전라남도 여수시 국동,부상신고사고,0,0,0,1,차대차 - 기타,안전운전불이행,건조,맑음,교차로 - 교차로안,원동기,남,17세,부상신고,승용,남,54세,상해없음
2022090300100039,2022년 9월 3일 02시,토요일,전라남도 화순군 화순읍,중상사고,0,1,1,0,차량단독 - 공작물충돌,안전운전불이행,건조,맑음,단일로 - 기타,이륜,남,16세,중상,,,,
2022090300100076,2022년 9월 3일 05시,토요일,전라남도 목포시 용해동,중상사고,0,1,0,0,차량단독 - 공작물충돌,안전운전불이행,건조,맑음,기타 - 기타,승용,남,28세,중상,,,,
2022090300100118,2022년 9월 3일 08시,토요일,전라남도 여수시 문수동,경상사고,0,0,3,0,차대차 - 추돌,안전거리미확보,건조,맑음,교차로 - 교차로안,화물,남,69세,상해없음,승용,남,39세,경상
2022090300100222,2022년 9월 3일 11시,토요일,전라남도 목포시 용해동,경상사고,0,0,1,0,차대차 - 추돌,안전운전불이행,건조,맑음,기타 - 기타,승용,여,58세,상해없음,자전거,남,78세,경상
2022090300100223,2022년 9월 3일 11시,토요일,전라남도 목포시 산정동,경상사고,0,0,1,0,차대차 - 측면충돌,신호위반,건조,맑음,교차로 - 교차로안,승용,남,82세,상해없음,승용,남,61세,경상
2022090300100224,2022년 9월 3일 11시,토요일,전라남도 장흥군 안양면,중상사고,0,1,0,0,차대차 - 측면충돌,안전운전불이행,건조,흐림,교차로 - 교차로안,승용,남,61세,상해없음,이륜,남,83세,중상
2022090300100262,2022년 9월 3일 12시,토요일,전라남도 여수시 연등동,경상사고,0,0,1,0,차대차 - 측면충돌,교차로운행방법위반,건조,맑음,교차로 - 교차로안,화물,남,45세,상해없음,특수,남,42세,경상
2022090300100305,2022년 9월 3일 13시,토요일,전라남도 담양군 담양읍,경상사고,0,0,1,0,차대사람 - 횡단중,신호위반,건조,맑음,교차로 - 교차로부근,승용,여,33세,상해없음,보행자,남,5세,경상
2022090300100349,2022년 9월 3일 14시,토요일,전라남도 곡성군 곡성읍,경상사고,0,0,2,0,차대차 - 측면충돌,신호위반,건조,맑음,교차로 - 교차로안,승용,여,71세,상해없음,화물,남,52세,경상
2022090300100384,2022년 9월 3일 15시,토요일,전라남도 목포시 옥암동,중상사고,0,1,0,0,차대차 - 기타,안전운전불이행,건조,맑음,단일로 - 기타,승용,여,60세,상해없음,자전거,여,67세,중상
2022090300100385,2022년 9월 3일 15시,토요일,전라남도 보성군 조성면,경상사고,0,0,1,0,차대차 - 기타,안전운전불이행,건조,맑음,단일로 - 기타,농기계,남,50세,경상,승용,여,45세,기타불명
2022090300100386,2022년 9월 3일 15시,토요일,전라남도 강진군 강진읍,경상사고,0,0,2,0,차대차 - 측면충돌,안전운전불이행,건조,맑음,교차로 - 교차로안,승용,남,45세,상해없음,화물,남,67세,경상
2022090300100387,2022년 9월 3일 15시,토요일,전라남도 광양시 중동,경상사고,0,0,1,0,차대차 - 후진중충돌,안전운전불이행,건조,맑음,단일로 - 기타,승용,남,47세,상해없음,승용,남,33세,경상
2022090300100419,2022년 9월 3일 16시,토요일,전라남도 목포시 대양동,경상사고,0,0,2,0,차대차 - 기타,안전운전불이행,건조,맑음,단일로 - 기타,화물,남,56세,상해없음,승용,남,49세,경상
2022090300100452,2022년 9월 3일 17시,토요일,전라남도 나주시 대호동,경상사고,0,0,1,0,차대차 - 측면충돌,안전운전불이행,건조,흐림,주차장 - 주차장,승용,남,66세,상해없음,화물,여,39세,경상
2022090300100453,2022년 9월 3일 17시,토요일,전라남도 나주시 빛가람동,경상사고,0,0,1,0,차대차 - 기타,안전운전불이행,건조,맑음,교차로 - 교차로부근,승용,남,70세,상해없음,승용,남,50세,경상
2022090300100454,2022년 9월 3일 17시,토요일,전라남도 해남군 해남읍,사망사고,1,0,0,0,차대차 - 기타,안전운전불이행,건조,맑음,단일로 - 기타,승용,여,60세,상해없음,원동기,남,49세,사망
2022090300100455,2022년 9월 3일 17시,토요일,전라남도 함평군 엄다면,부상신고사고,0,0,0,1,차대차 - 측면충돌,안전운전불이행,건조,맑음,교차로 - 교차로부근,이륜,남,77세,부상신고,승용,여,48세,상해없음
2022090300100456,2022년 9월 3일 17시,토요일,전라남도 영암군 삼호읍,중상사고,0,1,0,0,차대차 - 측면충돌,안전운전불이행,건조,맑음,교차로 - 교차로부근,원동기,남,28세,중상,승용,남,45세,상해없음
2022090300100457,2022년 9월 3일 17시,토요일,전라남도 장성군 장성읍,경상사고,0,0,2,0,차대차 - 측면충돌,안전운전불이행,건조,맑음,단일로 - 기타,승용,남,55세,상해없음,승용,남,81세,경상
2022090300100494,2022년 9월 3일 18시,토요일,전라남도 화순군 도곡면,경상사고,0,0,1,0,차대차 - 측면충돌,신호위반,건조,흐림,교차로 - 교차로안,승용,남,44세,상해없음,승용,남,62세,경상
2022090300100525,2022년 9월 3일 19시,토요일,전라남도 고흥군 봉래면,경상사고,0,0,1,0,차량단독 - 기타,안전운전불이행,건조,맑음,단일로 - 기타,화물,남,59세,경상,,,,
2022090300100553,2022년 9월 3일 20시,토요일,전라남도 순천시 해룡면,경상사고,0,0,1,0,차대차 - 측면충돌,안전운전불이행,건조,맑음,교차로 - 교차로부근,승용,남,35세,기타불명,승용,남,31세,경상
2022090300100554,2022년 9월 3일 20시,토요일,전라남도 장흥군 용산면,중상사고,0,1,0,0,차량단독 - 공작물충돌,안전운전불이행,젖음/습기,흐림,단일로 - 기타,승용,여,52세,중상,,,,
2022090300100555,2022년 9월 3일 20시,토요일,전라남도 광양시 광영동,경상사고,0,0,2,0,차대차 - 기타,신호위반,젖음/습기,비,교차로 - 교차로안,승용,남,53세,기타불명,승용,남,64세,상해없음
2022090300100600,2022년 9월 3일 22시,토요일,전라남도 여수시 충무동,경상사고,0,0,1,0,차대차 - 추돌,중앙선침범,건조,맑음,단일로 - 기타,승용,여,55세,상해없음,승용,남,33세,경상
2022090300100601,2022년 9월 3일 22시,토요일,전라남도 광양시 광영동,중상사고,0,1,0,0,차대사람 - 횡단중,교차로운행방법위반,건조,맑음,교차로 - 교차로안,승용,남,69세,상해없음,보행자,여,59세,중상
2022090400100061,2022년 9월 4일 06시,일요일,전라남도 여수시 여서동,경상사고,0,0,1,0,차대차 - 측면충돌,안전운전불이행,건조,맑음,교차로 - 교차로안,승용,여,29세,상해없음,승용,남,51세,경상
2022090400100093,2022년 9월 4일 09시,일요일,전라남도 나주시 삼도동,경상사고,0,0,1,0,차대사람 - 기타,안전운전불이행,건조,흐림,단일로 - 기타,승용,여,58세,상해없음,보행자,남,75세,경상
2022090400100107,2022년 9월 4일 10시,일요일,전라남도 순천시 해룡면,중상사고,0,1,0,0,차대차 - 측면충돌,안전운전불이행,건조,맑음,교차로 - 교차로안,승합,남,58세,상해없음,자전거,남,54세,중상
2022090400100108,2022년 9월 4일 10시,일요일,전라남도 담양군 고서면,경상사고,0,0,4,0,차대차 - 측면충돌,안전운전불이행,건조,맑음,교차로 - 교차로안,화물,여,56세,상해없음,승용,남,30세,경상
2022090400100137,2022년 9월 4일 11시,일요일,전라남도 고흥군 남양면,경상사고,0,0,1,0,차대차 - 기타,안전운전불이행,건조,맑음,단일로 - 기타,승용,남,30세,상해없음,승용,남,44세,경상
2022090400100138,2022년 9월 4일 11시,일요일,전라남도 해남군 해남읍,중상사고,0,1,0,0,차대차 - 측면충돌,안전운전불이행,건조,맑음,교차로 - 교차로부근,승용,여,49세,기타불명,이륜,남,18세,중상
2022090400100139,2022년 9월 4일 11시,일요일,전라남도 강진군 성전면,중상사고,0,1,0,0,차량단독 - 공작물충돌,안전운전불이행,건조,맑음,단일로 - 기타,원동기,여,43세,중상,,,,
2022090400100166,2022년 9월 4일 12시,일요일,전라남도 화순군 화순읍,경상사고,0,0,2,0,차대차 - 추돌,안전운전불이행,건조,맑음,교차로 - 교차로부근,승용,여,46세,상해없음,승용,남,65세,경상
2022090400100195,2022년 9월 4일 13시,일요일,전라남도 담양군 무정면,중상사고,0,1,0,0,차대차 - 측면충돌,직진우회전진행방해,건조,맑음,교차로 - 교차로안,자전거,남,59세,중상,승용,남,66세,상해없음
2022090400100228,2022년 9월 4일 14시,일요일,전라남도 여수시 신기동,경상사고,0,0,2,0,차대차 - 측면충돌,안전운전불이행,건조,맑음,교차로 - 교차로안,승용,남,62세,상해없음,승용,남,73세,경상
2022090400100229,2022년 9월 4일 14시,일요일,전라남도 여수시 종화동,경상사고,0,0,1,0,차대차 - 추돌,안전운전불이행,건조,맑음,단일로 - 기타,화물,남,72세,상해없음,승용,남,64세,경상
2022090400100301,2022년 9월 4일 16시,일요일,전라남도 해남군 계곡면,중상사고,0,2,1,0,차량단독 - 공작물충돌,안전운전불이행,건조,맑음,단일로 - 기타,화물,여,60세,경상,,,,
2022090400100302,2022년 9월 4일 16시,일요일,전라남도 영암군 금정면,사망사고,1,0,0,0,차량단독 - 전도전복 - 전도,안전운전불이행,젖음/습기,비,단일로 - 기타,이륜,남,77세,사망,,,,
2022090400100329,2022년 9월 4일 17시,일요일,전라남도 강진군 도암면,경상사고,0,0,1,0,차량단독 - 전도전복 - 전복,안전운전불이행,젖음/습기,비,단일로 - 기타,화물,남,62세,경상,,,,
2022090400100356,2022년 9월 4일 18시,일요일,전라남도 순천시 서면,중상사고,0,1,1,0,차대차 - 측면충돌,안전운전불이행,건조,맑음,교차로 - 교차로안,화물,남,58세,상해없음,화물,남,57세,중상
2022090400100450,2022년 9월 4일 21시,일요일,전라남도 목포시 상동,경상사고,0,0,6,0,차대차 - 기타,신호위반,건조,맑음,교차로 - 교차로안,승용,여,58세,경상,승용,남,41세,경상
2022090400100451,2022년 9월 4일 21시,일요일,전라남도 목포시 죽교동,중상사고,0,1,1,0,차대사람 - 횡단중,보행자보호의무위반,젖음/습기,비,교차로 - 교차로횡단보도내,승용,남,57세,상해없음,보행자,남,55세,경상
2022090400100452,2022년 9월 4일 21시,일요일,전라남도 여수시 중앙동,경상사고,0,0,2,0,차대차 - 정면충돌,교차로운행방법위반,건조,맑음,교차로 - 교차로안,승용,남,20세,경상,승용,남,60세,경상
2022090400100469,2022년 9월 4일 22시,일요일,전라남도 담양군 담양읍,경상사고,0,0,2,0,차대차 - 추돌,안전운전불이행,젖음/습기,비,단일로 - 기타,승용,남,45세,상해없음,승용,남,24세,경상
2022090400100484,2022년 9월 4일 23시,일요일,전라남도 담양군 담양읍,경상사고,0,0,1,0,차대차 - 측면충돌,안전운전불이행,젖음/습기,비,교차로 - 교차로안,승용,여,25세,상해없음,승용,남,41세,경상
2022090400100485,2022년 9월 4일 23시,일요일,전라남도 완도군 금일읍,경상사고,0,0,1,0,차량단독 - 공작물충돌,안전운전불이행,건조,맑음,단일로 - 기타,이륜,남,55세,경상,,,,
2022090500100052,2022년 9월 5일 06시,월요일,전라남도 여수시 여서동,중상사고,0,1,0,0,차량단독 - 전도전복 - 전도,안전운전불이행,젖음/습기,흐림,교차로 - 교차로안,승용,남,18세,중상,,,,
2022090500100151,2022년 9월 5일 09시,월요일,전라남도 고흥군 남양면,중상사고,0,1,0,1,차대차 - 기타,안전운전불이행,젖음/습기,흐림,교차로 - 교차로안,화물,남,63세,부상신고,승용,여,57세,중상
2022090500100152,2022년 9월 5일 09시,월요일,전라남도 곡성군 곡성읍,경상사고,0,0,2,0,차대차 - 기타,안전운전불이행,건조,맑음,단일로 - 기타,화물,여,61세,상해없음,승용,남,72세,경상
2022090500100180,2022년 9월 5일 10시,월요일,전라남도 여수시 남산동,중상사고,0,1,0,0,차대차 - 기타,교차로운행방법위반,젖음/습기,비,교차로 - 교차로안,화물,남,64세,상해없음,승용,남,38세,중상
2022090500100294,2022년 9월 5일 14시,월요일,전라남도 영광군 영광읍,경상사고,0,0,1,0,차대차 - 측면충돌,직진우회전진행방해,젖음/습기,비,교차로 - 교차로안,승용,남,29세,상해없음,승용,여,54세,경상
2022090500100315,2022년 9월 5일 15시,월요일,전라남도 목포시 대성동,경상사고,0,0,1,0,차대차 - 측면충돌,차로위반,젖음/습기,비,기타 - 기타,승용,남,40세,상해없음,승용,여,45세,경상
2022090500100316,2022년 9월 5일 15시,월요일,전라남도 순천시 조례동,경상사고,0,0,1,0,차대차 - 기타,직진우회전진행방해,젖음/습기,비,교차로 - 교차로안,승용,남,65세,상해없음,승용,여,30세,경상
2022090500100350,2022년 9월 5일 16시,월요일,전라남도 여수시 둔덕동,경상사고,0,0,2,0,차대차 - 측면충돌,안전운전불이행,건조,맑음,교차로 - 교차로안,승용,남,53세,경상,승합,남,43세,경상
2022090500100351,2022년 9월 5일 16시,월요일,전라남도 영광군 영광읍,중상사고,0,1,0,0,차대차 - 측면충돌,직진우회전진행방해,젖음/습기,비,교차로 - 교차로안,이륜,남,81세,중상,승용,남,62세,상해없음
2022090500100352,2022년 9월 5일 16시,월요일,전라남도 영암군 학산면,경상사고,0,0,1,0,차량단독 - 공작물충돌,안전운전불이행,젖음/습기,비,단일로 - 기타,화물,남,35세,경상,,,,
2022090500100353,2022년 9월 5일 16시,월요일,전라남도 광양시 광양읍,경상사고,0,0,1,0,차대차 - 측면충돌,안전운전불이행,젖음/습기,흐림,단일로 - 기타,승용,남,29세,상해없음,화물,남,68세,경상
2022090500100391,2022년 9월 5일 17시,월요일,전라남도 순천시 해룡면,경상사고,0,0,1,0,차대차 - 기타,안전거리미확보,젖음/습기,비,교차로 - 교차로부근,승합,남,46세,기타불명,승용,여,49세,경상
2022090500100392,2022년 9월 5일 17시,월요일,전라남도 나주시 중앙동,경상사고,0,0,1,0,차대사람 - 횡단중,보행자보호의무위반,젖음/습기,비,기타 - 기타,승용,남,76세,상해없음,보행자,남,40세,경상
2022090500100393,2022년 9월 5일 17시,월요일,전라남도 장흥군 장흥읍,경상사고,0,0,1,0,차량단독 - 공작물충돌,안전운전불이행,젖음/습기,비,단일로 - 기타,승용,여,41세,경상,,,,
2022090500100441,2022년 9월 5일 18시,월요일,전라남도 여수시 여서동,경상사고,0,0,1,0,차대차 - 측면충돌,안전운전불이행,젖음/습기,비,교차로 - 교차로안,승용,여,51세,상해없음,승용,남,49세,경상
2022090500100512,2022년 9월 5일 19시,월요일,전라남도 순천시 동외동,경상사고,0,0,1,0,차대차 - 기타,안전운전불이행,젖음/습기,비,교차로 - 교차로안,승용,남,63세,상해없음,승용,남,54세,경상
2022090500100513,2022년 9월 5일 19시,월요일,전라남도 무안군 무안읍,중상사고,0,2,0,0,차대사람 - 기타,안전운전불이행,젖음/습기,비,기타 - 기타,승용,남,64세,상해없음,보행자,남,66세,중상
2022090500100554,2022년 9월 5일 20시,월요일,전라남도 순천시 조례동,경상사고,0,0,1,0,차대차 - 측면충돌,교차로운행방법위반,젖음/습기,기타,교차로 - 교차로안,승용,여,52세,상해없음,승용,여,24세,경상
2022090500100555,2022년 9월 5일 20시,월요일,전라남도 나주시 빛가람동,경상사고,0,0,1,0,차대차 - 측면충돌,신호위반,젖음/습기,비,교차로 - 교차로안,승용,남,23세,상해없음,승용,남,45세,경상
2022090500100634,2022년 9월 5일 22시,월요일,전라남도 광양시 광양읍,중상사고,0,1,0,0,차량단독 - 공작물충돌,안전운전불이행,젖음/습기,비,단일로 - 기타,승용,남,26세,중상,,,,
2022090500100653,2022년 9월 5일 23시,월요일,전라남도 목포시 용해동,중상사고,0,1,2,0,차대사람 - 횡단중,안전운전불이행,건조,맑음,단일로 - 기타,승용,남,49세,상해없음,보행자,남,56세,중상
2022090600100012,2022년 9월 6일 00시,화요일,전라남도 순천시 덕암동,경상사고,0,0,1,0,차대차 - 기타,안전운전불이행,건조,맑음,교차로 - 교차로안,승용,남,44세,상해없음,승용,여,32세,경상
2022090600100013,2022년 9월 6일 00시,화요일,전라남도 광양시 중동,경상사고,0,0,1,0,차대차 - 기타,신호위반,젖음/습기,비,교차로 - 교차로안,승용,남,36세,상해없음,승용,남,65세,경상
2022090600100073,2022년 9월 6일 07시,화요일,전라남도 여수시 화양면,중상사고,0,2,0,0,차대차 - 측면충돌,안전운전불이행,젖음/습기,맑음,단일로 - 기타,승용,남,51세,상해없음,화물,남,56세,기타불명
2022090600100074,2022년 9월 6일 07시,화요일,전라남도 고흥군 영남면,경상사고,0,0,1,1,차대차 - 기타,안전운전불이행,건조,맑음,단일로 - 기타,화물,남,68세,부상신고,승합,남,60세,경상
2022090600100112,2022년 9월 6일 09시,화요일,전라남도 신안군 암태면,중상사고,0,1,0,0,차대사람 - 차도통행중,안전운전불이행,건조,맑음,단일로 - 기타,화물,여,55세,상해없음,보행자,여,66세,중상
2022090600100113,2022년 9월 6일 09시,화요일,전라남도 여수시 여서동,경상사고,0,0,1,0,차대차 - 측면충돌,교차로운행방법위반,건조,맑음,교차로 - 교차로안,승용,여,61세,상해없음,승용,여,36세,경상
2022090600100136,2022년 9월 6일 10시,화요일,전라남도 화순군 화순읍,중상사고,0,1,0,0,차대사람 - 횡단중,보행자보호의무위반,건조,맑음,교차로 - 교차로안,화물,남,50세,상해없음,보행자,여,67세,중상
2022090600100159,2022년 9월 6일 11시,화요일,전라남도 여수시 남산동,경상사고,0,0,1,0,차대차 - 후진중충돌,안전운전불이행,건조,맑음,교차로 - 교차로안,승용,남,63세,상해없음,승용,남,48세,경상
2022090600100189,2022년 9월 6일 12시,화요일,전라남도 목포시 용당동,사망사고,1,0,0,0,차대사람 - 차도통행중,안전운전불이행,건조,맑음,교차로 - 교차로부근,승용,남,67세,상해없음,보행자,남,91세,사망
2022090600100190,2022년 9월 6일 12시,화요일,전라남도 순천시 서면,중상사고,0,1,0,0,차대차 - 기타,직진우회전진행방해,건조,맑음,교차로 - 교차로안,화물,남,72세,상해없음,사륜오토바이(ATV),여,73세,중상
2022090600100191,2022년 9월 6일 12시,화요일,전라남도 순천시 조례동,경상사고,0,0,1,0,차대차 - 기타,교차로운행방법위반,건조,맑음,교차로 - 교차로안,이륜,남,32세,경상,승용,남,59세,상해없음
2022090600100192,2022년 9월 6일 12시,화요일,전라남도 화순군 동면,중상사고,0,1,0,0,차량단독 - 공작물충돌,안전운전불이행,건조,맑음,기타 - 기타,이륜,남,19세,중상,,,,
2022090600100223,2022년 9월 6일 13시,화요일,전라남도 화순군 화순읍,경상사고,0,0,2,0,차대차 - 측면충돌,교차로운행방법위반,건조,맑음,교차로 - 교차로안,승용,남,67세,상해없음,승용,남,41세,경상
2022090600100259,2022년 9월 6일 14시,화요일,전라남도 나주시 산포면,경상사고,0,0,2,0,차대차 - 측면충돌,신호위반,건조,맑음,교차로 - 교차로안,승용,남,75세,상해없음,승용,여,27세,경상
2022090600100303,2022년 9월 6일 15시,화요일,전라남도 목포시 죽동,중상사고,0,1,0,0,차대사람 - 기타,보행자보호의무위반,건조,맑음,기타 - 기타,이륜,남,78세,기타불명,보행자,여,75세,중상
2022090600100304,2022년 9월 6일 15시,화요일,전라남도 목포시 석현동,경상사고,0,0,1,0,차대차 - 측면충돌,직진우회전진행방해,건조,맑음,교차로 - 교차로안,승용,남,23세,상해없음,화물,여,57세,경상
2022090600100305,2022년 9월 6일 15시,화요일,전라남도 나주시 봉황면,중상사고,0,1,0,0,차량단독 - 도로외이탈 - 추락,안전운전불이행,건조,맑음,단일로 - 기타,승용,남,67세,중상,,,,
2022090600100306,2022년 9월 6일 15시,화요일,전라남도 화순군 동면,경상사고,0,0,1,0,차대차 - 추돌,안전운전불이행,건조,맑음,단일로 - 기타,승용,남,65세,경상,승용,남,67세,기타불명