사고번호,사고일시,요일,시군구,사고내용,사망자수,중상자수,경상자수,부상신고자수,사고유형,법규위반,노면상태,기상상태,도로형태,가해운전자 차종,가해운전자 성별,가해운전자 연령,가해운전자 상해정도,피해운전자 차종,피해운전자 성별,피해운전자 연령,피해운전자 상해정도
2022090600100341,2022년 9월 6일 16시,화요일,전라남도 목포시 석현동,경상사고,0,0,1,0,차대사람 - 횡단중,안전운전불이행,건조,맑음,단일로 - 기타,승용,남,36세,상해없음,보행자,남,10세,경상
2022090600100396,2022년 9월 6일 17시,화요일,전라남도 순천시 해룡면,경상사고,0,0,1,0,차대사람 - 횡단중,보행자보호의무위반,건조,맑음,교차로 - 교차로횡단보도내,승용,남,79세,상해없음,보행자,여,30세,경상
2022090600100397,2022년 9월 6일 17시,화요일,전라남도 완도군 완도읍,경상사고,0,0,1,0,차대차 - 기타,신호위반,건조,맑음,단일로 - 기타,원동기,남,52세,상해없음,승용,여,36세,경상
2022090600100451,2022년 9월 6일 18시,화요일,전라남도 여수시 선원동,부상신고사고,0,0,0,1,차대차 - 측면충돌,안전운전불이행,건조,맑음,교차로 - 교차로안,자전거,남,58세,부상신고,승용,여,29세,상해없음
2022090600100452,2022년 9월 6일 18시,화요일,전라남도 무안군 삼향읍,경상사고,0,0,1,0,차대차 - 기타,안전운전불이행,건조,맑음,단일로 - 기타,승용,여,28세,상해없음,승용,여,43세,경상
2022090600100493,2022년 9월 6일 19시,화요일,전라남도 광양시 광양읍,경상사고,0,0,1,0,차대차 - 기타,안전거리미확보,건조,맑음,단일로 - 기타,승용,여,74세,상해없음,이륜,남,21세,경상
2022090600100541,2022년 9월 6일 21시,화요일,전라남도 목포시 산정동,경상사고,0,0,1,0,차대사람 - 기타,안전운전불이행,건조,맑음,기타 - 기타,승용,남,48세,기타불명,보행자,남,17세,경상
2022090600100542,2022년 9월 6일 21시,화요일,전라남도 완도군 완도읍,경상사고,0,0,1,0,차대차 - 측면충돌,안전운전불이행,건조,맑음,단일로 - 기타,승용,남,63세,경상,화물,남,55세,상해없음
2022090600100572,2022년 9월 6일 22시,화요일,전라남도 해남군 옥천면,중상사고,0,1,0,0,차대사람 - 차도통행중,안전운전불이행,건조,맑음,단일로 - 기타,승용,남,31세,상해없음,보행자,남,74세,중상
2022090700100008,2022년 9월 7일 00시,수요일,전라남도 목포시 옥암동,경상사고,0,0,1,0,차대차 - 추돌,안전운전불이행,건조,맑음,기타 - 기타,승용,여,55세,상해없음,승용,여,54세,경상
2022090700100051,2022년 9월 7일 05시,수요일,전라남도 화순군 도암면,중상사고,0,1,0,0,차량단독 - 기타,안전운전불이행,기타,안개,단일로 - 기타,원동기,여,46세,중상,,,,
2022090700100062,2022년 9월 7일 06시,수요일,전라남도 목포시 산정동,경상사고,0,0,1,0,차대사람 - 기타,안전운전불이행,건조,맑음,단일로 - 기타,승용,남,71세,상해없음,보행자,여,76세,경상
2022090700100063,2022년 9월 7일 06시,수요일,전라남도 완도군 완도읍,경상사고,0,0,1,0,차대차 - 측면충돌,직진우회전진행방해,건조,맑음,교차로 - 교차로안,승용,남,40세,상해없음,화물,남,25세,경상
2022090700100093,2022년 9월 7일 07시,수요일,전라남도 고흥군 고흥읍,중상사고,0,1,0,0,차대차 - 기타,교차로운행방법위반,건조,맑음,교차로 - 교차로안,승용,여,31세,상해없음,이륜,남,81세,중상
2022090700100094,2022년 9월 7일 07시,수요일,전라남도 보성군 보성읍,경상사고,0,0,2,0,차대차 - 측면충돌,교차로운행방법위반,건조,맑음,교차로 - 교차로안,승용,여,57세,경상,승용,남,47세,경상
2022090700100095,2022년 9월 7일 07시,수요일,전라남도 화순군 화순읍,경상사고,0,0,1,0,차대차 - 추돌,안전거리미확보,건조,맑음,교차로 - 교차로부근,승용,남,28세,상해없음,승용,남,49세,경상
2022090700100136,2022년 9월 7일 08시,수요일,전라남도 영암군 삼호읍,경상사고,0,0,1,0,차대차 - 추돌,안전운전불이행,건조,맑음,교차로 - 교차로부근,화물,남,68세,상해없음,승용,남,42세,경상
2022090700100184,2022년 9월 7일 09시,수요일,전라남도 목포시 대양동,경상사고,0,0,1,0,차대차 - 추돌,안전거리미확보,건조,맑음,단일로 - 기타,승용,남,33세,상해없음,승용,여,49세,경상
2022090700100185,2022년 9월 7일 09시,수요일,전라남도 목포시 호남동,경상사고,0,0,3,0,차대차 - 측면충돌,교차로운행방법위반,건조,맑음,교차로 - 교차로부근,승용,남,73세,경상,승용,남,54세,경상
2022090700100186,2022년 9월 7일 09시,수요일,전라남도 여수시 소라면,경상사고,0,0,1,0,차대차 - 추돌,안전운전불이행,건조,맑음,주차장 - 주차장,승용,남,55세,상해없음,승용,남,31세,상해없음
2022090700100187,2022년 9월 7일 09시,수요일,전라남도 장흥군 장흥읍,중상사고,0,1,0,0,차대차 - 측면충돌,안전운전불이행,건조,맑음,교차로 - 교차로안,이륜,남,82세,중상,승용,여,60세,상해없음
2022090700100237,2022년 9월 7일 10시,수요일,전라남도 목포시 용당동,중상사고,0,1,0,0,차대사람 - 기타,안전운전불이행,건조,맑음,교차로 - 교차로부근,승합,남,62세,상해없음,보행자,남,75세,중상
2022090700100238,2022년 9월 7일 10시,수요일,전라남도 여수시 봉강동,경상사고,0,0,2,0,차대차 - 기타,안전운전불이행,건조,맑음,단일로 - 기타,승용,여,42세,기타불명,승합,남,53세,경상
2022090700100239,2022년 9월 7일 10시,수요일,전라남도 장흥군 장흥읍,중상사고,0,3,0,0,차대차 - 정면충돌,중앙선침범,건조,맑음,단일로 - 터널,승용,남,80세,상해없음,승용,남,81세,중상
2022090700100240,2022년 9월 7일 10시,수요일,전라남도 무안군 해제면,경상사고,0,0,1,0,차대차 - 측면충돌,안전운전불이행,건조,맑음,교차로 - 교차로부근,승용,여,74세,기타불명,승용,여,66세,경상
2022090700100275,2022년 9월 7일 11시,수요일,전라남도 장흥군 장흥읍,중상사고,0,1,0,0,차량단독 - 전도전복 - 전복,안전운전불이행,건조,맑음,단일로 - 기타,화물,남,83세,중상,,,,
2022090700100276,2022년 9월 7일 11시,수요일,전라남도 보성군 벌교읍,경상사고,0,0,1,0,차대차 - 측면충돌,교차로운행방법위반,건조,맑음,교차로 - 교차로안,화물,남,72세,상해없음,승용,남,60세,경상
2022090700100307,2022년 9월 7일 12시,수요일,전라남도 장흥군 장흥읍,경상사고,0,0,2,0,차대차 - 후진중충돌,안전운전불이행,건조,맑음,기타 - 기타,화물,남,61세,상해없음,승용,남,53세,경상
2022090700100341,2022년 9월 7일 13시,수요일,전라남도 담양군 담양읍,경상사고,0,0,2,0,차대사람 - 길가장자리구역통행중,안전운전불이행,건조,맑음,단일로 - 기타,승용,남,68세,상해없음,보행자,여,26세,경상
2022090700100376,2022년 9월 7일 14시,수요일,전라남도 완도군 완도읍,사망사고,1,0,0,0,차량단독 - 도로외이탈 - 추락,안전운전불이행,건조,맑음,단일로 - 기타,농기계,여,79세,사망,,,,
2022090700100410,2022년 9월 7일 15시,수요일,전라남도 여수시 덕충동,중상사고,0,1,0,0,차대사람 - 기타,안전운전불이행,건조,맑음,단일로 - 기타,화물,남,39세,상해없음,보행자,남,13세,중상
2022090700100411,2022년 9월 7일 15시,수요일,전라남도 영암군 학산면,경상사고,0,0,1,0,차대차 - 측면충돌,신호위반,건조,맑음,교차로 - 교차로안,승용,여,41세,상해없음,이륜,남,82세,경상
2022090700100459,2022년 9월 7일 16시,수요일,전라남도 목포시 산정동,경상사고,0,0,1,0,차대차 - 측면충돌,안전운전불이행,건조,맑음,교차로 - 교차로부근,화물,남,77세,상해없음,승용,남,47세,경상
2022090700100514,2022년 9월 7일 17시,수요일,전라남도 고흥군 고흥읍,경상사고,0,0,1,0,차량단독 - 기타,안전운전불이행,건조,맑음,기타 - 기타,개인형이동수단(PM),남,61세,경상,,,,
2022090700100515,2022년 9월 7일 17시,수요일,전라남도 영암군 삼호읍,경상사고,0,0,1,0,차대차 - 측면충돌,안전거리미확보,건조,맑음,단일로 - 기타,승용,여,68세,기타불명,승용,여,26세,경상
2022090700100564,2022년 9월 7일 18시,수요일,전라남도 장성군 장성읍,경상사고,0,0,1,0,차대차 - 측면충돌,안전운전불이행,건조,맑음,교차로 - 교차로안,화물,남,55세,상해없음,화물,남,25세,경상
2022090700100610,2022년 9월 7일 19시,수요일,전라남도 목포시 상동,중상사고,0,1,1,0,차대차 - 측면충돌,신호위반,건조,맑음,교차로 - 교차로안,이륜,남,33세,중상,승용,남,40세,경상
2022090700100611,2022년 9월 7일 19시,수요일,전라남도 고흥군 점암면,중상사고,0,1,0,0,차대차 - 추돌,안전운전불이행,건조,기타,기타 - 기타,승용,남,48세,상해없음,농기계,남,56세,중상
2022090700100612,2022년 9월 7일 19시,수요일,전라남도 영광군 법성면,경상사고,0,0,1,0,차대차 - 추돌,안전운전불이행,건조,맑음,교차로 - 교차로안,승용,남,59세,상해없음,이륜,여,52세,경상
2022090700100684,2022년 9월 7일 21시,수요일,전라남도 여수시 학동,경상사고,0,0,1,0,차대차 - 측면충돌,안전운전불이행,건조,맑음,단일로 - 기타,승용,남,64세,상해없음,승합,남,31세,경상
2022090700100710,2022년 9월 7일 22시,수요일,전라남도 여수시 여서동,경상사고,0,0,2,0,차량단독 - 공작물충돌,안전운전불이행,건조,맑음,단일로 - 기타,승용,여,58세,상해없음,,,,
2022090700100711,2022년 9월 7일 22시,수요일,전라남도 순천시 연향동,부상신고사고,0,0,0,1,차대차 - 기타,안전운전불이행,건조,맑음,단일로 - 기타,자전거,남,56세,부상신고,승용,남,49세,상해없음
2022090800100007,2022년 9월 8일 00시,목요일,전라남도 순천시 조례동,경상사고,0,0,1,0,차량단독 - 기타,안전운전불이행,건조,맑음,교차로 - 교차로부근,승용,남,51세,상해없음,,,,
2022090800100044,2022년 9월 8일 05시,목요일,전라남도 해남군 마산면,경상사고,0,0,1,0,차대차 - 정면충돌,안전운전불이행,건조,맑음,교차로 - 교차로안,승용,여,64세,기타불명,원동기,여,62세,경상
2022090800100045,2022년 9월 8일 05시,목요일,전라남도 영암군 삼호읍,경상사고,0,0,1,0,차대차 - 측면충돌,신호위반,건조,맑음,교차로 - 교차로안,승용,남,55세,상해없음,이륜,남,78세,경상
2022090800100057,2022년 9월 8일 06시,목요일,전라남도 목포시 산정동,중상사고,0,2,0,0,차대사람 - 횡단중,보행자보호의무위반,건조,맑음,교차로 - 교차로안,승용,여,49세,상해없음,보행자,여,78세,중상
2022090800100058,2022년 9월 8일 06시,목요일,전라남도 담양군 대전면,경상사고,0,0,2,0,차대차 - 추돌,안전운전불이행,건조,맑음,교차로 - 교차로부근,승용,남,61세,상해없음,화물,여,55세,경상
2022090800100075,2022년 9월 8일 07시,목요일,전라남도 순천시 연향동,경상사고,0,0,1,0,차대차 - 측면충돌,신호위반,건조,맑음,교차로 - 교차로안,화물,남,54세,상해없음,승용,남,66세,상해없음
2022090800100106,2022년 9월 8일 08시,목요일,전라남도 목포시 석현동,중상사고,0,1,0,0,차량단독 - 기타,안전운전불이행,건조,맑음,교차로 - 교차로부근,승합,남,67세,상해없음,,,,
2022090800100107,2022년 9월 8일 08시,목요일,전라남도 목포시 대성동,경상사고,0,0,1,0,차대차 - 기타,안전운전불이행,건조,맑음,단일로 - 기타,기타불명,기타불명,미분류,기타불명,승합,남,43세,상해없음
2022090800100108,2022년 9월 8일 08시,목요일,전라남도 장흥군 관산읍,중상사고,0,1,0,0,차량단독 - 기타,안전운전불이행,건조,맑음,교차로 - 교차로안,사륜오토바이(ATV),여,69세,중상,,,,
2022090800100109,2022년 9월 8일 08시,목요일,전라남도 진도군 진도읍,경상사고,0,0,1,0,차대사람 - 차도통행중,안전운전불이행,건조,맑음,교차로 - 교차로부근,화물,남,24세,상해없음,보행자,남,82세,경상
2022090800100110,2022년 9월 8일 08시,목요일,전라남도 광양시 성황동,경상사고,0,0,1,0,차대차 - 추돌,안전거리미확보,건조,맑음,단일로 - 기타,승합,남,52세,상해없음,승용,여,51세,경상
2022090800100151,2022년 9월 8일 09시,목요일,전라남도 목포시 호남동,중상사고,0,1,0,0,차대차 - 기타,안전운전불이행,건조,맑음,교차로 - 교차로안,이륜,남,23세,중상,승용,남,63세,상해없음
2022090800100152,2022년 9월 8일 09시,목요일,전라남도 여수시 덕충동,중상사고,0,1,0,0,차대사람 - 차도통행중,안전운전불이행,건조,맑음,교차로 - 교차로안,승용,여,48세,상해없음,보행자,여,68세,중상
2022090800100153,2022년 9월 8일 09시,목요일,전라남도 해남군 마산면,경상사고,0,0,1,0,차대차 - 추돌,안전운전불이행,건조,맑음,교차로 - 교차로부근,승합,남,61세,기타불명,화물,남,68세,경상
2022090800100197,2022년 9월 8일 10시,목요일,전라남도 해남군 해남읍,중상사고,0,1,0,0,차대차 - 추돌,안전운전불이행,건조,맑음,교차로 - 교차로부근,승용,남,70세,기타불명,승용,남,41세,중상
2022090800100198,2022년 9월 8일 10시,목요일,전라남도 영광군 법성면,경상사고,0,0,1,0,차대사람 - 횡단중,교차로운행방법위반,건조,맑음,교차로 - 교차로부근,승용,남,74세,상해없음,보행자,여,79세,경상
2022090800100240,2022년 9월 8일 11시,목요일,전라남도 순천시 조곡동,경상사고,0,0,1,0,차대차 - 측면충돌,안전거리미확보,건조,맑음,단일로 - 기타,승용,남,73세,상해없음,승용,여,30세,경상
2022090800100280,2022년 9월 8일 12시,목요일,전라남도 목포시 상동,경상사고,0,0,3,0,차대차 - 기타,안전거리미확보,건조,맑음,교차로 - 교차로안,승용,남,81세,상해없음,승용,여,42세,경상
2022090800100281,2022년 9월 8일 12시,목요일,전라남도 목포시 산정동,경상사고,0,0,1,0,차대차 - 기타,직진우회전진행방해,건조,맑음,교차로 - 교차로안,이륜,여,62세,경상,승용,남,59세,상해없음
2022090800100318,2022년 9월 8일 13시,목요일,전라남도 순천시 조례동,경상사고,0,0,1,0,차대사람 - 차도통행중,안전운전불이행,건조,맑음,단일로 - 기타,화물,남,51세,상해없음,보행자,남,85세,경상
2022090800100319,2022년 9월 8일 13시,목요일,전라남도 순천시 저전동,중상사고,0,1,0,0,차대사람 - 차도통행중,안전운전불이행,건조,맑음,단일로 - 기타,승용,남,70세,상해없음,보행자,남,72세,중상
2022090800100320,2022년 9월 8일 13시,목요일,전라남도 나주시 빛가람동,경상사고,0,0,1,0,차대차 - 측면충돌,안전운전불이행,건조,맑음,단일로 - 기타,승용,남,60세,상해없음,승용,남,33세,경상
2022090800100366,2022년 9월 8일 14시,목요일,전라남도 여수시 중앙동,경상사고,0,0,1,0,차대차 - 측면충돌,안전운전불이행,건조,맑음,교차로 - 교차로안,승용,남,39세,상해없음,화물,남,35세,경상
2022090800100423,2022년 9월 8일 15시,목요일,전라남도 목포시 석현동,경상사고,0,0,1,0,차대차 - 측면충돌,안전운전불이행,건조,맑음,기타 - 기타,승용,남,60세,상해없음,화물,여,49세,경상
2022090800100424,2022년 9월 8일 15시,목요일,전라남도 장흥군 장흥읍,경상사고,0,0,1,0,차대사람 - 차도통행중,안전운전불이행,건조,맑음,단일로 - 기타,승용,남,71세,상해없음,보행자,여,55세,경상
2022090800100425,2022년 9월 8일 15시,목요일,전라남도 광양시 성황동,경상사고,0,0,1,0,차대차 - 추돌,안전거리미확보,건조,맑음,단일로 - 기타,화물,남,50세,상해없음,승용,남,56세,경상
2022090800100490,2022년 9월 8일 16시,목요일,전라남도 목포시 용당동,중상사고,0,1,0,0,차대차 - 기타,안전운전불이행,건조,맑음,단일로 - 기타,자전거,남,66세,중상,화물,남,43세,상해없음
2022090800100491,2022년 9월 8일 16시,목요일,전라남도 화순군 화순읍,중상사고,0,1,0,0,차대차 - 추돌,기타,건조,맑음,단일로 - 기타,승용,남,62세,상해없음,자전거,남,14세,중상
2022090800100492,2022년 9월 8일 16시,목요일,전라남도 곡성군 곡성읍,경상사고,0,0,1,0,차대사람 - 기타,안전운전불이행,건조,맑음,기타 - 기타,화물,여,52세,상해없음,보행자,여,62세,경상
2022090800100574,2022년 9월 8일 17시,목요일,전라남도 여수시 선원동,경상사고,0,0,1,0,차대차 - 추돌,안전운전불이행,건조,맑음,교차로 - 교차로부근,승용,여,55세,상해없음,승용,여,36세,경상
2022090800100575,2022년 9월 8일 17시,목요일,전라남도 여수시 학동,경상사고,0,0,1,0,차대사람 - 기타,안전운전불이행,건조,맑음,교차로 - 교차로부근,승용,남,55세,상해없음,보행자,남,23세,경상
2022090800100577,2022년 9월 8일 17시,목요일,전라남도 광양시 광양읍,경상사고,0,0,2,0,차대차 - 측면충돌,직진우회전진행방해,건조,맑음,교차로 - 교차로안,승용,남,53세,경상,승용,여,48세,경상
2022090800100646,2022년 9월 8일 18시,목요일,전라남도 함평군 월야면,경상사고,0,0,1,0,차대차 - 측면충돌,교차로운행방법위반,건조,맑음,교차로 - 교차로안,화물,남,69세,상해없음,화물,남,56세,경상
2022090800100698,2022년 9월 8일 19시,목요일,전라남도 여수시 공화동,경상사고,0,0,1,0,차대차 - 측면충돌,교차로운행방법위반,건조,맑음,교차로 - 교차로안,승용,남,38세,상해없음,이륜,남,38세,경상
2022090800100699,2022년 9월 8일 19시,목요일,전라남도 장흥군 용산면,경상사고,0,0,3,0,차대차 - 추돌,안전거리미확보,건조,맑음,단일로 - 기타,승용,남,26세,상해없음,승용,남,60세,경상
2022090800100727,2022년 9월 8일 20시,목요일,전라남도 순천시 풍덕동,경상사고,0,0,2,0,차대차 - 후진중충돌,안전운전불이행,건조,맑음,기타 - 기타,승용,남,48세,상해없음,승용,여,33세,경상
2022090800100765,2022년 9월 8일 21시,목요일,전라남도 순천시 조곡동,경상사고,0,0,1,0,차대차 - 측면충돌,기타,건조,맑음,단일로 - 기타,승용,남,66세,상해없음,승용,여,22세,경상
2022090900100047,2022년 9월 9일 03시,금요일,전라남도 목포시 옥암동,경상사고,0,0,4,0,차대차 - 추돌,안전운전불이행,건조,맑음,단일로 - 기타,승용,남,45세,상해없음,승용,남,32세,경상
2022090900100085,2022년 9월 9일 07시,금요일,전라남도 고흥군 남양면,경상사고,0,0,1,0,차대차 - 측면충돌,안전운전불이행,건조,맑음,단일로 - 기타,승용,남,55세,상해없음,사륜오토바이(ATV),여,79세,경상
2022090900100101,2022년 9월 9일 08시,금요일,전라남도 구례군 구례읍,경상사고,0,0,1,0,차대사람 - 기타,안전운전불이행,건조,맑음,단일로 - 기타,승합,남,52세,상해없음,보행자,여,77세,경상
2022090900100102,2022년 9월 9일 08시,금요일,전라남도 순천시 서면,경상사고,0,0,3,0,차대차 - 추돌,안전운전불이행,건조,맑음,기타 - 기타,승용,남,53세,기타불명,승용,남,56세,경상
2022090900100139,2022년 9월 9일 10시,금요일,전라남도 순천시 덕암동,경상사고,0,0,3,0,차대차 - 측면충돌,안전운전불이행,건조,맑음,교차로 - 교차로안,승용,남,44세,상해없음,승용,남,33세,경상
2022090900100140,2022년 9월 9일 10시,금요일,전라남도 나주시 동강면,경상사고,0,0,1,0,차대차 - 측면충돌,안전운전불이행,건조,맑음,교차로 - 교차로안,승용,여,57세,상해없음,승용,남,47세,경상
2022090900100141,2022년 9월 9일 10시,금요일,전라남도 화순군 화순읍,경상사고,0,0,1,0,차대차 - 정면충돌,교차로운행방법위반,건조,맑음,교차로 - 교차로안,승용,남,61세,상해없음,원동기,남,69세,경상
2022090900100142,2022년 9월 9일 10시,금요일,전라남도 담양군 담양읍,부상신고사고,0,0,0,1,차대차 - 정면충돌,직진우회전진행방해,건조,맑음,교차로 - 교차로안,원동기,남,58세,부상신고,승용,여,62세,상해없음
2022090900100175,2022년 9월 9일 11시,금요일,전라남도 해남군 해남읍,경상사고,0,0,1,0,차대차 - 측면충돌,안전운전불이행,건조,맑음,교차로 - 교차로안,승용,남,63세,기타불명,승용,남,44세,경상
2022090900100176,2022년 9월 9일 11시,금요일,전라남도 완도군 완도읍,중상사고,0,1,0,0,차대차 - 측면충돌,기타,건조,맑음,교차로 - 교차로안,승용,여,62세,상해없음,자전거,여,67세,중상
2022090900100177,2022년 9월 9일 11시,금요일,전라남도 무안군 현경면,경상사고,0,0,5,0,차대차 - 기타,신호위반,건조,맑음,교차로 - 교차로안,화물,남,61세,상해없음,승용,여,36세,경상
2022090900100215,2022년 9월 9일 12시,금요일,전라남도 영암군 영암읍,중상사고,0,1,1,0,차대차 - 측면충돌,중앙선침범,건조,맑음,단일로 - 기타,승용,남,26세,상해없음,승용,남,37세,경상
2022090900100246,2022년 9월 9일 13시,금요일,전라남도 목포시 산정동,경상사고,0,0,1,0,차대차 - 측면충돌,안전운전불이행,건조,맑음,교차로 - 교차로부근,승용,남,69세,상해없음,승용,남,39세,경상
2022090900100286,2022년 9월 9일 14시,금요일,전라남도 목포시 해안동4가,중상사고,0,1,0,0,차대사람 - 차도통행중,안전운전불이행,건조,맑음,단일로 - 기타,승용,여,36세,상해없음,보행자,여,5세,중상
2022090900100287,2022년 9월 9일 14시,금요일,전라남도 영암군 학산면,경상사고,0,0,3,0,차대차 - 추돌,안전운전불이행,건조,맑음,기타 - 기타,승용,남,59세,경상,승용,남,64세,경상
2022090900100328,2022년 9월 9일 15시,금요일,전라남도 목포시 명륜동,경상사고,0,0,2,2,차대차 - 측면충돌,중앙선침범,건조,맑음,교차로 - 교차로부근,화물,남,81세,상해없음,승용,남,39세,경상
2022090900100329,2022년 9월 9일 15시,금요일,전라남도 강진군 성전면,경상사고,0,0,5,0,차대차 - 추돌,안전운전불이행,건조,맑음,단일로 - 기타,승용,남,45세,경상,승용,여,27세,경상
2022090900100330,2022년 9월 9일 15시,금요일,전라남도 광양시 중동,중상사고,0,1,0,0,차대차 - 측면충돌,안전운전불이행,건조,맑음,기타 - 기타,승용,남,70세,기타불명,자전거,여,68세,중상
2022090900100403,2022년 9월 9일 18시,금요일,전라남도 여수시 남산동,경상사고,0,0,3,0,차대차 - 측면충돌,신호위반,건조,맑음,교차로 - 교차로안,화물,남,70세,상해없음,승용,여,50세,경상
2022090900100404,2022년 9월 9일 18시,금요일,전라남도 나주시 빛가람동,중상사고,0,1,0,0,차대차 - 기타,신호위반,건조,맑음,교차로 - 교차로안,승용,남,55세,상해없음,승용,남,64세,중상
2022090900100405,2022년 9월 9일 18시,금요일,전라남도 곡성군 입면,경상사고,0,0,4,0,차대차 - 정면충돌,중앙선침범,건조,맑음,단일로 - 기타,승용,남,64세,경상,승용,남,26세,경상
2022090900100434,2022년 9월 9일 19시,금요일,전라남도 광양시 중동,경상사고,0,0,1,0,차대차 - 추돌,안전거리미확보,건조,맑음,단일로 - 기타,승용,남,22세,상해없음,승용,여,21세,경상
2022090900100462,2022년 9월 9일 20시,금요일,전라남도 장성군 삼계면,경상사고,0,0,6,0,차대차 - 측면충돌,안전운전불이행,건조,맑음,단일로 - 기타,승용,남,27세,상해없음,승용,여,51세,경상
2022090900100482,2022년 9월 9일 21시,금요일,전라남도 함평군 엄다면,경상사고,0,0,4,0,차대차 - 추돌,안전운전불이행,건조,맑음,단일로 - 기타,승용,여,27세,상해없음,승용,남,28세,경상
2022091000100013,2022년 9월 10일 01시,토요일,전라남도 여수시 여서동,경상사고,0,0,1,0,차대사람 - 기타,안전운전불이행,건조,맑음,교차로 - 교차로안,승용,남,57세,상해없음,보행자,남,31세,경상
2022091000100042,2022년 9월 10일 05시,토요일,전라남도 목포시 달동,경상사고,0,0,2,0,차대차 - 추돌,안전운전불이행,건조,맑음,단일로 - 기타,승용,남,29세,상해없음,화물,남,75세,경상
2022091000100059,2022년 9월 10일 07시,토요일,전라남도 영암군 학산면,중상사고,0,1,0,0,차대차 - 추돌,안전운전불이행,건조,맑음,교차로 - 교차로부근,승용,남,57세,상해없음,자전거,남,29세,중상
2022091000100066,2022년 9월 10일 08시,토요일,전라남도 영암군 덕진면,경상사고,0,0,3,0,차대차 - 측면충돌,안전운전불이행,건조,맑음,단일로 - 기타,승용,남,26세,경상,승용,남,25세,상해없음
2022091000100083,2022년 9월 10일 09시,토요일,전라남도 장흥군 장흥읍,경상사고,0,0,1,0,차대차 - 추돌,안전거리미확보,건조,맑음,교차로 - 교차로부근,승용,남,67세,상해없음,승용,남,54세,경상
2022091000100084,2022년 9월 10일 09시,토요일,전라남도 함평군 손불면,사망사고,1,0,0,0,차대사람 - 기타,안전운전불이행,건조,맑음,단일로 - 기타,승용,남,34세,상해없음,보행자,남,82세,사망
2022091000100104,2022년 9월 10일 10시,토요일,전라남도 목포시 서산동,경상사고,0,0,4,0,차대차 - 측면충돌,안전운전불이행,건조,맑음,교차로 - 교차로부근,승용,남,34세,경상,승용,남,56세,경상
2022091000100105,2022년 9월 10일 10시,토요일,전라남도 목포시 죽교동,경상사고,0,0,1,0,차대차 - 측면충돌,교차로운행방법위반,건조,맑음,교차로 - 교차로안,승용,여,39세,상해없음,승용,남,60세,경상
2022091000100131,2022년 9월 10일 11시,토요일,전라남도 여수시 봉산동,경상사고,0,0,1,0,차대차 - 측면충돌,안전운전불이행,건조,맑음,단일로 - 기타,승용,여,60세,상해없음,승용,남,68세,경상
2022091000100132,2022년 9월 10일 11시,토요일,전라남도 곡성군 죽곡면,경상사고,0,0,1,0,차대차 - 측면충돌,중앙선침범,건조,맑음,단일로 - 기타,승용,남,35세,상해없음,승용,남,24세,경상
2022091000100181,2022년 9월 10일 13시,토요일,전라남도 화순군 화순읍,경상사고,0,0,4,1,차대차 - 측면충돌,신호위반,건조,흐림,교차로 - 교차로안,승용,남,21세,상해없음,승용,남,51세,경상
2022091000100182,2022년 9월 10일 13시,토요일,전라남도 장성군 삼계면,경상사고,0,0,2,0,차대차 - 정면충돌,안전운전불이행,건조,맑음,교차로 - 교차로부근,화물,남,69세,상해없음,화물,남,51세,경상
2022091000100207,2022년 9월 10일 14시,토요일,전라남도 여수시 돌산읍,경상사고,0,0,3,0,차대차 - 측면충돌,안전운전불이행,건조,맑음,단일로 - 기타,승용,남,47세,상해없음,승용,남,40세,경상
2022091000100208,2022년 9월 10일 14시,토요일,전라남도 여수시 소라면,경상사고,0,0,2,0,차대차 - 기타,교차로운행방법위반,건조,맑음,교차로 - 교차로안,승용,남,53세,상해없음,승용,여,26세,경상
2022091000100209,2022년 9월 10일 14시,토요일,전라남도 장흥군 안양면,경상사고,0,0,1,0,차대사람 - 횡단중,안전운전불이행,건조,맑음,단일로 - 기타,승용,남,41세,상해없음,보행자,여,6세,경상
2022091000100210,2022년 9월 10일 14시,토요일,전라남도 영암군 학산면,경상사고,0,0,1,0,차대차 - 정면충돌,중앙선침범,건조,맑음,단일로 - 기타,화물,여,58세,상해없음,승용,남,39세,경상
2022091000100211,2022년 9월 10일 14시,토요일,전라남도 무안군 몽탄면,경상사고,0,0,2,0,차대차 - 추돌,안전운전불이행,건조,맑음,단일로 - 기타,승용,남,25세,상해없음,승용,여,48세,경상
2022091000100290,2022년 9월 10일 18시,토요일,전라남도 신안군 암태면,중상사고,0,1,3,0,차대차 - 정면충돌,중앙선침범,건조,맑음,단일로 - 기타,승용,남,25세,경상,승용,남,37세,경상
2022091000100292,2022년 9월 10일 18시,토요일,전라남도 고흥군 도양읍,중상사고,0,2,0,0,차대차 - 기타,안전운전불이행,건조,맑음,교차로 - 교차로안,승용,남,67세,상해없음,승용,여,36세,중상
2022091000100293,2022년 9월 10일 18시,토요일,전라남도 보성군 벌교읍,경상사고,0,0,1,0,차량단독 - 전도전복 - 전도,안전운전불이행,건조,맑음,단일로 - 기타,이륜,남,65세,경상,,,,
2022091000100322,2022년 9월 10일 20시,토요일,전라남도 여수시 소호동,경상사고,0,0,1,0,차대차 - 기타,안전운전불이행,건조,맑음,단일로 - 기타,승용,남,26세,경상,승용,남,51세,기타불명
2022091000100323,2022년 9월 10일 20시,토요일,전라남도 여수시 여서동,경상사고,0,0,1,0,차대차 - 기타,안전운전불이행,건조,맑음,교차로 - 교차로부근,승용,남,45세,상해없음,승용,남,31세,경상
2022091000100324,2022년 9월 10일 20시,토요일,전라남도 순천시 조례동,경상사고,0,0,1,0,차대차 - 추돌,안전운전불이행,건조,맑음,단일로 - 기타,승용,남,48세,상해없음,화물,남,34세,경상