사고번호,사고일시,요일,시군구,사고내용,사망자수,중상자수,경상자수,부상신고자수,사고유형,법규위반,노면상태,기상상태,도로형태,가해운전자 차종,가해운전자 성별,가해운전자 연령,가해운전자 상해정도,피해운전자 차종,피해운전자 성별,피해운전자 연령,피해운전자 상해정도
2022091000100347,2022년 9월 10일 21시,토요일,전라남도 순천시 연향동,경상사고,0,0,1,0,차대차 - 추돌,안전운전불이행,건조,맑음,단일로 - 기타,승용,여,45세,상해없음,승용,여,28세,경상
2022091000100367,2022년 9월 10일 22시,토요일,전라남도 여수시 신월동,경상사고,0,0,2,0,차대차 - 측면충돌,안전거리미확보,건조,맑음,단일로 - 기타,승용,남,41세,경상,승용,여,33세,경상
2022091100100024,2022년 9월 11일 02시,일요일,전라남도 목포시 용당동,중상사고,0,1,4,0,차대차 - 기타,안전운전불이행,건조,맑음,교차로 - 교차로안,승용,남,25세,경상,승용,남,23세,상해없음
2022091100100078,2022년 9월 11일 10시,일요일,전라남도 신안군 임자면,경상사고,0,0,6,0,차대차 - 측면충돌,직진우회전진행방해,건조,맑음,교차로 - 교차로안,화물,여,55세,경상,승용,여,18세,경상
2022091100100079,2022년 9월 11일 10시,일요일,전라남도 영암군 영암읍,경상사고,0,0,1,0,차대차 - 측면충돌,안전운전불이행,건조,맑음,주차장 - 주차장,승용,여,50세,상해없음,승용,여,49세,기타불명
2022091100100122,2022년 9월 11일 12시,일요일,전라남도 무안군 현경면,중상사고,0,2,4,0,차대차 - 측면충돌,중앙선침범,건조,맑음,단일로 - 기타,승용,여,46세,상해없음,승용,남,41세,경상
2022091100100146,2022년 9월 11일 13시,일요일,전라남도 목포시 상동,경상사고,0,0,2,0,차대차 - 측면충돌,안전운전불이행,건조,맑음,단일로 - 기타,승용,남,64세,상해없음,이륜,남,21세,경상
2022091100100147,2022년 9월 11일 13시,일요일,전라남도 순천시 해룡면,경상사고,0,0,10,0,차대차 - 추돌,안전운전불이행,건조,맑음,단일로 - 기타,승용,남,35세,상해없음,승용,여,22세,경상
2022091100100148,2022년 9월 11일 13시,일요일,전라남도 강진군 성전면,경상사고,0,0,2,0,차대차 - 추돌,안전운전불이행,건조,맑음,단일로 - 기타,승용,여,45세,상해없음,승용,여,42세,경상
2022091100100176,2022년 9월 11일 14시,일요일,전라남도 목포시 옥암동,경상사고,0,0,1,0,차대차 - 측면충돌,교차로운행방법위반,건조,맑음,교차로 - 교차로안,승용,여,65세,기타불명,이륜,남,25세,경상
2022091100100177,2022년 9월 11일 14시,일요일,전라남도 담양군 용면,경상사고,0,0,3,0,차대차 - 추돌,안전운전불이행,건조,맑음,단일로 - 기타,화물,남,69세,상해없음,승용,남,58세,경상
2022091100100178,2022년 9월 11일 14시,일요일,전라남도 담양군 담양읍,경상사고,0,0,2,0,차대차 - 후진중충돌,안전운전불이행,건조,맑음,단일로 - 기타,승용,남,63세,상해없음,승용,남,56세,경상
2022091100100197,2022년 9월 11일 15시,일요일,전라남도 목포시 산정동,경상사고,0,0,4,0,차대차 - 측면충돌,직진우회전진행방해,건조,맑음,교차로 - 교차로안,승용,남,76세,상해없음,승용,여,37세,경상
2022091100100198,2022년 9월 11일 15시,일요일,전라남도 고흥군 고흥읍,경상사고,0,0,2,0,차대차 - 추돌,안전운전불이행,건조,맑음,단일로 - 기타,승용,남,65세,상해없음,승용,남,68세,경상
2022091100100199,2022년 9월 11일 15시,일요일,전라남도 강진군 성전면,중상사고,0,1,3,0,차대차 - 추돌,안전운전불이행,건조,맑음,단일로 - 기타,승용,여,27세,상해없음,승용,남,52세,상해없음
2022091100100231,2022년 9월 11일 16시,일요일,전라남도 여수시 봉산동,경상사고,0,0,1,0,차대사람 - 기타,안전운전불이행,건조,맑음,단일로 - 기타,승용,여,38세,상해없음,보행자,남,65세,경상
2022091100100255,2022년 9월 11일 17시,일요일,전라남도 해남군 화산면,경상사고,0,0,4,0,차대차 - 기타,안전운전불이행,건조,맑음,교차로 - 교차로안,승용,남,37세,상해없음,승용,여,45세,경상
2022091100100383,2022년 9월 11일 23시,일요일,전라남도 목포시 상동,경상사고,0,0,1,0,차량단독 - 기타,안전운전불이행,건조,흐림,단일로 - 기타,개인형이동수단(PM),남,24세,경상,,,,
2022091200100007,2022년 9월 12일 00시,월요일,전라남도 목포시 석현동,사망사고,1,0,1,1,차량단독 - 공작물충돌,기타,건조,흐림,기타 - 기타,승용,남,18세,부상신고,,,,
2022091200100008,2022년 9월 12일 00시,월요일,전라남도 무안군 몽탄면,중상사고,0,1,1,0,차대차 - 추돌,안전운전불이행,건조,맑음,단일로 - 기타,승용,남,25세,중상,화물,남,51세,경상
2022091200100061,2022년 9월 12일 05시,월요일,전라남도 목포시 상동,경상사고,0,0,1,0,차대사람 - 기타,안전운전불이행,젖음/습기,비,단일로 - 기타,기타불명,기타불명,미분류,기타불명,보행자,남,26세,경상
2022091200100062,2022년 9월 12일 05시,월요일,전라남도 광양시 중동,경상사고,0,0,2,0,차대차 - 정면충돌,중앙선침범,건조,맑음,교차로 - 교차로부근,승용,남,32세,경상,승용,남,62세,경상
2022091200100072,2022년 9월 12일 07시,월요일,전라남도 해남군 해남읍,중상사고,0,1,0,0,차대차 - 기타,안전거리미확보,젖음/습기,흐림,교차로 - 교차로부근,화물,남,76세,상해없음,이륜,남,51세,중상
2022091200100081,2022년 9월 12일 08시,월요일,전라남도 순천시 조곡동,경상사고,0,0,1,0,차량단독 - 공작물충돌,안전운전불이행,건조,맑음,단일로 - 기타,개인형이동수단(PM),남,25세,경상,,,,
2022091200100091,2022년 9월 12일 09시,월요일,전라남도 영광군 홍농읍,중상사고,0,1,2,0,차대차 - 측면충돌,교차로운행방법위반,젖음/습기,비,교차로 - 교차로안,승용,남,70세,경상,승용,남,71세,경상
2022091200100120,2022년 9월 12일 11시,월요일,전라남도 여수시 문수동,경상사고,0,0,1,0,차대차 - 기타,안전거리미확보,건조,맑음,교차로 - 교차로안,승용,여,52세,상해없음,승용,남,30세,경상
2022091200100121,2022년 9월 12일 11시,월요일,전라남도 함평군 월야면,경상사고,0,0,4,0,차대차 - 측면충돌,안전운전불이행,젖음/습기,비,단일로 - 기타,승용,남,27세,상해없음,승용,남,53세,경상
2022091200100122,2022년 9월 12일 11시,월요일,전라남도 광양시 광양읍,중상사고,0,1,1,0,차대차 - 측면충돌,교차로운행방법위반,건조,맑음,교차로 - 교차로안,승용,남,19세,상해없음,승용,여,71세,중상
2022091200100141,2022년 9월 12일 12시,월요일,전라남도 목포시 상동,경상사고,0,0,2,0,차대차 - 기타,안전운전불이행,젖음/습기,비,교차로 - 교차로안,승용,남,54세,상해없음,승용,여,54세,경상
2022091200100142,2022년 9월 12일 12시,월요일,전라남도 여수시 남면,중상사고,0,1,0,0,차대차 - 정면충돌,중앙선침범,건조,맑음,단일로 - 기타,승용,남,48세,상해없음,화물,남,80세,중상
2022091200100168,2022년 9월 12일 13시,월요일,전라남도 목포시 옥암동,경상사고,0,0,2,0,차대차 - 측면충돌,신호위반,건조,맑음,교차로 - 교차로안,승용,여,61세,상해없음,승용,남,21세,경상
2022091200100197,2022년 9월 12일 14시,월요일,전라남도 순천시 생목동,중상사고,0,1,0,0,차대차 - 측면충돌,교차로운행방법위반,건조,맑음,교차로 - 교차로부근,승용,남,74세,상해없음,이륜,남,28세,중상
2022091200100198,2022년 9월 12일 14시,월요일,전라남도 장성군 장성읍,경상사고,0,0,1,0,차대사람 - 기타,보행자보호의무위반,건조,맑음,교차로 - 교차로횡단보도내,승용,남,50세,상해없음,보행자,남,50세,경상
2022091200100228,2022년 9월 12일 15시,월요일,전라남도 순천시 별량면,경상사고,0,0,2,0,차대차 - 측면충돌,안전거리미확보,건조,맑음,단일로 - 기타,승용,남,84세,경상,화물,남,39세,경상
2022091200100269,2022년 9월 12일 17시,월요일,전라남도 여수시 봉산동,경상사고,0,0,1,0,차대차 - 추돌,안전운전불이행,건조,맑음,단일로 - 기타,화물,남,63세,상해없음,승용,여,43세,경상
2022091200100270,2022년 9월 12일 17시,월요일,전라남도 순천시 덕암동,경상사고,0,0,1,0,차대차 - 측면충돌,신호위반,건조,맑음,교차로 - 교차로안,승용,여,64세,상해없음,승용,남,47세,경상
2022091200100271,2022년 9월 12일 17시,월요일,전라남도 광양시 마동,경상사고,0,0,3,0,차대차 - 측면충돌,교차로운행방법위반,건조,맑음,교차로 - 교차로안,승용,남,59세,상해없음,승용,여,61세,경상
2022091200100296,2022년 9월 12일 18시,월요일,전라남도 순천시 석현동,중상사고,0,1,0,0,차대사람 - 차도통행중,안전운전불이행,건조,맑음,단일로 - 기타,승용,여,26세,상해없음,보행자,여,80세,중상
2022091200100297,2022년 9월 12일 18시,월요일,전라남도 순천시 풍덕동,경상사고,0,0,3,0,차대차 - 측면충돌,직진우회전진행방해,건조,맑음,교차로 - 교차로안,승용,남,38세,경상,승용,남,32세,상해없음
2022091200100298,2022년 9월 12일 18시,월요일,전라남도 화순군 화순읍,부상신고사고,0,0,0,1,차대차 - 기타,안전운전불이행,건조,맑음,단일로 - 기타,자전거,남,11세,부상신고,승용,남,25세,상해없음
2022091200100326,2022년 9월 12일 19시,월요일,전라남도 여수시 소호동,중상사고,0,1,0,0,차대차 - 추돌,신호위반,건조,맑음,교차로 - 교차로안,이륜,남,50세,중상,승용,남,62세,상해없음
2022091200100327,2022년 9월 12일 19시,월요일,전라남도 광양시 광양읍,경상사고,0,0,1,0,차대차 - 측면충돌,신호위반,건조,맑음,단일로 - 기타,승용,남,55세,상해없음,승용,남,50세,경상
2022091200100357,2022년 9월 12일 20시,월요일,전라남도 광양시 광양읍,경상사고,0,0,1,0,차대사람 - 횡단중,보행자보호의무위반,건조,맑음,교차로 - 교차로부근,승용,여,60세,상해없음,보행자,남,62세,경상
2022091300100025,2022년 9월 13일 05시,화요일,전라남도 광양시 광양읍,중상사고,0,1,0,0,차대차 - 측면충돌,신호위반,건조,맑음,교차로 - 교차로안,승용,남,39세,상해없음,화물,남,48세,중상
2022091300100036,2022년 9월 13일 06시,화요일,전라남도 나주시 다시면,경상사고,0,0,2,0,차대차 - 측면충돌,안전운전불이행,건조,맑음,단일로 - 기타,화물,남,42세,경상,승용,남,50세,경상
2022091300100050,2022년 9월 13일 07시,화요일,전라남도 광양시 중동,경상사고,0,0,1,0,차대차 - 측면충돌,교차로운행방법위반,건조,맑음,교차로 - 교차로안,승용,남,26세,상해없음,승용,남,31세,경상
2022091300100081,2022년 9월 13일 08시,화요일,전라남도 여수시 신덕동,경상사고,0,0,1,0,차대차 - 측면충돌,안전운전불이행,건조,맑음,교차로 - 교차로안,승용,남,30세,상해없음,승용,남,40세,경상
2022091300100082,2022년 9월 13일 08시,화요일,전라남도 장흥군 장흥읍,경상사고,0,0,1,0,차대사람 - 기타,안전운전불이행,건조,맑음,단일로 - 기타,화물,남,65세,상해없음,보행자,남,33세,경상
2022091300100083,2022년 9월 13일 08시,화요일,전라남도 영암군 군서면,경상사고,0,0,2,0,차대차 - 측면충돌,직진우회전진행방해,건조,맑음,교차로 - 교차로안,화물,여,45세,경상,화물,남,52세,경상
2022091300100142,2022년 9월 13일 10시,화요일,전라남도 목포시 상동,경상사고,0,0,1,0,차대차 - 기타,기타,건조,맑음,단일로 - 기타,승용,남,64세,상해없음,이륜,남,20세,경상
2022091300100170,2022년 9월 13일 11시,화요일,전라남도 여수시 문수동,경상사고,0,0,1,0,차대차 - 후진중충돌,안전운전불이행,건조,맑음,단일로 - 기타,화물,남,78세,상해없음,승용,남,28세,경상
2022091300100229,2022년 9월 13일 13시,화요일,전라남도 목포시 용당동,경상사고,0,0,1,0,차대차 - 측면충돌,안전거리미확보,건조,맑음,단일로 - 기타,승용,여,62세,경상,승용,남,68세,상해없음
2022091300100230,2022년 9월 13일 13시,화요일,전라남도 순천시 해룡면,경상사고,0,0,2,0,차대차 - 기타,안전운전불이행,건조,맑음,교차로 - 교차로안,승용,남,45세,상해없음,이륜,남,30세,경상
2022091300100259,2022년 9월 13일 14시,화요일,전라남도 광양시 중동,중상사고,0,1,0,0,차대차 - 기타,교차로운행방법위반,건조,맑음,교차로 - 교차로안,승용,여,49세,상해없음,이륜,남,39세,중상
2022091300100298,2022년 9월 13일 15시,화요일,전라남도 여수시 학동,경상사고,0,0,1,0,차대차 - 기타,안전운전불이행,건조,맑음,기타 - 기타,승용,여,40세,상해없음,승용,여,30세,경상
2022091300100330,2022년 9월 13일 16시,화요일,전라남도 순천시 왕지동,경상사고,0,0,1,0,차대차 - 기타,안전거리미확보,건조,맑음,교차로 - 교차로부근,승용,남,62세,상해없음,승용,여,37세,경상
2022091300100362,2022년 9월 13일 17시,화요일,전라남도 목포시 용해동,경상사고,0,0,1,0,차대차 - 기타,안전운전불이행,젖음/습기,비,단일로 - 기타,승용,남,53세,상해없음,이륜,남,64세,경상
2022091300100363,2022년 9월 13일 17시,화요일,전라남도 목포시 상동,경상사고,0,0,2,0,차대차 - 추돌,안전운전불이행,젖음/습기,비,단일로 - 기타,이륜,남,66세,경상,승용,남,65세,경상
2022091300100364,2022년 9월 13일 17시,화요일,전라남도 여수시 오림동,경상사고,0,0,1,0,차대사람 - 횡단중,보행자보호의무위반,건조,맑음,교차로 - 교차로안,승용,남,79세,상해없음,보행자,여,30세,경상
2022091300100365,2022년 9월 13일 17시,화요일,전라남도 광양시 광양읍,경상사고,0,0,1,0,차대차 - 측면충돌,교차로운행방법위반,건조,맑음,교차로 - 교차로안,승용,남,55세,상해없음,개인형이동수단(PM),남,29세,경상
2022091300100433,2022년 9월 13일 19시,화요일,전라남도 함평군 함평읍,경상사고,0,0,2,0,차대차 - 측면충돌,교차로운행방법위반,건조,맑음,교차로 - 교차로안,승용,남,68세,경상,화물,남,54세,경상
2022091400100037,2022년 9월 14일 06시,수요일,전라남도 여수시 둔덕동,경상사고,0,0,1,0,차대차 - 추돌,안전운전불이행,건조,맑음,교차로 - 교차로부근,화물,남,40세,상해없음,이륜,남,35세,경상
2022091400100052,2022년 9월 14일 07시,수요일,전라남도 여수시 중흥동,중상사고,0,1,1,0,차대차 - 측면충돌,안전운전불이행,건조,맑음,단일로 - 기타,승용,여,63세,중상,특수,남,53세,경상
2022091400100095,2022년 9월 14일 08시,수요일,전라남도 목포시 대양동,중상사고,0,2,1,0,차대차 - 측면충돌,신호위반,건조,맑음,교차로 - 교차로안,승용,여,55세,경상,승용,남,65세,중상
2022091400100163,2022년 9월 14일 10시,수요일,전라남도 화순군 춘양면,중상사고,0,1,0,0,차대차 - 측면충돌,안전운전불이행,건조,맑음,단일로 - 기타,화물,남,65세,상해없음,이륜,남,83세,중상
2022091400100164,2022년 9월 14일 10시,수요일,전라남도 강진군 강진읍,중상사고,0,1,0,0,차대차 - 기타,직진우회전진행방해,건조,맑음,교차로 - 교차로안,화물,남,68세,상해없음,이륜,남,78세,중상
2022091400100228,2022년 9월 14일 12시,수요일,전라남도 곡성군 옥과면,경상사고,0,0,1,0,차대차 - 기타,안전운전불이행,건조,맑음,주차장 - 주차장,건설기계,남,58세,상해없음,승용,남,74세,경상
2022091400100255,2022년 9월 14일 13시,수요일,전라남도 강진군 강진읍,중상사고,0,1,0,0,차대사람 - 기타,안전운전불이행,건조,맑음,단일로 - 기타,화물,남,35세,상해없음,보행자,남,39세,중상
2022091400100307,2022년 9월 14일 15시,수요일,전라남도 여수시 여서동,경상사고,0,0,3,0,차대차 - 측면충돌,안전운전불이행,건조,맑음,단일로 - 기타,이륜,남,51세,경상,승용,여,58세,경상
2022091400100308,2022년 9월 14일 15시,수요일,전라남도 보성군 벌교읍,경상사고,0,0,1,0,차대차 - 측면충돌,교차로운행방법위반,건조,맑음,기타 - 기타,승용,남,66세,상해없음,이륜,남,73세,경상
2022091400100309,2022년 9월 14일 15시,수요일,전라남도 화순군 화순읍,중상사고,0,1,1,0,차대차 - 측면충돌,교차로운행방법위반,건조,맑음,교차로 - 교차로안,승합,남,50세,경상,화물,남,32세,중상
2022091400100336,2022년 9월 14일 16시,수요일,전라남도 함평군 함평읍,부상신고사고,0,0,0,1,차대차 - 측면충돌,안전운전불이행,건조,맑음,교차로 - 교차로안,화물,남,56세,부상신고,승용,남,23세,상해없음
2022091400100379,2022년 9월 14일 17시,수요일,전라남도 목포시 용당동,경상사고,0,0,1,0,차대사람 - 기타,보행자보호의무위반,건조,맑음,단일로 - 기타,승용,남,45세,상해없음,보행자,여,18세,경상
2022091400100380,2022년 9월 14일 17시,수요일,전라남도 구례군 광의면,경상사고,0,0,1,0,차대사람 - 차도통행중,안전운전불이행,건조,맑음,단일로 - 기타,화물,여,44세,상해없음,보행자,여,77세,경상
2022091400100507,2022년 9월 14일 21시,수요일,전라남도 나주시 금천면,경상사고,0,0,2,0,차대차 - 정면충돌,신호위반,건조,맑음,교차로 - 교차로안,승용,여,63세,경상,승용,남,50세,경상
2022091400100519,2022년 9월 14일 22시,수요일,전라남도 여수시 덕충동,경상사고,0,0,1,0,차대차 - 후진중충돌,안전운전불이행,건조,맑음,단일로 - 기타,승용,여,46세,상해없음,승용,여,47세,경상
2022091400100530,2022년 9월 14일 23시,수요일,전라남도 광양시 광양읍,경상사고,0,0,1,0,차대차 - 기타,안전운전불이행,건조,맑음,단일로 - 기타,화물,남,54세,상해없음,승용,남,44세,경상
2022091500100028,2022년 9월 15일 03시,목요일,전라남도 목포시 옥암동,부상신고사고,0,0,0,1,차대사람 - 기타,안전운전불이행,건조,맑음,기타 - 기타,승용,남,30세,상해없음,보행자,여,21세,부상신고
2022091500100064,2022년 9월 15일 07시,목요일,전라남도 광양시 광양읍,경상사고,0,0,1,0,차대차 - 측면충돌,교차로운행방법위반,건조,맑음,교차로 - 교차로안,승용,여,48세,기타불명,승용,남,68세,경상
2022091500100098,2022년 9월 15일 08시,목요일,전라남도 화순군 화순읍,경상사고,0,0,1,0,차대사람 - 기타,안전운전불이행,건조,맑음,교차로 - 교차로부근,승용,남,72세,상해없음,보행자,여,53세,경상
2022091500100099,2022년 9월 15일 08시,목요일,전라남도 담양군 담양읍,중상사고,0,1,0,0,차대차 - 측면충돌,기타,건조,맑음,교차로 - 교차로안,화물,남,50세,상해없음,이륜,여,75세,중상
2022091500100100,2022년 9월 15일 08시,목요일,전라남도 담양군 담양읍,중상사고,0,1,0,0,차대사람 - 기타,안전운전불이행,건조,맑음,교차로 - 교차로부근,승합,남,60세,상해없음,보행자,여,80세,중상
2022091500100133,2022년 9월 15일 09시,목요일,전라남도 화순군 화순읍,부상신고사고,0,0,0,1,차대사람 - 기타,교차로운행방법위반,건조,맑음,교차로 - 교차로안,화물,남,37세,상해없음,보행자,여,81세,부상신고
2022091500100159,2022년 9월 15일 10시,목요일,전라남도 곡성군 곡성읍,사망사고,1,0,0,0,차량단독 - 기타,안전운전불이행,건조,맑음,기타 - 기타,이륜,남,79세,사망,,,,
2022091500100188,2022년 9월 15일 11시,목요일,전라남도 여수시 공화동,중상사고,0,1,0,0,차대사람 - 횡단중,안전운전불이행,건조,맑음,단일로 - 기타,승용,남,79세,상해없음,보행자,남,16세,중상
2022091500100189,2022년 9월 15일 11시,목요일,전라남도 장흥군 장평면,중상사고,0,1,0,0,차대차 - 정면충돌,교차로운행방법위반,건조,맑음,교차로 - 교차로안,승용,남,63세,상해없음,이륜,남,74세,중상
2022091500100212,2022년 9월 15일 12시,목요일,전라남도 목포시 죽교동,경상사고,0,0,3,0,차대차 - 추돌,안전거리미확보,건조,맑음,단일로 - 기타,승용,남,33세,경상,승용,남,28세,경상
2022091500100213,2022년 9월 15일 12시,목요일,전라남도 여수시 여천동,경상사고,0,0,2,0,차대차 - 측면충돌,중앙선침범,건조,맑음,교차로 - 교차로안,승용,여,25세,상해없음,승용,여,50세,경상
2022091500100236,2022년 9월 15일 13시,목요일,전라남도 강진군 강진읍,중상사고,0,1,0,0,차대사람 - 기타,안전운전불이행,건조,맑음,단일로 - 기타,승용,여,62세,상해없음,보행자,남,53세,중상
2022091500100287,2022년 9월 15일 15시,목요일,전라남도 순천시 덕월동,중상사고,0,3,14,1,차대차 - 추돌,안전운전불이행,건조,맑음,단일로 - 기타,승합,남,57세,상해없음,화물,남,70세,중상
2022091500100359,2022년 9월 15일 17시,목요일,전라남도 순천시 장천동,중상사고,0,1,0,0,차대차 - 기타,불법유턴,건조,맑음,교차로 - 교차로횡단보도내,개인형이동수단(PM),남,19세,중상,승용,여,42세,상해없음
2022091500100476,2022년 9월 15일 20시,목요일,전라남도 해남군 해남읍,경상사고,0,0,1,0,차대차 - 측면충돌,기타,건조,맑음,교차로 - 교차로안,승용,남,67세,상해없음,이륜,남,19세,경상
2022091500100528,2022년 9월 15일 23시,목요일,전라남도 여수시 여서동,경상사고,0,0,1,0,차대사람 - 횡단중,보행자보호의무위반,건조,맑음,교차로 - 교차로횡단보도내,승용,남,45세,상해없음,보행자,남,45세,경상
2022091600100048,2022년 9월 16일 05시,금요일,전라남도 여수시 여서동,경상사고,0,0,2,0,차대차 - 측면충돌,안전운전불이행,건조,맑음,단일로 - 기타,승용,여,38세,상해없음,화물,남,33세,경상
2022091600100057,2022년 9월 16일 06시,금요일,전라남도 영암군 삼호읍,경상사고,0,0,3,0,차대차 - 정면충돌,중앙선침범,건조,맑음,단일로 - 기타,승용,여,30세,상해없음,승용,남,42세,경상
2022091600100079,2022년 9월 16일 07시,금요일,전라남도 화순군 동면,중상사고,0,1,2,0,차대차 - 추돌,안전운전불이행,건조,맑음,기타 - 기타,화물,남,52세,경상,승용,남,61세,경상
2022091600100120,2022년 9월 16일 08시,금요일,전라남도 순천시 서면,경상사고,0,0,1,0,차대차 - 측면충돌,기타,건조,맑음,기타 - 기타,건설기계,남,62세,상해없음,승용,여,34세,경상
2022091600100121,2022년 9월 16일 08시,금요일,전라남도 순천시 연향동,경상사고,0,0,2,0,차대차 - 기타,신호위반,건조,맑음,교차로 - 교차로안,승용,여,26세,상해없음,화물,남,38세,경상
2022091600100122,2022년 9월 16일 08시,금요일,전라남도 완도군 완도읍,경상사고,0,0,2,0,차대차 - 추돌,안전운전불이행,건조,맑음,교차로 - 교차로부근,승용,여,41세,경상,승용,남,61세,경상
2022091600100159,2022년 9월 16일 09시,금요일,전라남도 해남군 해남읍,중상사고,0,1,0,0,차대차 - 측면충돌,교차로운행방법위반,건조,맑음,교차로 - 교차로안,승용,여,55세,기타불명,승용,남,75세,기타불명
2022091600100185,2022년 9월 16일 10시,금요일,전라남도 나주시 송월동,중상사고,0,1,0,0,차대차 - 측면충돌,직진우회전진행방해,건조,맑음,교차로 - 교차로안,승용,남,59세,상해없음,원동기,남,61세,중상
2022091600100186,2022년 9월 16일 10시,금요일,전라남도 광양시 마동,경상사고,0,0,1,0,차대차 - 추돌,안전거리미확보,건조,맑음,교차로 - 교차로부근,승용,여,38세,상해없음,승용,여,36세,경상
2022091600100214,2022년 9월 16일 11시,금요일,전라남도 순천시 가곡동,경상사고,0,0,1,0,차대차 - 측면충돌,안전운전불이행,건조,맑음,교차로 - 교차로안,승용,남,77세,상해없음,승용,남,56세,경상
2022091600100215,2022년 9월 16일 11시,금요일,전라남도 담양군 담양읍,경상사고,0,0,1,0,차대차 - 측면충돌,신호위반,건조,맑음,교차로 - 교차로안,자전거,여,79세,경상,승용,여,42세,상해없음
2022091600100280,2022년 9월 16일 13시,금요일,전라남도 광양시 성황동,경상사고,0,0,2,0,차대차 - 측면충돌,신호위반,건조,맑음,교차로 - 교차로안,화물,남,45세,상해없음,승용,남,32세,경상
2022091600100281,2022년 9월 16일 13시,금요일,전라남도 함평군 신광면,사망사고,1,0,0,0,차량단독 - 공작물충돌,안전운전불이행,건조,맑음,단일로 - 기타,화물,남,60세,사망,,,,
2022091600100336,2022년 9월 16일 15시,금요일,전라남도 순천시 해룡면,경상사고,0,0,1,0,차대차 - 측면충돌,안전운전불이행,건조,맑음,단일로 - 기타,승용,여,45세,상해없음,승용,남,31세,경상
2022091600100337,2022년 9월 16일 15시,금요일,전라남도 완도군 고금면,사망사고,1,1,0,0,차량단독 - 공작물충돌,안전운전불이행,건조,맑음,단일로 - 기타,화물,남,51세,중상,,,,
2022091600100338,2022년 9월 16일 15시,금요일,전라남도 광양시 중동,경상사고,0,0,2,0,차대차 - 측면충돌,교차로운행방법위반,건조,맑음,교차로 - 교차로안,승용,남,75세,상해없음,승용,여,33세,경상
2022091600100383,2022년 9월 16일 16시,금요일,전라남도 여수시 화장동,경상사고,0,0,1,0,차대차 - 측면충돌,교차로운행방법위반,건조,맑음,교차로 - 교차로부근,승용,남,66세,상해없음,승용,남,31세,경상
2022091600100493,2022년 9월 16일 18시,금요일,전라남도 담양군 담양읍,경상사고,0,0,1,0,차대차 - 기타,중앙선침범,젖음/습기,비,교차로 - 교차로안,자전거,남,62세,경상,승용,남,37세,상해없음
2022091600100494,2022년 9월 16일 18시,금요일,전라남도 구례군 광의면,중상사고,0,1,1,0,차대차 - 측면충돌,기타,건조,맑음,교차로 - 교차로안,화물,여,36세,중상,화물,남,59세,경상
2022091600100495,2022년 9월 16일 18시,금요일,전라남도 담양군 창평면,경상사고,0,0,2,0,차대차 - 추돌,안전거리미확보,건조,맑음,단일로 - 기타,승용,남,47세,상해없음,승용,남,40세,경상
2022091600100563,2022년 9월 16일 19시,금요일,전라남도 곡성군 옥과면,중상사고,0,1,1,0,차대차 - 측면충돌,안전운전불이행,건조,맑음,교차로 - 교차로안,승용,여,53세,상해없음,승용,남,58세,경상
2022091600100635,2022년 9월 16일 21시,금요일,전라남도 목포시 옥암동,경상사고,0,0,3,2,차대차 - 측면충돌,안전운전불이행,건조,맑음,교차로 - 교차로안,승용,여,39세,부상신고,승용,남,27세,경상
2022091600100636,2022년 9월 16일 21시,금요일,전라남도 곡성군 겸면,중상사고,0,1,0,0,차대차 - 측면충돌,신호위반,건조,맑음,교차로 - 교차로안,승용,남,66세,상해없음,승용,남,30세,중상
2022091600100661,2022년 9월 16일 22시,금요일,전라남도 목포시 산정동,경상사고,0,0,4,0,차대차 - 측면충돌,신호위반,건조,맑음,교차로 - 교차로안,승용,여,31세,경상,승용,여,61세,경상
2022091600100662,2022년 9월 16일 22시,금요일,전라남도 화순군 도곡면,사망사고,1,0,0,0,차량단독 - 기타,안전운전불이행,건조,맑음,단일로 - 기타,승용,남,34세,사망,,,,
2022091700100017,2022년 9월 17일 00시,토요일,전라남도 목포시 연산동,경상사고,0,0,3,0,차대차 - 기타,안전운전불이행,건조,맑음,교차로 - 교차로안,승용,남,18세,경상,승용,남,63세,경상
2022091700100018,2022년 9월 17일 00시,토요일,전라남도 광양시 성황동,사망사고,1,0,0,0,차량단독 - 기타,안전운전불이행,건조,맑음,교차로 - 교차로부근,승용,남,35세,사망,,,,
2022091700100087,2022년 9월 17일 06시,토요일,전라남도 목포시 옥암동,경상사고,0,0,1,0,차대차 - 추돌,안전운전불이행,건조,맑음,단일로 - 기타,승용,남,44세,상해없음,승합,남,61세,경상
2022091700100123,2022년 9월 17일 08시,토요일,전라남도 고흥군 점암면,경상사고,0,0,2,0,차대차 - 기타,안전운전불이행,건조,맑음,교차로 - 교차로안,농기계,남,82세,경상,승용,여,73세,경상
2022091700100172,2022년 9월 17일 10시,토요일,전라남도 목포시 연산동,경상사고,0,0,2,0,차대차 - 추돌,안전거리미확보,건조,맑음,교차로 - 교차로부근,이륜,남,28세,경상,승용,남,58세,경상
2022091700100173,2022년 9월 17일 10시,토요일,전라남도 목포시 상동,경상사고,0,0,3,0,차대차 - 측면충돌,안전운전불이행,건조,맑음,단일로 - 기타,승용,남,67세,경상,승용,여,47세,경상