사고번호,사고일시,요일,시군구,사고내용,사망자수,중상자수,경상자수,부상신고자수,사고유형,법규위반,노면상태,기상상태,도로형태,가해운전자 차종,가해운전자 성별,가해운전자 연령,가해운전자 상해정도,피해운전자 차종,피해운전자 성별,피해운전자 연령,피해운전자 상해정도
2022091700100174,2022년 9월 17일 10시,토요일,전라남도 나주시 다시면,경상사고,0,0,3,0,차대차 - 추돌,안전운전불이행,건조,맑음,교차로 - 교차로부근,승용,남,18세,상해없음,승용,여,47세,경상
2022091700100175,2022년 9월 17일 10시,토요일,전라남도 영암군 삼호읍,경상사고,0,0,4,0,차대차 - 측면충돌,교차로운행방법위반,건조,맑음,교차로 - 교차로안,승용,남,74세,경상,승용,남,41세,경상
2022091700100213,2022년 9월 17일 11시,토요일,전라남도 영암군 학산면,경상사고,0,0,1,0,차대차 - 측면충돌,안전운전불이행,건조,맑음,교차로 - 교차로안,이륜,남,80세,경상,승용,남,78세,상해없음
2022091700100251,2022년 9월 17일 12시,토요일,전라남도 신안군 암태면,중상사고,0,1,0,0,차대사람 - 기타,안전운전불이행,건조,맑음,단일로 - 기타,승용,남,73세,상해없음,보행자,남,59세,중상
2022091700100252,2022년 9월 17일 12시,토요일,전라남도 장흥군 장흥읍,경상사고,0,0,1,0,차대사람 - 차도통행중,안전운전불이행,건조,맑음,단일로 - 기타,승용,남,62세,상해없음,보행자,여,79세,경상
2022091700100285,2022년 9월 17일 13시,토요일,전라남도 목포시 중동1가,경상사고,0,0,1,0,차대차 - 측면충돌,중앙선침범,건조,맑음,단일로 - 기타,화물,남,74세,상해없음,승용,여,48세,경상
2022091700100286,2022년 9월 17일 13시,토요일,전라남도 영암군 삼호읍,경상사고,0,0,2,0,차대차 - 측면충돌,교차로운행방법위반,건조,맑음,교차로 - 교차로안,승용,남,48세,경상,승용,남,30세,경상
2022091700100318,2022년 9월 17일 14시,토요일,전라남도 고흥군 남양면,경상사고,0,0,1,0,차대차 - 기타,안전운전불이행,건조,맑음,단일로 - 기타,승용,남,28세,상해없음,화물,남,30세,경상
2022091700100319,2022년 9월 17일 14시,토요일,전라남도 화순군 화순읍,경상사고,0,0,1,0,차대차 - 측면충돌,신호위반,건조,맑음,교차로 - 교차로안,화물,남,43세,기타불명,화물,남,53세,경상
2022091700100320,2022년 9월 17일 14시,토요일,전라남도 곡성군 곡성읍,중상사고,0,1,3,0,차대차 - 기타,불법유턴,건조,맑음,단일로 - 기타,승용,남,75세,경상,승용,남,29세,중상
2022091700100359,2022년 9월 17일 15시,토요일,전라남도 신안군 압해읍,중상사고,0,1,1,0,차대차 - 정면충돌,중앙선침범,건조,맑음,단일로 - 기타,승용,남,23세,상해없음,화물,남,75세,중상
2022091700100360,2022년 9월 17일 15시,토요일,전라남도 순천시 조례동,경상사고,0,0,1,0,차대차 - 기타,안전운전불이행,건조,맑음,교차로 - 교차로안,승용,남,72세,상해없음,이륜,남,40세,경상
2022091700100391,2022년 9월 17일 16시,토요일,전라남도 여수시 화장동,경상사고,0,0,1,0,차대차 - 측면충돌,신호위반,건조,맑음,교차로 - 교차로부근,이륜,남,54세,상해없음,승용,남,43세,경상
2022091700100392,2022년 9월 17일 16시,토요일,전라남도 순천시 왕지동,경상사고,0,0,1,0,차대사람 - 기타,안전운전불이행,건조,맑음,기타 - 기타,승용,여,57세,상해없음,보행자,남,4세,경상
2022091700100477,2022년 9월 17일 18시,토요일,전라남도 영광군 군서면,중상사고,0,1,1,0,차대차 - 측면충돌,직진우회전진행방해,건조,맑음,교차로 - 교차로안,승용,남,42세,상해없음,승용,남,42세,중상
2022091700100508,2022년 9월 17일 19시,토요일,전라남도 여수시 신기동,경상사고,0,0,1,0,차대차 - 추돌,안전운전불이행,건조,맑음,단일로 - 기타,승용,남,26세,상해없음,승용,남,38세,경상
2022091700100509,2022년 9월 17일 19시,토요일,전라남도 순천시 조례동,경상사고,0,0,2,0,차대차 - 추돌,안전운전불이행,젖음/습기,비,교차로 - 교차로안,승용,남,54세,상해없음,승용,남,28세,경상
2022091700100554,2022년 9월 17일 20시,토요일,전라남도 고흥군 도양읍,경상사고,0,0,1,0,차대사람 - 기타,안전운전불이행,건조,맑음,교차로 - 교차로안,승용,남,40세,상해없음,보행자,여,68세,경상
2022091700100555,2022년 9월 17일 20시,토요일,전라남도 고흥군 도덕면,경상사고,0,0,1,1,차대차 - 기타,안전운전불이행,건조,맑음,단일로 - 기타,화물,남,40세,상해없음,승용,남,35세,경상
2022091800100046,2022년 9월 18일 07시,일요일,전라남도 목포시 용당동,중상사고,0,1,0,0,차대차 - 측면충돌,안전운전불이행,건조,맑음,단일로 - 기타,이륜,남,84세,상해없음,승합,남,47세,상해없음
2022091800100054,2022년 9월 18일 08시,일요일,전라남도 순천시 조례동,경상사고,0,0,1,0,차대차 - 측면충돌,안전운전불이행,건조,맑음,교차로 - 교차로안,승용,남,59세,상해없음,승용,남,41세,경상
2022091800100111,2022년 9월 18일 11시,일요일,전라남도 고흥군 금산면,경상사고,0,0,1,0,차량단독 - 기타,안전운전불이행,건조,맑음,단일로 - 기타,농기계,남,77세,경상,,,,
2022091800100145,2022년 9월 18일 12시,일요일,전라남도 목포시 용해동,경상사고,0,0,1,0,차대차 - 측면충돌,안전운전불이행,건조,맑음,교차로 - 교차로부근,승용,여,28세,상해없음,자전거,남,74세,경상
2022091800100146,2022년 9월 18일 12시,일요일,전라남도 여수시 안산동,경상사고,0,0,1,0,차대차 - 추돌,안전운전불이행,건조,맑음,교차로 - 교차로부근,승용,남,29세,기타불명,승용,남,31세,경상
2022091800100147,2022년 9월 18일 12시,일요일,전라남도 강진군 신전면,중상사고,0,1,2,1,차대차 - 측면충돌,중앙선침범,건조,맑음,단일로 - 기타,승용,남,70세,부상신고,승용,남,48세,경상
2022091800100169,2022년 9월 18일 13시,일요일,전라남도 장성군 황룡면,경상사고,0,0,1,0,차대차 - 측면충돌,교차로운행방법위반,건조,맑음,교차로 - 교차로안,승용,남,53세,상해없음,승용,여,56세,경상
2022091800100203,2022년 9월 18일 14시,일요일,전라남도 광양시 중동,중상사고,0,2,0,0,차대차 - 측면충돌,신호위반,건조,맑음,교차로 - 교차로안,승용,남,62세,상해없음,승용,여,21세,중상
2022091800100229,2022년 9월 18일 15시,일요일,전라남도 여수시 소라면,경상사고,0,0,1,0,차대차 - 측면충돌,안전운전불이행,건조,맑음,교차로 - 교차로부근,승용,여,26세,상해없음,승용,여,59세,경상
2022091800100249,2022년 9월 18일 16시,일요일,전라남도 고흥군 도덕면,경상사고,0,0,1,0,차대사람 - 기타,안전운전불이행,건조,맑음,단일로 - 기타,승용,남,65세,상해없음,보행자,남,75세,경상
2022091800100250,2022년 9월 18일 16시,일요일,전라남도 영암군 삼호읍,경상사고,0,0,2,0,차대차 - 측면충돌,직진우회전진행방해,건조,맑음,교차로 - 교차로안,승용,남,40세,경상,승용,남,41세,경상
2022091800100280,2022년 9월 18일 17시,일요일,전라남도 구례군 토지면,경상사고,0,0,1,0,차대차 - 정면충돌,중앙선침범,건조,맑음,단일로 - 기타,승용,남,42세,상해없음,특수,남,66세,경상
2022091800100387,2022년 9월 18일 20시,일요일,전라남도 여수시 봉산동,경상사고,0,0,1,0,차대차 - 측면충돌,안전운전불이행,건조,맑음,단일로 - 기타,승용,여,53세,상해없음,이륜,남,16세,경상
2022091800100405,2022년 9월 18일 21시,일요일,전라남도 담양군 담양읍,경상사고,0,0,1,0,차대사람 - 차도통행중,안전운전불이행,건조,맑음,단일로 - 기타,승용,남,25세,상해없음,보행자,여,18세,경상
2022091800100424,2022년 9월 18일 22시,일요일,전라남도 완도군 보길면,경상사고,0,0,1,0,차량단독 - 공작물충돌,안전운전불이행,건조,흐림,단일로 - 기타,이륜,남,35세,경상,,,,
2022091900100019,2022년 9월 19일 02시,월요일,전라남도 목포시 석현동,경상사고,0,0,1,0,차대차 - 기타,안전운전불이행,건조,맑음,교차로 - 교차로부근,승용,남,27세,상해없음,승용,남,32세,경상
2022091900100048,2022년 9월 19일 06시,월요일,전라남도 화순군 화순읍,경상사고,0,0,2,0,차대차 - 측면충돌,차로위반,건조,맑음,단일로 - 기타,승용,남,50세,경상,승용,여,28세,경상
2022091900100093,2022년 9월 19일 08시,월요일,전라남도 여수시 주삼동,경상사고,0,0,1,0,차대차 - 측면충돌,안전운전불이행,건조,맑음,교차로 - 교차로부근,건설기계,남,69세,상해없음,승용,여,25세,경상
2022091900100155,2022년 9월 19일 10시,월요일,전라남도 순천시 연향동,경상사고,0,0,1,0,차대사람 - 횡단중,안전운전불이행,건조,맑음,교차로 - 교차로안,화물,남,47세,상해없음,보행자,여,20세,경상
2022091900100156,2022년 9월 19일 10시,월요일,전라남도 해남군 해남읍,경상사고,0,0,1,0,차대차 - 추돌,안전운전불이행,건조,맑음,단일로 - 터널,화물,남,70세,기타불명,승용,남,31세,경상
2022091900100230,2022년 9월 19일 13시,월요일,전라남도 여수시 선원동,중상사고,0,1,0,0,차대차 - 측면충돌,신호위반,건조,맑음,교차로 - 교차로횡단보도내,승용,남,72세,상해없음,개인형이동수단(PM),여,55세,중상
2022091900100231,2022년 9월 19일 13시,월요일,전라남도 함평군 신광면,경상사고,0,0,2,0,차대차 - 추돌,안전운전불이행,건조,맑음,교차로 - 교차로부근,화물,남,25세,상해없음,승용,남,59세,경상
2022091900100270,2022년 9월 19일 14시,월요일,전라남도 순천시 해룡면,중상사고,0,1,1,0,차대차 - 측면충돌,신호위반,건조,맑음,교차로 - 교차로안,화물,남,49세,상해없음,이륜,남,38세,중상
2022091900100303,2022년 9월 19일 15시,월요일,전라남도 나주시 성북동,경상사고,0,0,1,0,차대사람 - 보도통행중,기타,건조,맑음,단일로 - 기타,승용,남,66세,상해없음,보행자,여,40세,경상
2022091900100304,2022년 9월 19일 15시,월요일,전라남도 함평군 월야면,중상사고,0,1,0,0,차대차 - 측면충돌,신호위반,건조,맑음,교차로 - 교차로안,승용,남,33세,상해없음,승용,여,49세,중상
2022091900100346,2022년 9월 19일 16시,월요일,전라남도 여수시 중흥동,경상사고,0,0,1,0,차대차 - 기타,교차로운행방법위반,건조,맑음,교차로 - 교차로안,승용,남,28세,상해없음,화물,남,57세,경상
2022091900100347,2022년 9월 19일 16시,월요일,전라남도 화순군 백아면,중상사고,0,1,0,0,차대차 - 측면충돌,직진우회전진행방해,건조,맑음,교차로 - 교차로안,사륜오토바이(ATV),남,76세,중상,승용,남,41세,상해없음
2022091900100388,2022년 9월 19일 17시,월요일,전라남도 여수시 봉계동,경상사고,0,0,1,0,차대차 - 측면충돌,신호위반,건조,맑음,교차로 - 교차로안,승용,여,63세,상해없음,승용,남,27세,경상
2022091900100389,2022년 9월 19일 17시,월요일,전라남도 화순군 춘양면,중상사고,0,2,1,0,차대차 - 측면충돌,중앙선침범,건조,맑음,단일로 - 기타,승용,남,58세,경상,화물,남,67세,중상
2022091900100390,2022년 9월 19일 17시,월요일,전라남도 완도군 완도읍,경상사고,0,0,1,0,차대차 - 추돌,중앙선침범,건조,맑음,교차로 - 교차로부근,승용,남,67세,상해없음,승용,남,65세,경상
2022091900100434,2022년 9월 19일 18시,월요일,전라남도 광양시 광양읍,경상사고,0,0,1,0,차대차 - 기타,신호위반,건조,맑음,교차로 - 교차로횡단보도내,이륜,남,29세,경상,승용,여,54세,상해없음
2022091900100467,2022년 9월 19일 19시,월요일,전라남도 순천시 조곡동,경상사고,0,0,1,0,차대차 - 기타,안전운전불이행,건조,맑음,단일로 - 기타,승용,남,75세,상해없음,자전거,남,69세,경상
2022091900100468,2022년 9월 19일 19시,월요일,전라남도 해남군 해남읍,경상사고,0,0,1,0,차대차 - 측면충돌,안전운전불이행,건조,맑음,주차장 - 주차장,화물,남,43세,기타불명,승용,여,31세,경상
2022091900100506,2022년 9월 19일 20시,월요일,전라남도 장성군 장성읍,경상사고,0,0,1,0,차대차 - 측면충돌,안전운전불이행,건조,맑음,단일로 - 기타,승용,남,62세,상해없음,승용,여,69세,기타불명
2022091900100531,2022년 9월 19일 21시,월요일,전라남도 여수시 국동,경상사고,0,0,1,0,차대사람 - 횡단중,신호위반,건조,맑음,교차로 - 교차로횡단보도내,이륜,남,27세,상해없음,보행자,여,45세,경상
2022092000100072,2022년 9월 20일 07시,화요일,전라남도 목포시 상동,경상사고,0,0,1,0,차대차 - 측면충돌,안전운전불이행,건조,맑음,교차로 - 교차로안,승용,여,25세,상해없음,자전거,여,67세,경상
2022092000100073,2022년 9월 20일 07시,화요일,전라남도 나주시 이창동,경상사고,0,0,1,0,차대차 - 추돌,안전운전불이행,건조,맑음,교차로 - 교차로부근,승용,남,41세,상해없음,승용,여,43세,경상
2022092000100108,2022년 9월 20일 08시,화요일,전라남도 나주시 빛가람동,경상사고,0,0,1,0,차대차 - 측면충돌,교차로운행방법위반,건조,맑음,교차로 - 교차로안,승용,여,54세,상해없음,승용,여,54세,경상
2022092000100109,2022년 9월 20일 08시,화요일,전라남도 함평군 함평읍,경상사고,0,0,4,0,차대차 - 추돌,안전운전불이행,건조,맑음,교차로 - 교차로부근,승합,남,66세,상해없음,승용,여,58세,경상
2022092000100146,2022년 9월 20일 09시,화요일,전라남도 순천시 주암면,사망사고,1,0,0,0,차량단독 - 공작물충돌,안전운전불이행,건조,맑음,단일로 - 기타,사륜오토바이(ATV),남,85세,상해없음,,,,
2022092000100148,2022년 9월 20일 09시,화요일,전라남도 담양군 수북면,중상사고,0,1,0,0,차대차 - 측면충돌,안전운전불이행,건조,맑음,교차로 - 교차로안,승용,남,26세,상해없음,원동기,남,76세,중상
2022092000100149,2022년 9월 20일 09시,화요일,전라남도 담양군 담양읍,경상사고,0,0,1,0,차대차 - 측면충돌,신호위반,건조,맑음,교차로 - 교차로안,승용,남,62세,기타불명,화물,남,59세,경상
2022092000100150,2022년 9월 20일 09시,화요일,전라남도 광양시 마동,경상사고,0,0,1,0,차대차 - 기타,신호위반,건조,맑음,교차로 - 교차로안,승용,남,46세,상해없음,승용,여,42세,경상
2022092000100176,2022년 9월 20일 10시,화요일,전라남도 순천시 조곡동,중상사고,0,1,0,0,차대사람 - 차도통행중,안전운전불이행,건조,맑음,단일로 - 기타,승용,남,36세,상해없음,보행자,남,51세,중상
2022092000100212,2022년 9월 20일 11시,화요일,전라남도 순천시 조례동,경상사고,0,0,2,0,차대차 - 측면충돌,직진우회전진행방해,건조,맑음,교차로 - 교차로안,승용,남,41세,경상,승용,남,64세,경상
2022092000100213,2022년 9월 20일 11시,화요일,전라남도 영암군 덕진면,중상사고,0,1,0,0,차대차 - 측면충돌,신호위반,건조,맑음,교차로 - 교차로안,승용,남,69세,상해없음,사륜오토바이(ATV),여,88세,중상
2022092000100214,2022년 9월 20일 11시,화요일,전라남도 광양시 광양읍,경상사고,0,0,2,0,차대차 - 측면충돌,안전운전불이행,건조,맑음,단일로 - 기타,승용,여,73세,상해없음,승용,남,37세,경상
2022092000100215,2022년 9월 20일 11시,화요일,전라남도 광양시 광양읍,경상사고,0,0,2,0,차대차 - 추돌,안전운전불이행,건조,맑음,단일로 - 기타,승용,남,33세,기타불명,승용,남,33세,경상
2022092000100246,2022년 9월 20일 12시,화요일,전라남도 광양시 광양읍,경상사고,0,0,1,0,차대사람 - 기타,안전운전불이행,건조,맑음,기타 - 기타,승용,남,62세,상해없음,보행자,남,43세,경상
2022092000100275,2022년 9월 20일 13시,화요일,전라남도 신안군 증도면,중상사고,0,1,0,0,차대차 - 측면충돌,직진우회전진행방해,건조,맑음,교차로 - 교차로안,화물,남,37세,상해없음,이륜,남,80세,중상
2022092000100276,2022년 9월 20일 13시,화요일,전라남도 목포시 상동,중상사고,0,1,0,0,차대차 - 기타,안전운전불이행,건조,맑음,단일로 - 기타,승용,남,67세,상해없음,이륜,남,21세,중상
2022092000100277,2022년 9월 20일 13시,화요일,전라남도 여수시 학동,경상사고,0,0,1,0,차대차 - 추돌,안전거리미확보,건조,맑음,교차로 - 교차로안,승용,여,64세,상해없음,이륜,남,37세,경상
2022092000100278,2022년 9월 20일 13시,화요일,전라남도 여수시 평여동,경상사고,0,0,1,0,차대차 - 측면충돌,안전운전불이행,건조,맑음,교차로 - 교차로안,특수,남,58세,기타불명,승용,남,54세,경상
2022092000100356,2022년 9월 20일 15시,화요일,전라남도 보성군 득량면,경상사고,0,0,1,0,차대차 - 정면충돌,중앙선침범,건조,맑음,단일로 - 기타,원동기,남,91세,경상,승용,남,79세,상해없음
2022092000100357,2022년 9월 20일 15시,화요일,전라남도 진도군 의신면,중상사고,0,1,0,0,차량단독 - 전도전복 - 전도,안전운전불이행,건조,맑음,교차로 - 교차로부근,이륜,남,79세,중상,,,,
2022092000100441,2022년 9월 20일 17시,화요일,전라남도 여수시 신월동,경상사고,0,0,1,0,차대차 - 추돌,안전운전불이행,건조,맑음,교차로 - 교차로부근,화물,남,59세,상해없음,승용,여,40세,경상
2022092000100489,2022년 9월 20일 18시,화요일,전라남도 신안군 압해읍,경상사고,0,0,3,0,차대차 - 기타,안전운전불이행,건조,맑음,기타 - 기타,화물,남,61세,경상,승용,남,67세,경상
2022092000100490,2022년 9월 20일 18시,화요일,전라남도 여수시 여서동,경상사고,0,0,2,0,차대차 - 측면충돌,안전거리미확보,건조,맑음,단일로 - 기타,이륜,남,48세,경상,승용,여,52세,경상
2022092000100491,2022년 9월 20일 18시,화요일,전라남도 순천시 남정동,경상사고,0,0,1,0,차대차 - 측면충돌,중앙선침범,건조,맑음,단일로 - 기타,승용,남,52세,상해없음,이륜,남,38세,경상
2022092000100492,2022년 9월 20일 18시,화요일,전라남도 장흥군 부산면,중상사고,0,1,0,0,차량단독 - 도로외이탈 - 추락,안전운전불이행,건조,맑음,단일로 - 기타,승용,남,79세,중상,,,,
2022092000100493,2022년 9월 20일 18시,화요일,전라남도 무안군 삼향읍,경상사고,0,0,1,0,차대차 - 기타,안전운전불이행,건조,맑음,교차로 - 교차로안,승용,남,36세,상해없음,승용,남,51세,경상
2022092000100535,2022년 9월 20일 19시,화요일,전라남도 화순군 화순읍,경상사고,0,0,3,0,차대차 - 후진중충돌,안전운전불이행,건조,맑음,교차로 - 교차로안,승용,남,62세,상해없음,승용,남,32세,경상
2022092000100536,2022년 9월 20일 19시,화요일,전라남도 완도군 완도읍,경상사고,0,0,1,0,차대차 - 기타,안전운전불이행,건조,맑음,단일로 - 기타,승용,남,61세,상해없음,승용,남,28세,경상
2022092000100537,2022년 9월 20일 19시,화요일,전라남도 광양시 중동,경상사고,0,0,1,0,차대차 - 기타,교차로운행방법위반,건조,맑음,교차로 - 교차로안,승용,남,55세,기타불명,이륜,남,30세,경상
2022092000100538,2022년 9월 20일 19시,화요일,전라남도 구례군 산동면,경상사고,0,0,1,0,차대차 - 측면충돌,차로위반,건조,맑음,단일로 - 기타,화물,남,53세,상해없음,화물,남,57세,경상
2022092000100566,2022년 9월 20일 20시,화요일,전라남도 영암군 영암읍,경상사고,0,0,1,0,차대사람 - 차도통행중,안전운전불이행,건조,맑음,단일로 - 기타,승용,여,60세,상해없음,보행자,남,81세,경상
2022092000100567,2022년 9월 20일 20시,화요일,전라남도 광양시 광양읍,중상사고,0,1,0,0,차대사람 - 횡단중,보행자보호의무위반,건조,맑음,교차로 - 교차로횡단보도내,이륜,남,61세,상해없음,보행자,남,70세,중상
2022092000100600,2022년 9월 20일 21시,화요일,전라남도 순천시 조례동,중상사고,0,1,1,0,차대차 - 측면충돌,교차로운행방법위반,건조,맑음,교차로 - 교차로안,승합,남,39세,상해없음,자전거,남,13세,중상
2022092000100624,2022년 9월 20일 22시,화요일,전라남도 여수시 둔덕동,경상사고,0,0,2,1,차대차 - 측면충돌,안전운전불이행,건조,맑음,기타 - 기타,승용,남,55세,상해없음,승용,남,46세,경상
2022092100100023,2022년 9월 21일 04시,수요일,전라남도 광양시 금호동,중상사고,0,1,0,0,차량단독 - 공작물충돌,안전운전불이행,건조,맑음,교차로 - 교차로안,승용,여,62세,중상,,,,
2022092100100058,2022년 9월 21일 07시,수요일,전라남도 해남군 해남읍,중상사고,0,1,1,0,차대차 - 측면충돌,직진우회전진행방해,건조,맑음,교차로 - 교차로안,화물,여,72세,경상,승용,여,68세,중상
2022092100100146,2022년 9월 21일 09시,수요일,전라남도 목포시 옥암동,경상사고,0,0,4,0,차대차 - 측면충돌,안전운전불이행,건조,맑음,교차로 - 교차로부근,승용,여,38세,경상,승용,여,34세,경상
2022092100100147,2022년 9월 21일 09시,수요일,전라남도 목포시 옥암동,경상사고,0,0,2,0,차대차 - 측면충돌,교차로운행방법위반,건조,맑음,교차로 - 교차로안,승용,남,78세,경상,승용,남,63세,경상
2022092100100148,2022년 9월 21일 09시,수요일,전라남도 영암군 서호면,중상사고,0,1,0,0,차대차 - 측면충돌,안전운전불이행,건조,맑음,교차로 - 교차로안,화물,남,82세,상해없음,자전거,남,36세,중상
2022092100100185,2022년 9월 21일 10시,수요일,전라남도 순천시 옥천동,사망사고,1,0,0,0,차대차 - 추돌,안전운전불이행,건조,맑음,단일로 - 기타,이륜,남,74세,사망,화물,남,77세,기타불명
2022092100100186,2022년 9월 21일 10시,수요일,전라남도 영광군 영광읍,경상사고,0,0,1,0,차대사람 - 횡단중,보행자보호의무위반,건조,맑음,단일로 - 기타,승합,남,53세,상해없음,보행자,남,78세,경상
2022092100100220,2022년 9월 21일 11시,수요일,전라남도 강진군 대구면,경상사고,0,0,1,0,차대사람 - 차도통행중,안전운전불이행,건조,맑음,단일로 - 기타,화물,남,73세,상해없음,보행자,여,57세,경상
2022092100100260,2022년 9월 21일 12시,수요일,전라남도 해남군 삼산면,경상사고,0,0,2,0,차대차 - 추돌,안전운전불이행,건조,맑음,단일로 - 기타,화물,남,56세,상해없음,승용,남,56세,경상
2022092100100261,2022년 9월 21일 12시,수요일,전라남도 강진군 강진읍,중상사고,0,1,0,0,차대사람 - 차도통행중,안전운전불이행,건조,맑음,단일로 - 기타,승용,남,71세,상해없음,보행자,여,77세,중상
2022092100100294,2022년 9월 21일 13시,수요일,전라남도 무안군 삼향읍,경상사고,0,0,1,0,차대차 - 기타,안전운전불이행,건조,맑음,교차로 - 교차로안,건설기계,남,46세,상해없음,승용,남,33세,경상
2022092100100328,2022년 9월 21일 14시,수요일,전라남도 순천시 덕암동,중상사고,0,1,0,0,차대사람 - 보도통행중,안전운전불이행,건조,맑음,단일로 - 기타,승용,남,26세,상해없음,보행자,여,76세,중상
2022092100100365,2022년 9월 21일 15시,수요일,전라남도 목포시 산정동,경상사고,0,0,1,0,차대차 - 기타,안전거리미확보,건조,맑음,교차로 - 교차로부근,승용,남,79세,상해없음,승용,남,43세,경상
2022092100100366,2022년 9월 21일 15시,수요일,전라남도 나주시 부덕동,중상사고,0,1,2,0,차대차 - 추돌,안전운전불이행,건조,맑음,단일로 - 기타,화물,남,33세,상해없음,화물,남,60세,중상
2022092100100412,2022년 9월 21일 16시,수요일,전라남도 여수시 봉계동,경상사고,0,0,3,0,차대차 - 기타,안전운전불이행,건조,맑음,교차로 - 교차로부근,승합,남,68세,상해없음,승용,여,36세,경상
2022092100100477,2022년 9월 21일 17시,수요일,전라남도 순천시 조곡동,경상사고,0,0,2,0,차대차 - 측면충돌,안전운전불이행,건조,맑음,단일로 - 기타,승용,남,67세,상해없음,화물,여,64세,경상
2022092100100526,2022년 9월 21일 18시,수요일,전라남도 순천시 인제동,중상사고,0,1,0,0,차대차 - 측면충돌,안전운전불이행,건조,맑음,교차로 - 교차로안,화물,남,52세,상해없음,자전거,남,52세,중상
2022092100100527,2022년 9월 21일 18시,수요일,전라남도 화순군 도곡면,중상사고,0,2,1,1,차대차 - 측면충돌,안전운전불이행,건조,맑음,교차로 - 교차로안,승용,남,62세,상해없음,승용,여,63세,중상
2022092100100528,2022년 9월 21일 18시,수요일,전라남도 무안군 해제면,중상사고,0,2,1,0,차대차 - 측면충돌,신호위반,건조,맑음,교차로 - 교차로안,화물,남,51세,경상,승용,남,81세,중상
2022092100100564,2022년 9월 21일 19시,수요일,전라남도 여수시 웅천동,경상사고,0,0,1,0,차대차 - 측면충돌,안전운전불이행,건조,맑음,교차로 - 교차로부근,이륜,남,47세,상해없음,승용,남,53세,경상
2022092100100565,2022년 9월 21일 19시,수요일,전라남도 여수시 둔덕동,중상사고,0,1,0,0,차대차 - 정면충돌,중앙선침범,건조,맑음,교차로 - 교차로부근,승용,여,51세,상해없음,원동기,남,20세,중상
2022092100100566,2022년 9월 21일 19시,수요일,전라남도 순천시 조례동,경상사고,0,0,1,0,차대차 - 측면충돌,안전운전불이행,건조,맑음,교차로 - 교차로부근,자전거,남,17세,상해없음,자전거,남,53세,경상
2022092100100567,2022년 9월 21일 19시,수요일,전라남도 장흥군 장흥읍,경상사고,0,0,1,0,차량단독 - 공작물충돌,안전운전불이행,건조,기타,단일로 - 기타,승용,남,58세,경상,,,,
2022092100100635,2022년 9월 21일 21시,수요일,전라남도 곡성군 삼기면,사망사고,1,0,0,0,차대사람 - 횡단중,기타,건조,맑음,단일로 - 기타,승용,남,51세,상해없음,보행자,여,68세,사망
2022092100100636,2022년 9월 21일 21시,수요일,전라남도 완도군 군외면,사망사고,1,0,0,0,차대사람 - 차도통행중,안전운전불이행,건조,맑음,단일로 - 기타,승용,남,63세,상해없음,보행자,남,52세,사망
2022092200100025,2022년 9월 22일 03시,목요일,전라남도 해남군 옥천면,사망사고,1,0,0,0,차대사람 - 기타,안전운전불이행,건조,맑음,단일로 - 기타,화물,남,41세,상해없음,보행자,남,38세,사망
2022092200100041,2022년 9월 22일 05시,목요일,전라남도 보성군 조성면,중상사고,0,1,0,0,차대차 - 정면충돌,교차로운행방법위반,건조,맑음,교차로 - 교차로안,승용,여,75세,상해없음,이륜,남,71세,중상
2022092200100054,2022년 9월 22일 06시,목요일,전라남도 담양군 월산면,경상사고,0,0,1,0,차대차 - 측면충돌,안전운전불이행,건조,맑음,교차로 - 교차로부근,승용,여,67세,기타불명,승용,여,48세,경상
2022092200100055,2022년 9월 22일 06시,목요일,전라남도 담양군 수북면,경상사고,0,0,2,0,차대차 - 측면충돌,신호위반,건조,맑음,교차로 - 교차로안,승용,여,76세,기타불명,승용,남,62세,경상
2022092200100080,2022년 9월 22일 07시,목요일,전라남도 순천시 풍덕동,경상사고,0,0,1,0,차대차 - 측면충돌,안전운전불이행,건조,맑음,단일로 - 기타,원동기,남,53세,경상,승용,남,41세,상해없음
2022092200100081,2022년 9월 22일 07시,목요일,전라남도 장성군 남면,경상사고,0,0,2,0,차대차 - 측면충돌,안전운전불이행,건조,맑음,교차로 - 교차로안,승용,남,75세,경상,승용,남,44세,경상
2022092200100123,2022년 9월 22일 08시,목요일,전라남도 목포시 산정동,경상사고,0,0,2,0,차대차 - 측면충돌,교차로운행방법위반,건조,맑음,교차로 - 교차로안,승용,남,58세,상해없음,승용,여,37세,경상
2022092200100124,2022년 9월 22일 08시,목요일,전라남도 고흥군 포두면,경상사고,0,0,3,0,차대차 - 기타,직진우회전진행방해,건조,맑음,교차로 - 교차로안,승용,남,83세,경상,승용,여,62세,경상
2022092200100125,2022년 9월 22일 08시,목요일,전라남도 화순군 사평면,경상사고,0,0,1,0,차대사람 - 기타,안전운전불이행,건조,맑음,기타 - 기타,화물,남,44세,상해없음,보행자,여,79세,경상
2022092200100126,2022년 9월 22일 08시,목요일,전라남도 강진군 강진읍,중상사고,0,1,0,0,차대차 - 측면충돌,중앙선침범,건조,맑음,단일로 - 기타,승용,여,66세,상해없음,이륜,남,73세,중상
2022092200100127,2022년 9월 22일 08시,목요일,전라남도 광양시 중동,경상사고,0,0,1,0,차대차 - 추돌,안전운전불이행,건조,맑음,기타 - 기타,승용,남,45세,상해없음,승용,남,51세,상해없음