사고번호,사고일시,요일,시군구,사고내용,사망자수,중상자수,경상자수,부상신고자수,사고유형,법규위반,노면상태,기상상태,도로형태,가해운전자 차종,가해운전자 성별,가해운전자 연령,가해운전자 상해정도,피해운전자 차종,피해운전자 성별,피해운전자 연령,피해운전자 상해정도
2022092700100262,2022년 9월 27일 13시,화요일,전라남도 영암군 덕진면,중상사고,0,1,0,0,차대차 - 측면충돌,안전운전불이행,건조,맑음,교차로 - 교차로부근,승용,여,67세,상해없음,승용,여,66세,중상
2022092700100263,2022년 9월 27일 13시,화요일,전라남도 담양군 금성면,중상사고,0,3,0,0,차대차 - 정면충돌,중앙선침범,건조,맑음,교차로 - 교차로부근,화물,남,49세,중상,건설기계,남,59세,중상
2022092700100264,2022년 9월 27일 13시,화요일,전라남도 담양군 창평면,경상사고,0,0,1,0,차대차 - 기타,안전운전불이행,건조,맑음,단일로 - 기타,승용,남,80세,상해없음,승용,여,59세,경상
2022092700100301,2022년 9월 27일 14시,화요일,전라남도 화순군 화순읍,경상사고,0,0,2,0,차대차 - 측면충돌,직진우회전진행방해,건조,맑음,교차로 - 교차로안,승용,남,74세,경상,승용,남,32세,경상
2022092700100326,2022년 9월 27일 15시,화요일,전라남도 여수시 국동,경상사고,0,0,1,0,차대차 - 기타,안전운전불이행,건조,맑음,단일로 - 기타,승용,여,51세,상해없음,승용,여,57세,경상
2022092700100327,2022년 9월 27일 15시,화요일,전라남도 순천시 석현동,중상사고,0,1,0,0,차대차 - 추돌,직진우회전진행방해,건조,맑음,교차로 - 교차로안,화물,남,69세,상해없음,자전거,남,79세,중상
2022092700100359,2022년 9월 27일 16시,화요일,전라남도 보성군 보성읍,경상사고,0,0,2,0,차대차 - 측면충돌,직진우회전진행방해,건조,맑음,교차로 - 교차로안,화물,남,73세,경상,화물,남,49세,경상
2022092700100424,2022년 9월 27일 17시,화요일,전라남도 순천시 해룡면,경상사고,0,0,1,0,차대차 - 기타,안전운전불이행,건조,맑음,단일로 - 기타,승용,남,71세,상해없음,이륜,남,23세,경상
2022092700100531,2022년 9월 27일 19시,화요일,전라남도 목포시 옥암동,경상사고,0,0,1,0,차대차 - 추돌,안전운전불이행,건조,맑음,교차로 - 교차로부근,승용,남,72세,상해없음,승용,남,27세,경상
2022092700100532,2022년 9월 27일 19시,화요일,전라남도 목포시 용당동,중상사고,0,1,0,0,차대사람 - 길가장자리구역통행중,안전운전불이행,건조,맑음,단일로 - 기타,승용,여,42세,상해없음,보행자,여,54세,중상
2022092700100576,2022년 9월 27일 20시,화요일,전라남도 여수시 선원동,경상사고,0,0,1,0,차대차 - 추돌,안전운전불이행,건조,맑음,단일로 - 기타,승용,여,43세,상해없음,승용,여,54세,경상
2022092700100577,2022년 9월 27일 20시,화요일,전라남도 나주시 빛가람동,경상사고,0,0,2,0,차대차 - 측면충돌,안전운전불이행,건조,맑음,교차로 - 교차로안,승용,남,41세,경상,승용,남,33세,경상
2022092700100613,2022년 9월 27일 21시,화요일,전라남도 목포시 산정동,중상사고,0,1,0,0,차대차 - 추돌,안전운전불이행,건조,맑음,교차로 - 교차로안,승용,남,45세,상해없음,이륜,남,42세,중상
2022092700100614,2022년 9월 27일 21시,화요일,전라남도 여수시 선원동,경상사고,0,0,2,0,차대차 - 추돌,안전운전불이행,건조,맑음,교차로 - 교차로부근,승합,남,47세,상해없음,승용,여,54세,경상
2022092800100040,2022년 9월 28일 05시,수요일,전라남도 영암군 금정면,중상사고,0,1,0,0,차대차 - 추돌,안전운전불이행,건조,맑음,교차로 - 교차로부근,승용,여,62세,상해없음,농기계,남,73세,중상
2022092800100069,2022년 9월 28일 07시,수요일,전라남도 여수시 소라면,경상사고,0,0,1,0,차대차 - 추돌,안전운전불이행,건조,맑음,단일로 - 기타,승용,남,54세,상해없음,특수,남,51세,경상
2022092800100070,2022년 9월 28일 07시,수요일,전라남도 순천시 석현동,경상사고,0,0,1,0,차대차 - 추돌,안전거리미확보,건조,맑음,단일로 - 기타,이륜,남,27세,상해없음,승용,남,64세,경상
2022092800100104,2022년 9월 28일 08시,수요일,전라남도 목포시 산정동,경상사고,0,0,1,0,차대차 - 기타,차로위반,건조,맑음,단일로 - 기타,승용,남,81세,상해없음,승용,여,26세,경상
2022092800100105,2022년 9월 28일 08시,수요일,전라남도 목포시 상동,경상사고,0,0,1,0,차대차 - 측면충돌,신호위반,건조,맑음,단일로 - 고가도로위,승용,여,64세,상해없음,승용,여,29세,경상
2022092800100106,2022년 9월 28일 08시,수요일,전라남도 목포시 옥암동,경상사고,0,0,1,0,차대차 - 추돌,안전운전불이행,건조,맑음,교차로 - 교차로안,승용,여,45세,상해없음,승용,여,49세,경상
2022092800100107,2022년 9월 28일 08시,수요일,전라남도 목포시 옥암동,경상사고,0,0,1,0,차대차 - 측면충돌,안전운전불이행,건조,맑음,교차로 - 교차로안,승용,여,25세,상해없음,승용,여,57세,경상
2022092800100108,2022년 9월 28일 08시,수요일,전라남도 고흥군 고흥읍,중상사고,0,1,0,0,차대차 - 측면충돌,직진우회전진행방해,건조,맑음,교차로 - 교차로안,승용,여,41세,상해없음,원동기,남,86세,중상
2022092800100109,2022년 9월 28일 08시,수요일,전라남도 광양시 도이동,경상사고,0,0,1,0,차대차 - 측면충돌,신호위반,건조,맑음,교차로 - 교차로안,승용,남,54세,상해없음,화물,남,35세,경상
2022092800100202,2022년 9월 28일 11시,수요일,전라남도 목포시 산정동,경상사고,0,0,2,0,차대차 - 기타,안전운전불이행,건조,맑음,단일로 - 기타,승용,남,70세,경상,승용,여,74세,경상
2022092800100203,2022년 9월 28일 11시,수요일,전라남도 순천시 해룡면,경상사고,0,0,1,0,차대차 - 추돌,안전거리미확보,건조,맑음,단일로 - 기타,승용,남,63세,상해없음,승용,남,52세,경상
2022092800100232,2022년 9월 28일 12시,수요일,전라남도 함평군 함평읍,경상사고,0,0,2,0,차대차 - 기타,기타,건조,맑음,주차장 - 주차장,승용,남,49세,상해없음,승용,기타불명,미분류,기타불명
2022092800100260,2022년 9월 28일 13시,수요일,전라남도 여수시 문수동,부상신고사고,0,0,0,1,차대차 - 기타,안전운전불이행,건조,맑음,교차로 - 교차로부근,개인형이동수단(PM),남,15세,부상신고,승용,여,53세,상해없음
2022092800100261,2022년 9월 28일 13시,수요일,전라남도 순천시 조곡동,중상사고,0,1,1,0,차대차 - 측면충돌,신호위반,건조,맑음,교차로 - 교차로안,이륜,남,19세,중상,승용,남,55세,경상
2022092800100285,2022년 9월 28일 14시,수요일,전라남도 목포시 용당동,경상사고,0,0,2,0,차대차 - 추돌,안전운전불이행,건조,맑음,교차로 - 교차로부근,승용,여,66세,경상,승용,여,32세,경상
2022092800100286,2022년 9월 28일 14시,수요일,전라남도 광양시 광양읍,경상사고,0,0,1,0,차대사람 - 횡단중,교차로운행방법위반,건조,맑음,교차로 - 교차로안,승용,여,47세,상해없음,보행자,남,69세,경상
2022092800100372,2022년 9월 28일 16시,수요일,전라남도 여수시 율촌면,경상사고,0,0,8,0,차대차 - 추돌,안전거리미확보,건조,맑음,단일로 - 기타,승용,남,39세,상해없음,승합,여,57세,경상
2022092800100373,2022년 9월 28일 16시,수요일,전라남도 순천시 용당동,경상사고,0,0,1,0,차대차 - 측면충돌,중앙선침범,건조,맑음,단일로 - 기타,승용,남,27세,상해없음,이륜,남,38세,경상
2022092800100418,2022년 9월 28일 17시,수요일,전라남도 강진군 칠량면,경상사고,0,0,1,0,차량단독 - 도로외이탈 - 추락,안전운전불이행,건조,맑음,단일로 - 기타,화물,남,74세,경상,,,,
2022092800100468,2022년 9월 28일 18시,수요일,전라남도 순천시 연향동,경상사고,0,0,1,0,차대차 - 측면충돌,안전운전불이행,건조,맑음,단일로 - 기타,승용,남,26세,경상,승용,남,72세,상해없음
2022092800100469,2022년 9월 28일 18시,수요일,전라남도 광양시 광양읍,경상사고,0,0,1,0,차대차 - 후진중충돌,안전운전불이행,건조,맑음,교차로 - 교차로부근,승용,남,80세,상해없음,승용,여,38세,경상
2022092800100538,2022년 9월 28일 20시,수요일,전라남도 순천시 조례동,경상사고,0,0,2,0,차대차 - 측면충돌,직진우회전진행방해,건조,맑음,교차로 - 교차로안,승용,남,48세,상해없음,승용,남,32세,경상
2022092800100603,2022년 9월 28일 23시,수요일,전라남도 목포시 상동,중상사고,0,1,1,0,차대차 - 기타,안전거리미확보,건조,맑음,단일로 - 기타,승용,남,21세,상해없음,승용,남,52세,중상
2022092800100604,2022년 9월 28일 23시,수요일,전라남도 여수시 오림동,경상사고,0,0,1,0,차대차 - 측면충돌,안전운전불이행,건조,맑음,단일로 - 기타,승용,남,42세,상해없음,화물,남,28세,경상
2022092900100020,2022년 9월 29일 02시,목요일,전라남도 여수시 둔덕동,경상사고,0,0,1,0,차대차 - 추돌,안전운전불이행,건조,맑음,기타 - 기타,승용,여,33세,상해없음,승용,남,56세,경상
2022092900100028,2022년 9월 29일 04시,목요일,전라남도 목포시 보광동3가,중상사고,0,1,0,0,차대사람 - 기타,안전운전불이행,건조,맑음,단일로 - 기타,승용,남,60세,상해없음,보행자,남,55세,중상
2022092900100050,2022년 9월 29일 06시,목요일,전라남도 영암군 삼호읍,경상사고,0,0,1,0,차대차 - 측면충돌,안전거리미확보,건조,맑음,단일로 - 기타,승용,여,43세,상해없음,자전거,남,52세,경상
2022092900100110,2022년 9월 29일 08시,목요일,전라남도 목포시 용해동,경상사고,0,0,1,0,차대차 - 측면충돌,신호위반,건조,맑음,교차로 - 교차로안,승용,남,67세,상해없음,승용,남,38세,경상
2022092900100111,2022년 9월 29일 08시,목요일,전라남도 해남군 황산면,중상사고,0,1,0,0,차량단독 - 기타,안전운전불이행,건조,맑음,단일로 - 기타,이륜,남,14세,중상,,,,
2022092900100112,2022년 9월 29일 08시,목요일,전라남도 담양군 고서면,경상사고,0,0,1,0,차대차 - 측면충돌,안전운전불이행,건조,맑음,교차로 - 교차로안,승용,여,59세,상해없음,승용,여,54세,경상
2022092900100147,2022년 9월 29일 09시,목요일,전라남도 여수시 서교동,중상사고,0,1,0,0,차대차 - 측면충돌,안전운전불이행,건조,맑음,단일로 - 기타,승용,여,58세,상해없음,이륜,남,71세,중상
2022092900100148,2022년 9월 29일 09시,목요일,전라남도 나주시 남평읍,경상사고,0,0,1,0,차대차 - 측면충돌,중앙선침범,건조,맑음,단일로 - 기타,자전거,여,78세,경상,승합,남,46세,상해없음
2022092900100149,2022년 9월 29일 09시,목요일,전라남도 화순군 화순읍,경상사고,0,0,1,0,차대사람 - 횡단중,안전운전불이행,건조,맑음,단일로 - 기타,승용,남,51세,상해없음,보행자,여,22세,경상
2022092900100182,2022년 9월 29일 10시,목요일,전라남도 여수시 월하동,경상사고,0,0,2,0,차대차 - 측면충돌,안전운전불이행,건조,맑음,교차로 - 교차로안,승용,여,57세,경상,화물,남,55세,경상
2022092900100213,2022년 9월 29일 11시,목요일,전라남도 나주시 다시면,경상사고,0,0,1,0,차대차 - 측면충돌,안전운전불이행,건조,맑음,단일로 - 기타,이륜,남,73세,경상,화물,남,63세,상해없음
2022092900100214,2022년 9월 29일 11시,목요일,전라남도 강진군 성전면,경상사고,0,0,1,0,차대차 - 기타,안전거리미확보,건조,맑음,교차로 - 교차로안,승용,남,68세,상해없음,승용,남,33세,경상
2022092900100246,2022년 9월 29일 12시,목요일,전라남도 함평군 함평읍,경상사고,0,0,1,0,차대차 - 측면충돌,안전운전불이행,건조,맑음,교차로 - 교차로안,승용,여,54세,경상,이륜,남,54세,상해없음
2022092900100277,2022년 9월 29일 13시,목요일,전라남도 담양군 용면,중상사고,0,3,4,0,차대차 - 정면충돌,중앙선침범,건조,맑음,단일로 - 기타,승용,여,23세,경상,승합,남,43세,경상
2022092900100315,2022년 9월 29일 14시,목요일,전라남도 목포시 용해동,경상사고,0,0,2,0,차대차 - 측면충돌,안전운전불이행,건조,맑음,단일로 - 기타,화물,남,49세,상해없음,승용,여,44세,경상
2022092900100316,2022년 9월 29일 14시,목요일,전라남도 영암군 삼호읍,경상사고,0,0,1,0,차대차 - 측면충돌,안전운전불이행,건조,맑음,교차로 - 교차로안,승용,남,23세,상해없음,승용,여,36세,경상
2022092900100317,2022년 9월 29일 14시,목요일,전라남도 담양군 용면,중상사고,0,1,0,0,차대사람 - 기타,안전운전불이행,건조,맑음,단일로 - 기타,승용,남,45세,상해없음,보행자,남,53세,중상
2022092900100362,2022년 9월 29일 15시,목요일,전라남도 목포시 옥암동,경상사고,0,0,1,0,차대차 - 측면충돌,안전거리미확보,건조,맑음,교차로 - 교차로안,승용,남,53세,상해없음,화물,남,76세,경상
2022092900100363,2022년 9월 29일 15시,목요일,전라남도 보성군 보성읍,경상사고,0,0,1,0,차대차 - 정면충돌,안전운전불이행,건조,맑음,주차장 - 주차장,승용,남,62세,상해없음,화물,여,58세,경상
2022092900100364,2022년 9월 29일 15시,목요일,전라남도 광양시 옥곡면,중상사고,0,1,0,0,차량단독 - 도로외이탈 - 기타,안전운전불이행,건조,맑음,단일로 - 기타,이륜,남,48세,중상,,,,
2022092900100408,2022년 9월 29일 16시,목요일,전라남도 여수시 웅천동,중상사고,0,1,0,0,차대차 - 추돌,신호위반,건조,맑음,교차로 - 교차로안,승용,남,38세,상해없음,승용,여,43세,중상
2022092900100409,2022년 9월 29일 16시,목요일,전라남도 광양시 광영동,경상사고,0,0,2,0,차대차 - 추돌,안전운전불이행,건조,맑음,교차로 - 교차로부근,화물,남,82세,경상,승용,여,47세,경상
2022092900100454,2022년 9월 29일 17시,목요일,전라남도 목포시 석현동,경상사고,0,0,1,0,차대차 - 측면충돌,신호위반,건조,맑음,교차로 - 교차로안,승용,여,65세,상해없음,이륜,남,31세,경상
2022092900100455,2022년 9월 29일 17시,목요일,전라남도 영암군 삼호읍,중상사고,0,1,0,0,차대차 - 측면충돌,안전운전불이행,건조,맑음,교차로 - 교차로부근,자전거,남,41세,중상,승용,남,34세,상해없음
2022092900100456,2022년 9월 29일 17시,목요일,전라남도 완도군 고금면,사망사고,1,0,0,0,차량단독 - 기타,안전운전불이행,건조,맑음,단일로 - 기타,화물,남,64세,사망,,,,
2022092900100502,2022년 9월 29일 18시,목요일,전라남도 순천시 서면,중상사고,0,1,1,1,차대차 - 기타,교차로운행방법위반,건조,맑음,교차로 - 교차로부근,승용,여,65세,상해없음,승합,남,55세,경상
2022092900100537,2022년 9월 29일 19시,목요일,전라남도 신안군 압해읍,경상사고,0,0,1,0,차대차 - 기타,중앙선침범,건조,맑음,단일로 - 기타,농기계,남,79세,상해없음,승용,남,54세,상해없음
2022092900100538,2022년 9월 29일 19시,목요일,전라남도 장흥군 장흥읍,경상사고,0,0,1,0,차대사람 - 기타,안전운전불이행,건조,맑음,단일로 - 기타,승용,남,39세,상해없음,보행자,남,58세,경상
2022092900100564,2022년 9월 29일 20시,목요일,전라남도 영암군 삼호읍,중상사고,0,1,2,0,차대차 - 측면충돌,안전운전불이행,건조,맑음,교차로 - 교차로안,승용,남,60세,경상,화물,남,42세,상해없음
2022092900100565,2022년 9월 29일 20시,목요일,전라남도 담양군 대전면,중상사고,0,1,0,0,차대사람 - 횡단중,안전운전불이행,건조,맑음,단일로 - 기타,화물,남,64세,상해없음,보행자,남,42세,중상
2022092900100592,2022년 9월 29일 21시,목요일,전라남도 장흥군 부산면,부상신고사고,0,0,0,1,차량단독 - 공작물충돌,안전운전불이행,건조,맑음,단일로 - 기타,승용,여,38세,부상신고,,,,
2022092900100608,2022년 9월 29일 22시,목요일,전라남도 영암군 영암읍,중상사고,0,1,0,0,차대사람 - 차도통행중,안전운전불이행,건조,맑음,기타 - 기타,승용,여,26세,상해없음,보행자,여,32세,중상
2022093000100011,2022년 9월 30일 00시,금요일,전라남도 여수시 해산동,사망사고,1,0,0,0,차량단독 - 전도전복 - 전복,안전운전불이행,건조,맑음,단일로 - 기타,화물,남,52세,사망,,,,
2022093000100012,2022년 9월 30일 00시,금요일,전라남도 순천시 해룡면,중상사고,0,1,0,0,차대사람 - 횡단중,신호위반,건조,맑음,교차로 - 교차로부근,승용,남,58세,상해없음,보행자,남,26세,중상
2022093000100036,2022년 9월 30일 02시,금요일,전라남도 목포시 동명동,경상사고,0,0,2,0,차대차 - 기타,안전운전불이행,건조,맑음,교차로 - 교차로안,승용,남,22세,상해없음,승용,남,26세,경상
2022093000100122,2022년 9월 30일 08시,금요일,전라남도 목포시 상동,경상사고,0,0,2,0,차대차 - 측면충돌,안전운전불이행,건조,맑음,단일로 - 기타,승용,여,39세,상해없음,승용,남,46세,경상
2022093000100123,2022년 9월 30일 08시,금요일,전라남도 여수시 여서동,중상사고,0,1,0,0,차대사람 - 기타,안전운전불이행,건조,맑음,주차장 - 주차장,승용,남,24세,상해없음,보행자,여,64세,중상
2022093000100155,2022년 9월 30일 09시,금요일,전라남도 완도군 완도읍,경상사고,0,0,1,0,차대사람 - 기타,안전운전불이행,건조,맑음,단일로 - 기타,승용,여,61세,상해없음,보행자,여,57세,경상
2022093000100176,2022년 9월 30일 10시,금요일,전라남도 목포시 상동,경상사고,0,0,1,0,차대차 - 추돌,안전운전불이행,건조,맑음,단일로 - 기타,승용,남,59세,상해없음,원동기,남,53세,경상
2022093000100177,2022년 9월 30일 10시,금요일,전라남도 순천시 풍덕동,중상사고,0,1,0,0,차대차 - 기타,안전운전불이행,건조,맑음,단일로 - 기타,자전거,남,62세,중상,승용,여,43세,상해없음
2022093000100178,2022년 9월 30일 10시,금요일,전라남도 순천시 조례동,경상사고,0,0,1,0,차대사람 - 기타,안전운전불이행,건조,맑음,단일로 - 기타,승용,남,46세,상해없음,보행자,남,24세,경상
2022093000100179,2022년 9월 30일 10시,금요일,전라남도 나주시 남외동,경상사고,0,0,3,0,차대차 - 측면충돌,안전운전불이행,건조,맑음,교차로 - 교차로안,승용,남,58세,경상,승용,남,80세,경상
2022093000100211,2022년 9월 30일 11시,금요일,전라남도 함평군 대동면,중상사고,0,1,0,0,차대차 - 추돌,기타,건조,맑음,단일로 - 기타,승용,남,38세,상해없음,농기계,남,73세,중상
2022093000100244,2022년 9월 30일 12시,금요일,전라남도 나주시 산포면,경상사고,0,0,2,0,차대차 - 추돌,안전운전불이행,건조,맑음,단일로 - 기타,승용,남,27세,상해없음,승용,여,54세,경상
2022093000100321,2022년 9월 30일 14시,금요일,전라남도 해남군 해남읍,사망사고,1,0,0,0,차대사람 - 횡단중,안전운전불이행,건조,맑음,단일로 - 기타,화물,남,72세,상해없음,보행자,남,77세,사망
2022093000100356,2022년 9월 30일 15시,금요일,전라남도 여수시 만흥동,중상사고,0,1,0,0,차대차 - 측면충돌,안전운전불이행,건조,맑음,단일로 - 기타,화물,남,49세,기타불명,이륜,남,19세,중상
2022093000100400,2022년 9월 30일 16시,금요일,전라남도 순천시 조곡동,경상사고,0,0,1,0,차대차 - 기타,교차로운행방법위반,건조,맑음,교차로 - 교차로안,건설기계,남,69세,상해없음,승용,남,57세,상해없음
2022093000100401,2022년 9월 30일 16시,금요일,전라남도 나주시 빛가람동,중상사고,0,1,0,0,차대차 - 정면충돌,중앙선침범,건조,맑음,단일로 - 기타,화물,남,27세,상해없음,승용,남,68세,중상
2022093000100402,2022년 9월 30일 16시,금요일,전라남도 광양시 중동,중상사고,0,1,0,0,차대사람 - 기타,안전운전불이행,건조,맑음,단일로 - 기타,승용,여,64세,상해없음,보행자,여,57세,중상
2022093000100460,2022년 9월 30일 17시,금요일,전라남도 목포시 옥암동,경상사고,0,0,1,0,차대차 - 측면충돌,안전운전불이행,건조,맑음,단일로 - 기타,승용,남,48세,상해없음,승용,여,45세,경상
2022093000100461,2022년 9월 30일 17시,금요일,전라남도 여수시 여서동,경상사고,0,0,1,0,차대사람 - 길가장자리구역통행중,안전운전불이행,건조,맑음,단일로 - 기타,승용,여,52세,상해없음,보행자,여,62세,경상
2022093000100462,2022년 9월 30일 17시,금요일,전라남도 무안군 무안읍,중상사고,0,1,0,0,차대사람 - 기타,안전운전불이행,건조,맑음,단일로 - 기타,화물,남,47세,상해없음,보행자,남,82세,중상
2022093000100530,2022년 9월 30일 18시,금요일,전라남도 순천시 서면,경상사고,0,0,1,0,차대차 - 추돌,안전운전불이행,건조,맑음,단일로 - 기타,승용,남,57세,상해없음,화물,남,67세,상해없음
2022093000100621,2022년 9월 30일 20시,금요일,전라남도 목포시 상동,경상사고,0,0,1,0,차대차 - 측면충돌,차로위반,건조,맑음,교차로 - 교차로부근,승용,남,22세,상해없음,원동기,남,33세,경상
2022093000100622,2022년 9월 30일 20시,금요일,전라남도 순천시 풍덕동,경상사고,0,0,1,0,차대사람 - 기타,안전운전불이행,건조,맑음,단일로 - 기타,승용,여,31세,상해없음,보행자,남,67세,경상
2022093000100693,2022년 9월 30일 23시,금요일,전라남도 목포시 옥암동,경상사고,0,0,1,0,차량단독 - 기타,안전운전불이행,건조,맑음,단일로 - 기타,개인형이동수단(PM),남,30세,경상,,,,
2022093000100694,2022년 9월 30일 23시,금요일,전라남도 순천시 조례동,경상사고,0,0,2,0,차대차 - 측면충돌,신호위반,건조,맑음,교차로 - 교차로안,승용,남,24세,상해없음,승용,여,29세,경상
2022100100100039,2022년 10월 1일 02시,토요일,전라남도 나주시 평산동,경상사고,0,0,1,0,차량단독 - 공작물충돌,안전운전불이행,건조,맑음,단일로 - 기타,승용,남,32세,경상,,,,
2022100100100054,2022년 10월 1일 03시,토요일,전라남도 순천시 해룡면,중상사고,0,2,2,0,차대차 - 기타,안전운전불이행,건조,맑음,단일로 - 기타,승용,여,49세,중상,승용,남,21세,경상
2022100100100090,2022년 10월 1일 06시,토요일,전라남도 여수시 교동,경상사고,0,0,2,0,차대사람 - 기타,안전운전불이행,건조,맑음,기타 - 기타,이륜,남,74세,상해없음,보행자,여,72세,경상
2022100100100132,2022년 10월 1일 08시,토요일,전라남도 목포시 연산동,경상사고,0,0,1,0,차대차 - 기타,안전운전불이행,건조,맑음,단일로 - 기타,승용,남,63세,경상,승합,남,62세,상해없음
2022100100100133,2022년 10월 1일 08시,토요일,전라남도 영암군 신북면,경상사고,0,0,2,0,차대차 - 측면충돌,신호위반,건조,맑음,교차로 - 교차로안,승용,여,60세,상해없음,승용,여,60세,경상
2022100100100188,2022년 10월 1일 10시,토요일,전라남도 순천시 별량면,경상사고,0,0,2,0,차대차 - 추돌,안전운전불이행,건조,맑음,교차로 - 교차로부근,화물,남,66세,상해없음,승용,남,72세,경상
2022100100100189,2022년 10월 1일 10시,토요일,전라남도 고흥군 도덕면,중상사고,0,1,0,0,차대차 - 기타,안전운전불이행,건조,맑음,교차로 - 교차로안,농기계,남,71세,중상,승용,남,82세,상해없음
2022100100100190,2022년 10월 1일 10시,토요일,전라남도 담양군 담양읍,경상사고,0,0,1,0,차대차 - 측면충돌,안전거리미확보,건조,맑음,교차로 - 교차로안,승용,남,75세,상해없음,승용,여,40세,경상
2022100100100222,2022년 10월 1일 11시,토요일,전라남도 여수시 여서동,경상사고,0,0,1,0,차대차 - 측면충돌,교차로운행방법위반,건조,맑음,교차로 - 교차로안,승용,여,54세,상해없음,승용,남,43세,경상
2022100100100223,2022년 10월 1일 11시,토요일,전라남도 영암군 영암읍,중상사고,0,1,1,0,차량단독 - 기타,안전운전불이행,건조,맑음,단일로 - 기타,승용,남,49세,상해없음,,,,
2022100100100224,2022년 10월 1일 11시,토요일,전라남도 진도군 진도읍,중상사고,0,1,0,0,차대차 - 측면충돌,중앙선침범,건조,맑음,교차로 - 교차로부근,승용,여,51세,상해없음,이륜,남,58세,중상
2022100100100264,2022년 10월 1일 12시,토요일,전라남도 목포시 산정동,경상사고,0,0,1,0,차대사람 - 기타,안전운전불이행,건조,맑음,단일로 - 기타,화물,남,39세,상해없음,보행자,남,7세,경상
2022100100100304,2022년 10월 1일 13시,토요일,전라남도 여수시 신기동,경상사고,0,0,1,0,차대차 - 측면충돌,안전운전불이행,건조,맑음,교차로 - 교차로안,화물,남,69세,기타불명,승용,여,27세,경상
2022100100100340,2022년 10월 1일 14시,토요일,전라남도 목포시 용당동,경상사고,0,0,4,0,차대차 - 측면충돌,차로위반,건조,맑음,교차로 - 교차로안,승용,여,57세,상해없음,승용,남,28세,경상
2022100100100341,2022년 10월 1일 14시,토요일,전라남도 해남군 문내면,경상사고,0,0,1,0,차대차 - 측면충돌,안전운전불이행,건조,맑음,단일로 - 기타,화물,남,81세,상해없음,승용,여,26세,경상
2022100100100342,2022년 10월 1일 14시,토요일,전라남도 장성군 장성읍,경상사고,0,0,3,0,차대차 - 정면충돌,안전운전불이행,건조,맑음,단일로 - 기타,승용,남,48세,기타불명,승용,남,36세,경상
2022100100100343,2022년 10월 1일 14시,토요일,전라남도 곡성군 곡성읍,경상사고,0,0,3,0,차대차 - 추돌,기타,건조,맑음,단일로 - 기타,승용,남,38세,상해없음,승용,여,38세,경상
2022100100100377,2022년 10월 1일 15시,토요일,전라남도 순천시 연향동,경상사고,0,0,3,0,차대차 - 측면충돌,차로위반,건조,맑음,단일로 - 기타,승용,여,60세,상해없음,승용,남,56세,경상
2022100100100378,2022년 10월 1일 15시,토요일,전라남도 광양시 광양읍,경상사고,0,0,4,0,차대차 - 측면충돌,교차로운행방법위반,건조,맑음,교차로 - 교차로안,승용,남,82세,상해없음,승용,남,50세,경상
2022100100100416,2022년 10월 1일 16시,토요일,전라남도 목포시 상동,경상사고,0,0,2,0,차대차 - 후진중충돌,안전운전불이행,건조,맑음,교차로 - 교차로부근,승용,여,62세,상해없음,승용,여,43세,경상
2022100100100417,2022년 10월 1일 16시,토요일,전라남도 여수시 웅천동,경상사고,0,0,1,0,차대차 - 추돌,안전운전불이행,건조,맑음,단일로 - 기타,승용,남,20세,상해없음,승용,여,54세,경상
2022100100100418,2022년 10월 1일 16시,토요일,전라남도 담양군 담양읍,경상사고,0,0,5,0,차대차 - 측면충돌,안전거리미확보,건조,맑음,교차로 - 교차로부근,승용,여,57세,상해없음,승용,남,33세,경상
2022100100100495,2022년 10월 1일 18시,토요일,전라남도 목포시 연산동,경상사고,0,0,3,0,차대차 - 측면충돌,안전운전불이행,건조,맑음,단일로 - 기타,승용,여,44세,상해없음,승용,남,33세,경상
2022100100100496,2022년 10월 1일 18시,토요일,전라남도 순천시 연향동,중상사고,0,2,5,0,차대차 - 기타,안전운전불이행,건조,맑음,교차로 - 교차로안,승용,남,63세,중상,승용,남,49세,경상
2022100100100497,2022년 10월 1일 18시,토요일,전라남도 순천시 조례동,경상사고,0,0,7,0,차대차 - 측면충돌,안전운전불이행,건조,맑음,단일로 - 기타,승용,남,63세,상해없음,승용,여,28세,상해없음
2022100100100586,2022년 10월 1일 20시,토요일,전라남도 목포시 상동,경상사고,0,0,3,0,차대차 - 기타,차로위반,건조,맑음,단일로 - 기타,화물,남,59세,상해없음,승용,남,51세,경상
2022100100100618,2022년 10월 1일 21시,토요일,전라남도 완도군 완도읍,중상사고,0,1,1,0,차대차 - 측면충돌,신호위반,건조,맑음,교차로 - 교차로안,승용,여,23세,기타불명,승용,남,60세,중상
2022100200100082,2022년 10월 2일 09시,일요일,전라남도 여수시 학동,경상사고,0,0,4,0,차대차 - 추돌,안전운전불이행,건조,맑음,교차로 - 교차로부근,승용,남,24세,상해없음,승용,여,38세,경상
2022100200100100,2022년 10월 2일 10시,일요일,전라남도 영암군 영암읍,경상사고,0,0,1,0,차대사람 - 기타,안전운전불이행,건조,맑음,단일로 - 기타,승합,남,55세,상해없음,보행자,남,51세,경상