사고번호,사고일시,요일,시군구,사고내용,사망자수,중상자수,경상자수,부상신고자수,사고유형,법규위반,노면상태,기상상태,도로형태,가해운전자 차종,가해운전자 성별,가해운전자 연령,가해운전자 상해정도,피해운전자 차종,피해운전자 성별,피해운전자 연령,피해운전자 상해정도
2022100700100653,2022년 10월 7일 21시,금요일,전라남도 순천시 조례동,경상사고,0,0,2,0,차대차 - 기타,안전운전불이행,건조,맑음,교차로 - 교차로부근,이륜,남,59세,경상,승용,남,56세,경상
2022100700100654,2022년 10월 7일 21시,금요일,전라남도 순천시 조례동,경상사고,0,0,1,0,차대차 - 기타,안전운전불이행,건조,맑음,교차로 - 교차로안,승용,남,66세,상해없음,승용,남,37세,경상
2022100800100050,2022년 10월 8일 03시,토요일,전라남도 함평군 학교면,사망사고,1,0,0,0,차대사람 - 기타,안전운전불이행,건조,맑음,단일로 - 기타,화물,남,44세,상해없음,보행자,남,19세,사망
2022100800100068,2022년 10월 8일 05시,토요일,전라남도 보성군 벌교읍,경상사고,0,0,1,0,차대차 - 기타,직진우회전진행방해,건조,맑음,교차로 - 교차로안,승용,남,62세,상해없음,이륜,남,41세,경상
2022100800100086,2022년 10월 8일 06시,토요일,전라남도 순천시 조례동,경상사고,0,0,1,0,차대차 - 기타,교차로운행방법위반,건조,맑음,교차로 - 교차로안,승용,남,34세,상해없음,승합,남,36세,경상
2022100800100117,2022년 10월 8일 08시,토요일,전라남도 순천시 풍덕동,중상사고,0,1,0,0,차대차 - 기타,직진우회전진행방해,건조,맑음,교차로 - 교차로안,자전거,여,62세,중상,승용,남,36세,상해없음
2022100800100141,2022년 10월 8일 09시,토요일,전라남도 목포시 용당동,중상사고,0,1,0,0,차대사람 - 기타,안전운전불이행,건조,맑음,기타 - 기타,승용,여,47세,상해없음,보행자,남,10세,중상
2022100800100142,2022년 10월 8일 09시,토요일,전라남도 여수시 국동,경상사고,0,0,2,0,차대차 - 후진중충돌,안전운전불이행,건조,맑음,단일로 - 기타,승용,남,66세,상해없음,승용,여,53세,경상
2022100800100170,2022년 10월 8일 10시,토요일,전라남도 목포시 죽교동,경상사고,0,0,2,0,차대사람 - 보도통행중,기타,건조,맑음,기타 - 기타,화물,남,41세,상해없음,보행자,남,51세,경상
2022100800100218,2022년 10월 8일 11시,토요일,전라남도 목포시 유동,경상사고,0,0,2,0,차대차 - 측면충돌,교차로운행방법위반,건조,맑음,교차로 - 교차로안,승용,여,34세,경상,승용,여,42세,경상
2022100800100219,2022년 10월 8일 11시,토요일,전라남도 여수시 둔덕동,경상사고,0,0,1,0,차대차 - 기타,안전운전불이행,건조,맑음,단일로 - 기타,승용,여,42세,상해없음,승용,기타불명,미분류,기타불명
2022100800100222,2022년 10월 8일 11시,토요일,전라남도 영암군 삼호읍,경상사고,0,0,6,4,차대차 - 측면충돌,안전운전불이행,건조,맑음,교차로 - 교차로안,승용,남,33세,상해없음,승합,남,64세,경상
2022100800100223,2022년 10월 8일 11시,토요일,전라남도 구례군 광의면,경상사고,0,0,1,0,차대차 - 기타,안전운전불이행,건조,맑음,단일로 - 기타,이륜,남,52세,경상,농기계,남,49세,상해없음
2022100800100224,2022년 10월 8일 11시,토요일,전라남도 장성군 서삼면,경상사고,0,0,2,0,차대차 - 측면충돌,차로위반,건조,맑음,기타 - 기타,승용,남,63세,경상,화물,남,56세,경상
2022100800100265,2022년 10월 8일 12시,토요일,전라남도 함평군 함평읍,경상사고,0,0,2,0,차대차 - 측면충돌,안전운전불이행,건조,맑음,기타 - 기타,화물,남,57세,경상,승용,남,67세,경상
2022100800100311,2022년 10월 8일 13시,토요일,전라남도 목포시 양동,사망사고,1,0,0,0,차대차 - 추돌,안전운전불이행,건조,맑음,교차로 - 교차로부근,승용,남,73세,상해없음,자전거,남,79세,사망
2022100800100346,2022년 10월 8일 14시,토요일,전라남도 목포시 상동,경상사고,0,0,1,0,차대차 - 기타,안전운전불이행,건조,맑음,단일로 - 기타,승용,여,56세,상해없음,이륜,남,30세,경상
2022100800100347,2022년 10월 8일 14시,토요일,전라남도 목포시 용해동,경상사고,0,0,2,0,차대차 - 정면충돌,안전운전불이행,건조,맑음,단일로 - 기타,승용,여,65세,경상,승용,여,62세,경상
2022100800100419,2022년 10월 8일 16시,토요일,전라남도 나주시 반남면,경상사고,0,0,4,0,차대차 - 측면충돌,중앙선침범,건조,맑음,교차로 - 교차로부근,승용,남,55세,상해없음,승용,남,41세,경상
2022100800100420,2022년 10월 8일 16시,토요일,전라남도 보성군 득량면,중상사고,0,1,1,0,차대차 - 정면충돌,신호위반,건조,맑음,교차로 - 교차로안,승용,여,36세,경상,승용,남,53세,중상
2022100800100460,2022년 10월 8일 17시,토요일,전라남도 신안군 압해읍,경상사고,0,0,1,0,차대차 - 추돌,안전운전불이행,건조,맑음,교차로 - 교차로부근,승용,남,61세,상해없음,승용,남,28세,경상
2022100800100461,2022년 10월 8일 17시,토요일,전라남도 여수시 돌산읍,경상사고,0,0,1,0,차대차 - 기타,안전운전불이행,건조,맑음,단일로 - 기타,승용,남,42세,상해없음,승용,남,59세,경상
2022100800100462,2022년 10월 8일 17시,토요일,전라남도 보성군 보성읍,중상사고,0,1,0,0,차량단독 - 도로외이탈 - 추락,안전운전불이행,건조,맑음,기타 - 기타,기타불명,남,84세,중상,,,,
2022100800100508,2022년 10월 8일 18시,토요일,전라남도 해남군 문내면,경상사고,0,0,1,0,차대차 - 측면충돌,안전운전불이행,건조,맑음,단일로 - 기타,승용,남,75세,상해없음,원동기,남,83세,경상
2022100800100592,2022년 10월 8일 20시,토요일,전라남도 목포시 상동,경상사고,0,0,1,0,차대차 - 측면충돌,교차로운행방법위반,건조,맑음,교차로 - 교차로안,승용,여,43세,상해없음,승용,남,43세,경상
2022100800100593,2022년 10월 8일 20시,토요일,전라남도 여수시 문수동,경상사고,0,0,1,0,차대차 - 측면충돌,안전운전불이행,건조,맑음,교차로 - 교차로안,원동기,남,29세,상해없음,원동기,남,48세,경상
2022100800100619,2022년 10월 8일 21시,토요일,전라남도 목포시 옥암동,경상사고,0,0,1,1,차대차 - 기타,교차로운행방법위반,건조,맑음,교차로 - 교차로안,승용,남,50세,부상신고,승용,남,46세,경상
2022100800100639,2022년 10월 8일 22시,토요일,전라남도 목포시 상동,경상사고,0,0,4,0,차대차 - 측면충돌,안전운전불이행,건조,맑음,교차로 - 교차로안,승용,남,54세,상해없음,화물,여,48세,경상
2022100800100640,2022년 10월 8일 22시,토요일,전라남도 진도군 진도읍,중상사고,0,1,0,0,차대사람 - 보도통행중,안전운전불이행,건조,맑음,단일로 - 지하차도(도로)내,승용,여,62세,상해없음,보행자,남,59세,중상
2022100900100069,2022년 10월 9일 07시,일요일,전라남도 목포시 용해동,경상사고,0,0,1,0,차대차 - 측면충돌,신호위반,젖음/습기,비,교차로 - 교차로안,승용,여,32세,상해없음,승용,남,56세,경상
2022100900100080,2022년 10월 9일 08시,일요일,전라남도 나주시 성북동,경상사고,0,0,4,1,차대차 - 측면충돌,안전운전불이행,젖음/습기,비,교차로 - 교차로안,승용,여,61세,경상,승합,남,49세,경상
2022100900100081,2022년 10월 9일 08시,일요일,전라남도 무안군 청계면,사망사고,1,0,0,0,차대차 - 기타,중앙선침범,건조,맑음,단일로 - 기타,이륜,남,80세,사망,화물,남,61세,상해없음
2022100900100137,2022년 10월 9일 11시,일요일,전라남도 목포시 연산동,경상사고,0,0,1,0,차대차 - 측면충돌,교차로운행방법위반,젖음/습기,흐림,교차로 - 교차로안,승용,여,47세,상해없음,원동기,남,41세,경상
2022100900100138,2022년 10월 9일 11시,일요일,전라남도 함평군 학교면,부상신고사고,0,0,0,1,차대차 - 추돌,안전운전불이행,젖음/습기,흐림,단일로 - 교량,자전거,남,47세,부상신고,이륜,남,31세,상해없음
2022100900100168,2022년 10월 9일 12시,일요일,전라남도 고흥군 고흥읍,경상사고,0,0,1,0,차대차 - 기타,중앙선침범,젖음/습기,비,단일로 - 기타,원동기,남,89세,경상,승용,남,48세,상해없음
2022100900100198,2022년 10월 9일 13시,일요일,전라남도 나주시 빛가람동,경상사고,0,0,1,0,차대차 - 기타,안전운전불이행,건조,맑음,기타 - 기타,승용,남,63세,상해없음,자전거,여,10세,경상
2022100900100228,2022년 10월 9일 14시,일요일,전라남도 순천시 해룡면,경상사고,0,0,4,0,차대차 - 추돌,안전운전불이행,건조,맑음,단일로 - 기타,승용,여,58세,상해없음,승용,남,49세,경상
2022100900100288,2022년 10월 9일 16시,일요일,전라남도 여수시 호명동,중상사고,0,1,0,0,차대차 - 추돌,안전거리미확보,건조,맑음,단일로 - 기타,승용,남,27세,상해없음,승용,남,50세,중상
2022100900100306,2022년 10월 9일 17시,일요일,전라남도 여수시 신기동,경상사고,0,0,1,0,차대사람 - 차도통행중,안전운전불이행,건조,맑음,단일로 - 기타,승용,여,57세,상해없음,보행자,남,24세,경상
2022100900100307,2022년 10월 9일 17시,일요일,전라남도 순천시 동외동,중상사고,0,1,0,0,차대사람 - 기타,안전운전불이행,건조,맑음,단일로 - 기타,승용,여,25세,상해없음,보행자,여,66세,중상
2022100900100308,2022년 10월 9일 17시,일요일,전라남도 광양시 광양읍,경상사고,0,0,1,0,차대차 - 측면충돌,교차로운행방법위반,건조,맑음,교차로 - 교차로안,승용,여,44세,상해없음,승용,남,65세,경상
2022100900100359,2022년 10월 9일 18시,일요일,전라남도 목포시 항동,사망사고,1,0,0,0,차대사람 - 차도통행중,안전운전불이행,젖음/습기,흐림,단일로 - 기타,승용,남,64세,상해없음,보행자,남,62세,사망
2022100900100360,2022년 10월 9일 18시,일요일,전라남도 무안군 삼향읍,경상사고,0,0,1,0,차대차 - 측면충돌,중앙선침범,젖음/습기,비,단일로 - 기타,승용,여,49세,상해없음,승용,여,41세,경상
2022100900100407,2022년 10월 9일 19시,일요일,전라남도 목포시 연산동,경상사고,0,0,1,0,차대사람 - 횡단중,안전운전불이행,젖음/습기,비,기타 - 기타,승용,남,57세,상해없음,보행자,여,76세,경상
2022100900100455,2022년 10월 9일 20시,일요일,전라남도 여수시 학동,중상사고,0,1,0,0,차대차 - 기타,안전운전불이행,젖음/습기,비,교차로 - 교차로부근,승용,남,47세,상해없음,이륜,남,19세,중상
2022100900100505,2022년 10월 9일 22시,일요일,전라남도 순천시 조례동,경상사고,0,0,1,0,차대차 - 후진중충돌,안전운전불이행,건조,맑음,단일로 - 기타,화물,남,73세,상해없음,이륜,남,44세,경상
2022100900100531,2022년 10월 9일 23시,일요일,전라남도 목포시 죽교동,경상사고,0,0,1,1,차대차 - 측면충돌,안전운전불이행,건조,맑음,교차로 - 교차로부근,승용,남,73세,부상신고,승용,여,56세,경상
2022101000100053,2022년 10월 10일 06시,월요일,전라남도 장흥군 장흥읍,중상사고,0,1,0,0,차대차 - 기타,안전운전불이행,젖음/습기,비,단일로 - 기타,화물,남,48세,상해없음,자전거,여,74세,중상
2022101000100056,2022년 10월 10일 07시,월요일,전라남도 목포시 용해동,사망사고,1,0,0,0,차대차 - 추돌,안전운전불이행,건조,맑음,교차로 - 교차로부근,이륜,남,81세,사망,승용,여,47세,상해없음
2022101000100066,2022년 10월 10일 08시,월요일,전라남도 광양시 광양읍,경상사고,0,0,1,0,차대차 - 측면충돌,안전운전불이행,건조,맑음,교차로 - 교차로안,자전거,여,79세,경상,승용,남,73세,상해없음
2022101000100081,2022년 10월 10일 09시,월요일,전라남도 목포시 상동,경상사고,0,0,1,1,차대차 - 측면충돌,직진우회전진행방해,건조,맑음,교차로 - 교차로안,승용,남,45세,부상신고,승용,남,30세,경상
2022101000100103,2022년 10월 10일 10시,월요일,전라남도 보성군 벌교읍,중상사고,0,1,0,0,차량단독 - 기타,안전운전불이행,건조,맑음,단일로 - 기타,승합,남,62세,상해없음,,,,
2022101000100104,2022년 10월 10일 10시,월요일,전라남도 영암군 영암읍,경상사고,0,0,2,0,차대차 - 측면충돌,교차로운행방법위반,건조,맑음,교차로 - 교차로안,승용,남,73세,경상,화물,남,74세,경상
2022101000100182,2022년 10월 10일 13시,월요일,전라남도 여수시 중앙동,경상사고,0,0,3,0,차대차 - 측면충돌,안전운전불이행,건조,맑음,교차로 - 교차로부근,승용,남,57세,상해없음,승용,남,37세,경상
2022101000100183,2022년 10월 10일 13시,월요일,전라남도 보성군 벌교읍,경상사고,0,0,2,0,차대차 - 측면충돌,안전거리미확보,건조,맑음,단일로 - 기타,이륜,남,74세,경상,승합,남,59세,상해없음
2022101000100184,2022년 10월 10일 13시,월요일,전라남도 완도군 완도읍,경상사고,0,0,3,0,차대차 - 측면충돌,교차로운행방법위반,건조,맑음,교차로 - 교차로안,승용,남,69세,경상,승용,여,30세,경상
2022101000100216,2022년 10월 10일 14시,월요일,전라남도 보성군 벌교읍,중상사고,0,1,0,0,차대사람 - 기타,안전운전불이행,건조,맑음,단일로 - 기타,승용,남,43세,기타불명,보행자,여,49세,중상
2022101000100217,2022년 10월 10일 14시,월요일,전라남도 무안군 삼향읍,경상사고,0,0,2,0,차대차 - 추돌,안전운전불이행,건조,맑음,교차로 - 교차로안,화물,남,49세,상해없음,승용,남,51세,경상
2022101000100258,2022년 10월 10일 15시,월요일,전라남도 여수시 문수동,경상사고,0,0,1,0,차대차 - 추돌,안전운전불이행,건조,맑음,단일로 - 기타,이륜,남,41세,상해없음,승용,남,40세,경상
2022101000100297,2022년 10월 10일 16시,월요일,전라남도 담양군 대덕면,경상사고,0,0,1,0,차대차 - 기타,직진우회전진행방해,건조,맑음,교차로 - 교차로안,승용,남,59세,상해없음,승용,남,57세,경상
2022101000100336,2022년 10월 10일 17시,월요일,전라남도 여수시 남면,경상사고,0,0,1,0,차량단독 - 도로외이탈 - 추락,안전운전불이행,건조,맑음,단일로 - 기타,화물,남,48세,경상,,,,
2022101000100337,2022년 10월 10일 17시,월요일,전라남도 나주시 빛가람동,경상사고,0,0,1,0,차대차 - 측면충돌,중앙선침범,젖음/습기,비,교차로 - 교차로부근,승용,남,25세,상해없음,승용,남,56세,경상
2022101000100338,2022년 10월 10일 17시,월요일,전라남도 광양시 태인동,중상사고,0,1,0,0,차대차 - 추돌,안전운전불이행,건조,맑음,단일로 - 기타,승용,남,44세,중상,특수,남,38세,기타불명
2022101000100446,2022년 10월 10일 21시,월요일,전라남도 순천시 해룡면,경상사고,0,0,2,0,차대차 - 추돌,안전거리미확보,건조,맑음,단일로 - 기타,이륜,남,40세,상해없음,승용,남,29세,경상
2022101000100447,2022년 10월 10일 21시,월요일,전라남도 장흥군 용산면,경상사고,0,0,1,0,차량단독 - 전도전복 - 전복,안전운전불이행,건조,맑음,단일로 - 기타,화물,남,54세,경상,,,,
2022101000100448,2022년 10월 10일 21시,월요일,전라남도 영광군 영광읍,중상사고,0,1,2,2,차대차 - 측면충돌,직진우회전진행방해,젖음/습기,비,교차로 - 교차로안,승용,남,44세,경상,승합,남,42세,경상
2022101000100480,2022년 10월 10일 23시,월요일,전라남도 여수시 덕충동,경상사고,0,0,1,0,차대차 - 추돌,안전운전불이행,건조,맑음,단일로 - 기타,화물,남,74세,상해없음,승용,남,57세,경상
2022101100100019,2022년 10월 11일 03시,화요일,전라남도 목포시 산정동,경상사고,0,0,1,0,차대사람 - 기타,안전운전불이행,건조,맑음,기타 - 기타,승용,남,51세,상해없음,보행자,여,26세,경상
2022101100100113,2022년 10월 11일 08시,화요일,전라남도 나주시 금천면,경상사고,0,0,1,0,차대차 - 추돌,안전거리미확보,건조,맑음,단일로 - 기타,화물,남,52세,상해없음,승용,여,42세,경상
2022101100100159,2022년 10월 11일 09시,화요일,전라남도 구례군 문척면,중상사고,0,1,0,0,차대차 - 기타,교차로운행방법위반,건조,맑음,단일로 - 기타,건설기계,남,57세,상해없음,자전거,남,81세,중상
2022101100100205,2022년 10월 11일 10시,화요일,전라남도 순천시 장천동,경상사고,0,0,1,0,차대차 - 기타,안전운전불이행,건조,맑음,기타 - 기타,승용,여,66세,상해없음,승용,여,45세,경상
2022101100100237,2022년 10월 11일 11시,화요일,전라남도 여수시 중흥동,경상사고,0,0,3,0,차대차 - 정면충돌,교차로운행방법위반,건조,맑음,교차로 - 교차로안,승용,여,31세,상해없음,화물,남,40세,경상
2022101100100270,2022년 10월 11일 12시,화요일,전라남도 순천시 황전면,중상사고,0,1,0,0,차대차 - 기타,안전운전불이행,건조,맑음,교차로 - 교차로안,화물,남,73세,상해없음,이륜,남,43세,중상
2022101100100300,2022년 10월 11일 13시,화요일,전라남도 영암군 신북면,경상사고,0,0,1,0,차대차 - 측면충돌,안전거리미확보,건조,맑음,단일로 - 기타,승용,남,65세,상해없음,승용,여,66세,경상
2022101100100342,2022년 10월 11일 14시,화요일,전라남도 함평군 손불면,경상사고,0,0,1,0,차대차 - 추돌,안전운전불이행,건조,맑음,교차로 - 교차로부근,화물,남,58세,상해없음,승용,여,58세,경상
2022101100100343,2022년 10월 11일 14시,화요일,전라남도 곡성군 고달면,중상사고,0,1,0,0,차대사람 - 기타,안전운전불이행,건조,맑음,교차로 - 교차로부근,승용,남,76세,상해없음,보행자,여,62세,중상
2022101100100392,2022년 10월 11일 15시,화요일,전라남도 목포시 상동,경상사고,0,0,1,0,차대차 - 기타,안전운전불이행,건조,맑음,교차로 - 교차로안,승용,여,46세,상해없음,승용,여,23세,경상
2022101100100393,2022년 10월 11일 15시,화요일,전라남도 화순군 화순읍,경상사고,0,0,1,0,차대차 - 측면충돌,직진우회전진행방해,건조,맑음,교차로 - 교차로안,자전거,남,59세,경상,승용,남,33세,상해없음
2022101100100487,2022년 10월 11일 17시,화요일,전라남도 나주시 빛가람동,경상사고,0,0,1,0,차대사람 - 횡단중,보행자보호의무위반,건조,맑음,교차로 - 교차로횡단보도내,승용,여,35세,상해없음,보행자,남,11세,경상
2022101100100488,2022년 10월 11일 17시,화요일,전라남도 해남군 해남읍,경상사고,0,0,4,0,차대차 - 기타,안전운전불이행,건조,맑음,단일로 - 기타,화물,남,54세,상해없음,화물,남,58세,경상
2022101100100540,2022년 10월 11일 18시,화요일,전라남도 순천시 조례동,경상사고,0,0,1,0,차대차 - 기타,신호위반,건조,맑음,단일로 - 기타,화물,남,73세,상해없음,승용,남,24세,경상
2022101100100541,2022년 10월 11일 18시,화요일,전라남도 강진군 강진읍,경상사고,0,0,1,0,차대사람 - 횡단중,안전운전불이행,건조,맑음,단일로 - 기타,승용,남,21세,상해없음,보행자,남,59세,경상
2022101100100594,2022년 10월 11일 19시,화요일,전라남도 담양군 고서면,경상사고,0,0,1,0,차대차 - 기타,안전운전불이행,건조,맑음,기타 - 기타,승용,남,47세,기타불명,승용,남,48세,경상
2022101100100622,2022년 10월 11일 20시,화요일,전라남도 목포시 용해동,경상사고,0,0,1,1,차대차 - 기타,안전운전불이행,건조,맑음,교차로 - 교차로횡단보도내,이륜,남,20세,부상신고,이륜,남,29세,경상
2022101100100681,2022년 10월 11일 23시,화요일,전라남도 순천시 매곡동,중상사고,0,1,0,0,차대사람 - 기타,보행자보호의무위반,건조,맑음,교차로 - 교차로안,이륜,남,20세,상해없음,보행자,남,63세,중상
2022101200100043,2022년 10월 12일 06시,수요일,전라남도 해남군 해남읍,중상사고,0,1,0,0,차대사람 - 기타,안전운전불이행,건조,맑음,교차로 - 교차로안,승용,남,44세,상해없음,보행자,남,79세,중상
2022101200100072,2022년 10월 12일 07시,수요일,전라남도 여수시 신기동,경상사고,0,0,2,0,차량단독 - 공작물충돌,안전운전불이행,건조,맑음,교차로 - 교차로안,승합,남,60세,기타불명,,,,
2022101200100125,2022년 10월 12일 08시,수요일,전라남도 여수시 화치동,경상사고,0,0,1,0,차대차 - 측면충돌,안전운전불이행,건조,맑음,교차로 - 교차로부근,승용,남,34세,기타불명,승용,남,30세,경상
2022101200100126,2022년 10월 12일 08시,수요일,전라남도 순천시 해룡면,경상사고,0,0,4,0,차대차 - 기타,안전운전불이행,건조,맑음,기타 - 기타,승합,남,47세,상해없음,화물,남,51세,경상
2022101200100127,2022년 10월 12일 08시,수요일,전라남도 나주시 문평면,경상사고,0,0,3,0,차대차 - 측면충돌,안전거리미확보,건조,맑음,단일로 - 기타,승용,남,53세,경상,승용,남,50세,상해없음
2022101200100164,2022년 10월 12일 09시,수요일,전라남도 함평군 월야면,경상사고,0,0,2,0,차대차 - 측면충돌,교차로운행방법위반,건조,맑음,교차로 - 교차로안,승용,여,48세,경상,승용,남,69세,경상
2022101200100228,2022년 10월 12일 11시,수요일,전라남도 순천시 풍덕동,경상사고,0,0,3,0,차대차 - 측면충돌,안전운전불이행,건조,맑음,교차로 - 교차로부근,이륜,남,23세,상해없음,승용,남,67세,경상
2022101200100229,2022년 10월 12일 11시,수요일,전라남도 담양군 담양읍,중상사고,0,1,0,0,차대사람 - 보도통행중,안전운전불이행,건조,맑음,교차로 - 교차로안,화물,남,77세,상해없음,보행자,여,70세,중상
2022101200100290,2022년 10월 12일 13시,수요일,전라남도 신안군 암태면,경상사고,0,0,1,0,차대사람 - 기타,안전운전불이행,건조,맑음,기타 - 기타,화물,남,56세,상해없음,보행자,남,65세,경상
2022101200100292,2022년 10월 12일 13시,수요일,전라남도 순천시 해룡면,중상사고,0,1,1,0,차대차 - 측면충돌,안전운전불이행,건조,맑음,단일로 - 기타,승용,여,62세,상해없음,승용,남,71세,경상
2022101200100293,2022년 10월 12일 13시,수요일,전라남도 장흥군 유치면,경상사고,0,0,1,0,차대차 - 측면충돌,안전운전불이행,건조,맑음,단일로 - 기타,농기계,남,69세,경상,건설기계,남,45세,상해없음
2022101200100366,2022년 10월 12일 15시,수요일,전라남도 목포시 석현동,경상사고,0,0,2,0,차대차 - 측면충돌,안전운전불이행,건조,맑음,교차로 - 교차로부근,화물,남,64세,상해없음,승합,남,55세,경상
2022101200100367,2022년 10월 12일 15시,수요일,전라남도 영광군 영광읍,경상사고,0,0,1,0,차대사람 - 보도통행중,기타,건조,맑음,단일로 - 기타,승용,여,42세,상해없음,보행자,여,11세,경상
2022101200100368,2022년 10월 12일 15시,수요일,전라남도 영암군 삼호읍,경상사고,0,0,2,0,차대차 - 측면충돌,신호위반,건조,맑음,교차로 - 교차로안,화물,남,73세,경상,승용,남,42세,경상
2022101200100369,2022년 10월 12일 15시,수요일,전라남도 장성군 북이면,중상사고,0,1,0,0,차대차 - 기타,안전운전불이행,건조,맑음,단일로 - 기타,승용,여,68세,상해없음,이륜,여,47세,상해없음
2022101200100400,2022년 10월 12일 16시,수요일,전라남도 함평군 함평읍,경상사고,0,0,2,0,차대차 - 측면충돌,교차로운행방법위반,건조,맑음,교차로 - 교차로안,이륜,남,52세,경상,승용,여,51세,경상
2022101200100401,2022년 10월 12일 16시,수요일,전라남도 구례군 구례읍,중상사고,0,1,0,0,차대사람 - 횡단중,교차로운행방법위반,건조,맑음,교차로 - 교차로안,승용,남,30세,상해없음,보행자,여,75세,중상
2022101200100448,2022년 10월 12일 17시,수요일,전라남도 순천시 해룡면,중상사고,0,1,0,0,차대차 - 측면충돌,안전운전불이행,건조,맑음,교차로 - 교차로안,승용,남,38세,상해없음,이륜,남,38세,중상
2022101200100493,2022년 10월 12일 18시,수요일,전라남도 목포시 연산동,경상사고,0,0,1,0,차대차 - 측면충돌,안전거리미확보,건조,맑음,단일로 - 기타,승용,여,67세,기타불명,화물,남,40세,경상
2022101200100494,2022년 10월 12일 18시,수요일,전라남도 나주시 석현동,중상사고,0,1,3,0,차대차 - 추돌,안전운전불이행,건조,맑음,단일로 - 교량,승합,남,72세,상해없음,승용,남,53세,경상
2022101200100495,2022년 10월 12일 18시,수요일,전라남도 화순군 도곡면,경상사고,0,0,2,0,차대차 - 측면충돌,안전운전불이행,건조,맑음,기타 - 기타,승용,남,59세,상해없음,승용,남,69세,경상
2022101200100496,2022년 10월 12일 18시,수요일,전라남도 함평군 손불면,경상사고,0,0,3,0,차대차 - 측면충돌,안전운전불이행,건조,맑음,교차로 - 교차로안,승용,여,43세,경상,화물,여,64세,경상
2022101200100548,2022년 10월 12일 19시,수요일,전라남도 여수시 돌산읍,부상신고사고,0,0,0,1,차대사람 - 기타,안전운전불이행,건조,맑음,단일로 - 기타,승합,남,50세,상해없음,보행자,남,19세,상해없음
2022101200100586,2022년 10월 12일 20시,수요일,전라남도 구례군 토지면,경상사고,0,0,1,0,차대차 - 기타,교차로운행방법위반,건조,맑음,교차로 - 교차로안,승용,남,46세,상해없음,화물,남,59세,경상
2022101200100613,2022년 10월 12일 21시,수요일,전라남도 여수시 봉계동,경상사고,0,0,1,0,차대차 - 측면충돌,안전운전불이행,건조,맑음,단일로 - 기타,승용,여,18세,상해없음,승용,남,24세,경상
2022101200100632,2022년 10월 12일 22시,수요일,전라남도 목포시 상동,경상사고,0,0,1,0,차대사람 - 기타,안전운전불이행,건조,맑음,단일로 - 기타,승용,여,41세,상해없음,보행자,여,40세,경상
2022101200100649,2022년 10월 12일 23시,수요일,전라남도 장흥군 장흥읍,경상사고,0,0,1,0,차대사람 - 횡단중,안전운전불이행,건조,맑음,교차로 - 교차로안,승용,남,54세,상해없음,보행자,여,18세,경상
2022101300100015,2022년 10월 13일 01시,목요일,전라남도 광양시 중동,경상사고,0,0,1,0,차대사람 - 기타,안전운전불이행,건조,맑음,기타 - 기타,승용,남,69세,상해없음,보행자,여,53세,경상
2022101300100049,2022년 10월 13일 05시,목요일,전라남도 광양시 중동,경상사고,0,0,1,0,차대차 - 기타,신호위반,건조,맑음,교차로 - 교차로안,특수,남,44세,기타불명,화물,여,61세,경상
2022101300100122,2022년 10월 13일 08시,목요일,전라남도 목포시 석현동,중상사고,0,1,3,0,차대차 - 측면충돌,안전운전불이행,건조,맑음,단일로 - 기타,승용,남,21세,상해없음,승용,남,63세,경상
2022101300100123,2022년 10월 13일 08시,목요일,전라남도 여수시 평여동,경상사고,0,0,1,0,차대차 - 측면충돌,교차로운행방법위반,건조,맑음,교차로 - 교차로안,화물,남,49세,상해없음,승용,여,45세,경상
2022101300100124,2022년 10월 13일 08시,목요일,전라남도 장흥군 회진면,경상사고,0,0,2,0,차대차 - 측면충돌,직진우회전진행방해,건조,맑음,교차로 - 교차로안,승용,여,65세,상해없음,화물,남,76세,경상
2022101300100161,2022년 10월 13일 09시,목요일,전라남도 나주시 평산동,경상사고,0,0,1,0,차대차 - 추돌,안전운전불이행,건조,맑음,단일로 - 기타,승용,여,35세,상해없음,승용,여,48세,경상
2022101300100162,2022년 10월 13일 09시,목요일,전라남도 영광군 영광읍,경상사고,0,0,1,0,차대차 - 추돌,안전운전불이행,건조,맑음,단일로 - 기타,승용,남,79세,상해없음,승용,남,37세,경상
2022101300100163,2022년 10월 13일 09시,목요일,전라남도 화순군 화순읍,중상사고,0,1,0,0,차대사람 - 횡단중,보행자보호의무위반,건조,맑음,교차로 - 교차로부근,승용,남,80세,상해없음,보행자,여,83세,중상
2022101300100164,2022년 10월 13일 09시,목요일,전라남도 영암군 영암읍,중상사고,0,1,3,0,차대차 - 측면충돌,안전운전불이행,건조,맑음,단일로 - 기타,승용,여,70세,중상,승합,남,63세,경상
2022101300100201,2022년 10월 13일 10시,목요일,전라남도 여수시 소호동,경상사고,0,0,1,0,차대차 - 측면충돌,교차로운행방법위반,건조,맑음,교차로 - 교차로안,승용,남,62세,상해없음,자전거,남,79세,경상
2022101300100202,2022년 10월 13일 10시,목요일,전라남도 여수시 선원동,경상사고,0,0,1,0,차대차 - 측면충돌,안전운전불이행,건조,맑음,단일로 - 기타,승용,남,69세,상해없음,승용,남,55세,경상
2022101300100204,2022년 10월 13일 10시,목요일,전라남도 영광군 법성면,중상사고,0,1,0,0,차대차 - 추돌,안전운전불이행,건조,맑음,단일로 - 기타,화물,남,51세,상해없음,화물,여,52세,기타불명