사고번호,사고일시,요일,시군구,사고내용,사망자수,중상자수,경상자수,부상신고자수,사고유형,법규위반,노면상태,기상상태,도로형태,가해운전자 차종,가해운전자 성별,가해운전자 연령,가해운전자 상해정도,피해운전자 차종,피해운전자 성별,피해운전자 연령,피해운전자 상해정도
2022101300100236,2022년 10월 13일 11시,목요일,전라남도 순천시 연향동,중상사고,0,1,0,0,차대차 - 측면충돌,안전운전불이행,건조,맑음,교차로 - 교차로부근,승용,여,41세,상해없음,이륜,남,18세,중상
2022101300100237,2022년 10월 13일 11시,목요일,전라남도 순천시 용당동,경상사고,0,0,1,0,차대차 - 기타,안전거리미확보,건조,맑음,교차로 - 교차로안,원동기,남,29세,상해없음,승용,남,36세,경상
2022101300100238,2022년 10월 13일 11시,목요일,전라남도 순천시 석현동,경상사고,0,0,2,0,차대차 - 측면충돌,안전운전불이행,건조,맑음,교차로 - 교차로안,화물,남,69세,상해없음,승용,남,67세,경상
2022101300100297,2022년 10월 13일 13시,목요일,전라남도 고흥군 두원면,경상사고,0,0,1,0,차대차 - 기타,안전운전불이행,건조,맑음,기타 - 기타,건설기계,남,43세,상해없음,승용,여,65세,경상
2022101300100298,2022년 10월 13일 13시,목요일,전라남도 보성군 보성읍,경상사고,0,0,2,0,차대차 - 정면충돌,중앙선침범,건조,맑음,단일로 - 기타,승용,남,58세,경상,승용,남,59세,경상
2022101300100326,2022년 10월 13일 14시,목요일,전라남도 여수시 소라면,부상신고사고,0,0,0,1,차량단독 - 전도전복 - 전도,안전운전불이행,건조,맑음,단일로 - 기타,이륜,남,31세,부상신고,,,,
2022101300100400,2022년 10월 13일 16시,목요일,전라남도 여수시 율촌면,경상사고,0,0,1,0,차대차 - 측면충돌,안전운전불이행,건조,맑음,교차로 - 교차로안,화물,남,41세,상해없음,승용,여,51세,경상
2022101300100401,2022년 10월 13일 16시,목요일,전라남도 여수시 월하동,경상사고,0,0,2,0,차대차 - 추돌,안전운전불이행,건조,맑음,교차로 - 교차로부근,승용,남,29세,상해없음,승용,남,36세,경상
2022101300100457,2022년 10월 13일 17시,목요일,전라남도 순천시 동외동,경상사고,0,0,2,0,차대차 - 측면충돌,안전운전불이행,건조,맑음,기타 - 기타,승용,여,68세,상해없음,승용,남,42세,경상
2022101300100458,2022년 10월 13일 17시,목요일,전라남도 영광군 영광읍,경상사고,0,0,1,0,차대차 - 추돌,안전운전불이행,건조,맑음,단일로 - 기타,승합,남,28세,상해없음,화물,남,56세,경상
2022101300100459,2022년 10월 13일 17시,목요일,전라남도 담양군 봉산면,중상사고,0,1,1,0,차대차 - 정면충돌,중앙선침범,건조,맑음,단일로 - 기타,이륜,남,21세,중상,승용,남,41세,경상
2022101300100505,2022년 10월 13일 18시,목요일,전라남도 목포시 죽교동,경상사고,0,0,1,0,차대사람 - 횡단중,보행자보호의무위반,건조,맑음,단일로 - 기타,승용,남,46세,상해없음,보행자,여,14세,경상
2022101300100506,2022년 10월 13일 18시,목요일,전라남도 순천시 해룡면,경상사고,0,0,1,0,차대차 - 기타,차로위반,건조,맑음,단일로 - 기타,승용,남,33세,상해없음,승용,남,28세,경상
2022101300100507,2022년 10월 13일 18시,목요일,전라남도 순천시 별량면,중상사고,0,2,5,0,차대차 - 추돌,중앙선침범,건조,맑음,단일로 - 기타,승용,남,59세,경상,승용,남,50세,경상
2022101300100508,2022년 10월 13일 18시,목요일,전라남도 해남군 화원면,중상사고,0,1,4,0,차대차 - 측면충돌,안전운전불이행,건조,맑음,교차로 - 교차로안,화물,남,71세,중상,승용,남,47세,경상
2022101300100509,2022년 10월 13일 18시,목요일,전라남도 화순군 동면,경상사고,0,0,1,0,차대차 - 기타,기타,건조,맑음,단일로 - 터널,화물,남,47세,상해없음,승용,남,45세,경상
2022101300100549,2022년 10월 13일 19시,목요일,전라남도 목포시 연산동,경상사고,0,0,1,0,차대차 - 측면충돌,교차로운행방법위반,건조,흐림,교차로 - 교차로안,화물,남,55세,상해없음,승용,여,37세,경상
2022101300100550,2022년 10월 13일 19시,목요일,전라남도 목포시 석현동,경상사고,0,0,1,0,차대차 - 측면충돌,안전운전불이행,건조,맑음,단일로 - 기타,승용,여,29세,상해없음,승용,남,38세,경상
2022101300100551,2022년 10월 13일 19시,목요일,전라남도 나주시 대호동,중상사고,0,1,0,0,차대사람 - 횡단중,안전운전불이행,건조,맑음,단일로 - 기타,개인형이동수단(PM),남,14세,상해없음,보행자,여,49세,중상
2022101300100589,2022년 10월 13일 20시,목요일,전라남도 여수시 학동,경상사고,0,0,1,0,차대차 - 추돌,안전운전불이행,건조,맑음,교차로 - 교차로부근,승용,남,50세,상해없음,승용,여,28세,경상
2022101300100618,2022년 10월 13일 21시,목요일,전라남도 여수시 화장동,중상사고,0,1,0,0,차대사람 - 차도통행중,안전운전불이행,건조,맑음,교차로 - 교차로부근,승용,여,53세,상해없음,보행자,남,53세,중상
2022101300100619,2022년 10월 13일 21시,목요일,전라남도 여수시 소라면,경상사고,0,0,1,0,차대사람 - 기타,안전운전불이행,건조,맑음,기타 - 기타,개인형이동수단(PM),남,15세,상해없음,보행자,남,21세,경상
2022101300100620,2022년 10월 13일 21시,목요일,전라남도 순천시 해룡면,경상사고,0,0,1,0,차대차 - 측면충돌,중앙선침범,건조,맑음,단일로 - 기타,승용,여,60세,상해없음,승용,여,34세,경상
2022101300100621,2022년 10월 13일 21시,목요일,전라남도 영암군 삼호읍,경상사고,0,0,1,0,차대차 - 측면충돌,안전운전불이행,건조,맑음,단일로 - 기타,승용,남,75세,상해없음,승용,남,60세,경상
2022101400100022,2022년 10월 14일 02시,금요일,전라남도 광양시 진월면,중상사고,0,1,0,0,차량단독 - 기타,안전운전불이행,건조,맑음,단일로 - 기타,승용,남,50세,상해없음,,,,
2022101400100075,2022년 10월 14일 07시,금요일,전라남도 광양시 봉강면,경상사고,0,0,2,1,차대차 - 추돌,안전거리미확보,건조,맑음,교차로 - 교차로안,승용,여,62세,부상신고,승용,남,27세,경상
2022101400100106,2022년 10월 14일 08시,금요일,전라남도 장흥군 대덕읍,중상사고,0,2,1,0,차대차 - 추돌,안전거리미확보,건조,맑음,단일로 - 기타,화물,남,52세,경상,농기계,남,82세,중상
2022101400100107,2022년 10월 14일 08시,금요일,전라남도 해남군 화산면,부상신고사고,0,0,0,1,차량단독 - 도로외이탈 - 추락,안전운전불이행,건조,맑음,단일로 - 기타,승용,여,36세,부상신고,,,,
2022101400100108,2022년 10월 14일 08시,금요일,전라남도 영광군 홍농읍,중상사고,0,1,0,0,차대차 - 추돌,안전운전불이행,건조,맑음,단일로 - 기타,사륜오토바이(ATV),남,75세,중상,승용,여,23세,상해없음
2022101400100152,2022년 10월 14일 09시,금요일,전라남도 목포시 산정동,경상사고,0,0,2,0,차대차 - 기타,안전운전불이행,건조,맑음,기타 - 기타,승용,남,57세,상해없음,승용,남,77세,경상
2022101400100168,2022년 10월 14일 10시,금요일,전라남도 여수시 둔덕동,경상사고,0,0,1,0,차대사람 - 횡단중,안전운전불이행,건조,맑음,단일로 - 기타,화물,남,58세,상해없음,보행자,남,75세,경상
2022101400100169,2022년 10월 14일 10시,금요일,전라남도 고흥군 대서면,경상사고,0,0,1,1,차대차 - 측면충돌,직진우회전진행방해,건조,맑음,교차로 - 교차로안,화물,남,68세,부상신고,승용,여,60세,경상
2022101400100198,2022년 10월 14일 11시,금요일,전라남도 구례군 구례읍,경상사고,0,0,2,0,차대차 - 정면충돌,중앙선침범,건조,맑음,단일로 - 기타,승용,여,58세,기타불명,승용,남,48세,상해없음
2022101400100228,2022년 10월 14일 12시,금요일,전라남도 목포시 산정동,경상사고,0,0,1,0,차대차 - 기타,중앙선침범,건조,맑음,단일로 - 기타,승용,남,42세,상해없음,이륜,남,59세,경상
2022101400100229,2022년 10월 14일 12시,금요일,전라남도 순천시 조례동,경상사고,0,0,1,0,차대차 - 측면충돌,중앙선침범,건조,맑음,단일로 - 기타,승용,남,57세,상해없음,승용,여,35세,경상
2022101400100230,2022년 10월 14일 12시,금요일,전라남도 함평군 월야면,경상사고,0,0,2,0,차대차 - 측면충돌,안전운전불이행,건조,맑음,단일로 - 기타,승용,여,56세,경상,화물,남,56세,경상
2022101400100231,2022년 10월 14일 12시,금요일,전라남도 강진군 칠량면,경상사고,0,0,1,0,차량단독 - 공작물충돌,안전운전불이행,건조,맑음,단일로 - 기타,화물,남,58세,경상,,,,
2022101400100280,2022년 10월 14일 13시,금요일,전라남도 여수시 여서동,중상사고,0,1,0,0,차대차 - 추돌,안전운전불이행,건조,맑음,교차로 - 교차로안,자전거,남,64세,중상,승용,남,49세,상해없음
2022101400100320,2022년 10월 14일 14시,금요일,전라남도 목포시 석현동,경상사고,0,0,1,0,차대차 - 후진중충돌,안전운전불이행,건조,맑음,기타 - 기타,승용,남,52세,상해없음,승용,남,34세,경상
2022101400100360,2022년 10월 14일 15시,금요일,전라남도 담양군 담양읍,경상사고,0,0,2,0,차대차 - 추돌,안전운전불이행,건조,맑음,단일로 - 기타,승용,남,55세,상해없음,승용,남,61세,경상
2022101400100455,2022년 10월 14일 17시,금요일,전라남도 여수시 국동,경상사고,0,0,1,0,차대차 - 정면충돌,중앙선침범,건조,맑음,교차로 - 교차로안,승용,남,26세,상해없음,승용,남,42세,경상
2022101400100457,2022년 10월 14일 17시,금요일,전라남도 나주시 석현동,경상사고,0,0,3,0,차대차 - 측면충돌,안전운전불이행,건조,맑음,교차로 - 교차로안,승용,여,80세,경상,화물,남,39세,경상
2022101400100538,2022년 10월 14일 18시,금요일,전라남도 여수시 소라면,경상사고,0,0,1,0,차대차 - 기타,안전운전불이행,건조,맑음,단일로 - 기타,원동기,남,60세,상해없음,승용,여,52세,경상
2022101400100591,2022년 10월 14일 19시,금요일,전라남도 순천시 해룡면,경상사고,0,0,1,0,차대차 - 추돌,안전운전불이행,건조,맑음,단일로 - 기타,화물,여,43세,상해없음,승용,여,28세,경상
2022101400100622,2022년 10월 14일 20시,금요일,전라남도 화순군 화순읍,경상사고,0,0,1,0,차대사람 - 보도통행중,보행자보호의무위반,건조,맑음,교차로 - 교차로횡단보도내,승용,남,72세,상해없음,보행자,여,18세,경상
2022101400100676,2022년 10월 14일 22시,금요일,전라남도 목포시 상동,경상사고,0,0,2,0,차대차 - 기타,안전운전불이행,건조,맑음,교차로 - 교차로안,승용,남,55세,상해없음,승용,여,27세,경상
2022101500100008,2022년 10월 15일 00시,토요일,전라남도 무안군 삼향읍,경상사고,0,0,1,0,차대차 - 측면충돌,안전운전불이행,건조,맑음,교차로 - 교차로안,승용,남,42세,상해없음,원동기,남,51세,경상
2022101500100026,2022년 10월 15일 01시,토요일,전라남도 장성군 장성읍,사망사고,2,0,0,0,차대차 - 추돌,안전운전불이행,건조,맑음,단일로 - 기타,화물,남,53세,상해없음,승용,남,53세,사망
2022101500100035,2022년 10월 15일 02시,토요일,전라남도 장흥군 용산면,경상사고,0,0,1,0,차량단독 - 공작물충돌,안전운전불이행,건조,맑음,단일로 - 기타,승용,남,39세,경상,,,,
2022101500100055,2022년 10월 15일 06시,토요일,전라남도 순천시 서면,경상사고,0,0,1,0,차량단독 - 기타,안전운전불이행,건조,맑음,기타 - 기타,승용,남,68세,경상,,,,
2022101500100067,2022년 10월 15일 07시,토요일,전라남도 여수시 학동,경상사고,0,0,2,0,차대차 - 추돌,안전운전불이행,건조,맑음,교차로 - 교차로부근,승용,남,32세,상해없음,승용,남,57세,경상
2022101500100068,2022년 10월 15일 07시,토요일,전라남도 무안군 현경면,중상사고,0,1,0,0,차대사람 - 기타,안전운전불이행,건조,맑음,단일로 - 기타,화물,남,71세,상해없음,보행자,여,77세,중상
2022101500100099,2022년 10월 15일 09시,토요일,전라남도 순천시 해룡면,경상사고,0,0,1,0,차대차 - 기타,안전운전불이행,건조,맑음,교차로 - 교차로부근,이륜,남,26세,상해없음,화물,남,62세,상해없음
2022101500100100,2022년 10월 15일 09시,토요일,전라남도 해남군 해남읍,경상사고,0,0,1,0,차량단독 - 도로외이탈 - 추락,안전운전불이행,건조,맑음,단일로 - 기타,사륜오토바이(ATV),여,71세,경상,,,,
2022101500100101,2022년 10월 15일 09시,토요일,전라남도 영암군 금정면,경상사고,0,0,1,0,차대차 - 추돌,안전운전불이행,건조,맑음,단일로 - 기타,화물,남,70세,기타불명,건설기계,남,39세,경상
2022101500100132,2022년 10월 15일 10시,토요일,전라남도 순천시 조례동,경상사고,0,0,1,0,차대차 - 추돌,안전운전불이행,건조,맑음,교차로 - 교차로부근,승합,남,50세,상해없음,승용,여,68세,경상
2022101500100167,2022년 10월 15일 11시,토요일,전라남도 순천시 연향동,경상사고,0,0,5,0,차대차 - 기타,안전운전불이행,건조,맑음,단일로 - 기타,승용,남,55세,상해없음,승용,남,73세,경상
2022101500100168,2022년 10월 15일 11시,토요일,전라남도 순천시 별량면,경상사고,0,0,1,0,차대차 - 추돌,안전운전불이행,건조,맑음,교차로 - 교차로부근,승합,남,67세,상해없음,승용,남,29세,경상
2022101500100169,2022년 10월 15일 11시,토요일,전라남도 순천시 해룡면,경상사고,0,0,1,0,차대차 - 기타,안전운전불이행,건조,맑음,단일로 - 기타,승용,남,67세,상해없음,승합,남,47세,상해없음
2022101500100170,2022년 10월 15일 11시,토요일,전라남도 고흥군 고흥읍,경상사고,0,0,2,0,차대차 - 기타,안전운전불이행,건조,맑음,교차로 - 교차로안,승용,여,55세,경상,승용,남,41세,경상
2022101500100214,2022년 10월 15일 12시,토요일,전라남도 순천시 조례동,중상사고,0,1,0,0,차대차 - 측면충돌,안전운전불이행,건조,맑음,단일로 - 기타,승용,여,25세,상해없음,이륜,남,23세,중상
2022101500100250,2022년 10월 15일 13시,토요일,전라남도 목포시 산정동,경상사고,0,0,2,0,차대차 - 측면충돌,신호위반,건조,맑음,교차로 - 교차로안,승합,남,62세,상해없음,승용,여,69세,경상
2022101500100251,2022년 10월 15일 13시,토요일,전라남도 목포시 옥암동,경상사고,0,0,1,0,차대차 - 측면충돌,안전운전불이행,건조,맑음,기타 - 기타,승합,남,66세,상해없음,승용,남,25세,경상
2022101500100296,2022년 10월 15일 14시,토요일,전라남도 순천시 조례동,경상사고,0,0,1,0,차대차 - 기타,안전운전불이행,건조,맑음,교차로 - 교차로안,화물,남,35세,상해없음,이륜,남,35세,경상
2022101500100333,2022년 10월 15일 15시,토요일,전라남도 나주시 금천면,경상사고,0,0,4,0,차대차 - 추돌,안전운전불이행,건조,맑음,교차로 - 교차로부근,건설기계,남,49세,상해없음,승용,남,47세,경상
2022101500100334,2022년 10월 15일 15시,토요일,전라남도 고흥군 포두면,중상사고,0,2,0,0,차대차 - 측면충돌,기타,건조,맑음,교차로 - 교차로안,화물,남,80세,상해없음,승용,남,39세,중상
2022101500100335,2022년 10월 15일 15시,토요일,전라남도 해남군 해남읍,중상사고,0,1,0,0,차대차 - 측면충돌,직진우회전진행방해,건조,맑음,교차로 - 교차로안,승용,여,51세,기타불명,원동기,남,65세,중상
2022101500100336,2022년 10월 15일 15시,토요일,전라남도 무안군 삼향읍,경상사고,0,0,3,0,차대차 - 추돌,안전운전불이행,건조,맑음,단일로 - 기타,승용,남,43세,상해없음,승용,여,46세,경상
2022101500100382,2022년 10월 15일 16시,토요일,전라남도 목포시 용해동,경상사고,0,0,1,0,차대사람 - 차도통행중,안전운전불이행,건조,맑음,단일로 - 기타,승용,남,31세,기타불명,보행자,남,74세,경상
2022101500100383,2022년 10월 15일 16시,토요일,전라남도 여수시 소라면,경상사고,0,0,1,0,차대차 - 추돌,안전운전불이행,건조,맑음,교차로 - 교차로안,승용,남,45세,상해없음,승용,남,34세,경상
2022101500100384,2022년 10월 15일 16시,토요일,전라남도 여수시 문수동,경상사고,0,0,1,0,차대차 - 측면충돌,안전운전불이행,건조,맑음,단일로 - 기타,승용,남,27세,상해없음,승용,남,55세,경상
2022101500100427,2022년 10월 15일 17시,토요일,전라남도 순천시 매곡동,경상사고,0,0,1,0,차대차 - 기타,안전운전불이행,건조,맑음,교차로 - 교차로안,승용,남,67세,기타불명,화물,기타불명,미분류,기타불명
2022101500100428,2022년 10월 15일 17시,토요일,전라남도 순천시 조곡동,경상사고,0,0,1,0,차대차 - 기타,안전운전불이행,건조,맑음,교차로 - 교차로안,승합,남,30세,기타불명,승용,남,32세,경상
2022101500100471,2022년 10월 15일 18시,토요일,전라남도 목포시 산정동,경상사고,0,0,1,0,차대차 - 기타,안전운전불이행,건조,맑음,단일로 - 기타,승용,남,60세,상해없음,승용,여,48세,경상
2022101500100537,2022년 10월 15일 20시,토요일,전라남도 완도군 완도읍,경상사고,0,0,1,0,차대차 - 기타,안전운전불이행,건조,맑음,교차로 - 교차로부근,승용,남,61세,상해없음,승합,남,53세,경상
2022101500100594,2022년 10월 15일 22시,토요일,전라남도 광양시 태인동,경상사고,0,0,1,0,차대차 - 기타,교차로운행방법위반,건조,맑음,교차로 - 교차로안,승용,남,58세,상해없음,승용,남,40세,경상
2022101500100616,2022년 10월 15일 23시,토요일,전라남도 목포시 죽교동,경상사고,0,0,3,0,차대차 - 기타,직진우회전진행방해,건조,맑음,교차로 - 교차로안,승용,여,41세,상해없음,승용,여,39세,경상
2022101500100617,2022년 10월 15일 23시,토요일,전라남도 완도군 고금면,경상사고,0,0,1,0,차대차 - 후진중충돌,안전운전불이행,건조,맑음,단일로 - 기타,화물,남,76세,상해없음,승용,여,54세,경상
2022101500100618,2022년 10월 15일 23시,토요일,전라남도 무안군 삼향읍,중상사고,0,1,0,0,차대차 - 기타,안전운전불이행,건조,맑음,교차로 - 교차로안,승용,남,26세,기타불명,승용,남,28세,상해없음
2022101600100013,2022년 10월 16일 00시,일요일,전라남도 여수시 오림동,중상사고,0,1,1,0,차대차 - 추돌,안전운전불이행,건조,맑음,기타 - 기타,승합,남,58세,상해없음,승용,남,53세,상해없음
2022101600100025,2022년 10월 16일 01시,일요일,전라남도 여수시 학동,사망사고,1,0,0,0,차대사람 - 횡단중,안전운전불이행,건조,맑음,교차로 - 교차로횡단보도내,승용,남,52세,상해없음,보행자,여,72세,사망
2022101600100035,2022년 10월 16일 02시,일요일,전라남도 목포시 상동,중상사고,0,1,0,0,차대사람 - 기타,안전운전불이행,건조,맑음,단일로 - 기타,승용,남,36세,상해없음,보행자,남,54세,중상
2022101600100052,2022년 10월 16일 04시,일요일,전라남도 목포시 상동,경상사고,0,0,2,0,차대사람 - 기타,안전운전불이행,건조,맑음,기타 - 기타,승용,남,24세,상해없음,보행자,남,25세,경상
2022101600100082,2022년 10월 16일 07시,일요일,전라남도 목포시 산정동,경상사고,0,0,1,0,차대사람 - 기타,안전운전불이행,건조,맑음,단일로 - 기타,승용,남,65세,상해없음,보행자,남,68세,경상
2022101600100106,2022년 10월 16일 09시,일요일,전라남도 순천시 별량면,경상사고,0,0,2,0,차대차 - 측면충돌,안전운전불이행,건조,맑음,교차로 - 교차로안,승용,남,69세,경상,승용,남,27세,경상
2022101600100145,2022년 10월 16일 11시,일요일,전라남도 장흥군 관산읍,경상사고,0,0,3,0,차대차 - 기타,교차로운행방법위반,건조,맑음,교차로 - 교차로안,화물,남,65세,경상,승용,남,79세,경상
2022101600100146,2022년 10월 16일 11시,일요일,전라남도 장흥군 장흥읍,중상사고,0,1,0,1,차량단독 - 기타,안전운전불이행,건조,맑음,단일로 - 기타,승용,남,55세,상해없음,,,,
2022101600100177,2022년 10월 16일 12시,일요일,전라남도 나주시 송월동,중상사고,0,1,2,0,차대차 - 측면충돌,안전운전불이행,건조,맑음,교차로 - 교차로부근,이륜,남,41세,중상,승용,남,47세,경상
2022101600100178,2022년 10월 16일 12시,일요일,전라남도 나주시 봉황면,중상사고,0,1,0,0,차대차 - 측면충돌,직진우회전진행방해,건조,맑음,교차로 - 교차로안,화물,남,45세,상해없음,화물,남,46세,중상
2022101600100179,2022년 10월 16일 12시,일요일,전라남도 광양시 광양읍,중상사고,0,1,0,0,차대차 - 측면충돌,신호위반,건조,맑음,교차로 - 교차로안,승용,여,50세,상해없음,이륜,남,30세,중상
2022101600100238,2022년 10월 16일 14시,일요일,전라남도 목포시 상동,경상사고,0,0,1,0,차대차 - 기타,안전운전불이행,건조,맑음,기타 - 기타,승용,남,54세,상해없음,이륜,남,39세,경상
2022101600100239,2022년 10월 16일 14시,일요일,전라남도 장흥군 장흥읍,중상사고,0,1,0,0,차대차 - 기타,안전운전불이행,건조,맑음,단일로 - 기타,화물,남,46세,상해없음,자전거,남,85세,중상
2022101600100240,2022년 10월 16일 14시,일요일,전라남도 고흥군 도화면,경상사고,0,0,1,0,차대차 - 기타,안전운전불이행,건조,맑음,교차로 - 교차로부근,이륜,남,55세,경상,승용,남,50세,상해없음
2022101600100241,2022년 10월 16일 14시,일요일,전라남도 영암군 삼호읍,중상사고,0,1,0,0,차대사람 - 기타,안전운전불이행,건조,맑음,주차장 - 주차장,화물,남,65세,상해없음,보행자,남,1세,중상
2022101600100273,2022년 10월 16일 15시,일요일,전라남도 영광군 군서면,경상사고,0,0,1,0,차대차 - 기타,교차로운행방법위반,건조,맑음,교차로 - 교차로안,승용,남,26세,상해없음,승용,남,80세,경상
2022101600100302,2022년 10월 16일 16시,일요일,전라남도 순천시 연향동,경상사고,0,0,1,0,차대차 - 기타,안전운전불이행,건조,맑음,교차로 - 교차로횡단보도내,승용,남,72세,상해없음,자전거,남,52세,경상
2022101600100329,2022년 10월 16일 17시,일요일,전라남도 강진군 성전면,중상사고,0,1,0,0,차대사람 - 기타,안전운전불이행,건조,맑음,교차로 - 교차로부근,화물,남,64세,상해없음,보행자,남,73세,중상
2022101600100372,2022년 10월 16일 18시,일요일,전라남도 목포시 상동,경상사고,0,0,4,0,차대차 - 측면충돌,안전운전불이행,건조,맑음,교차로 - 교차로부근,승용,남,67세,경상,승합,여,59세,경상
2022101600100415,2022년 10월 16일 19시,일요일,전라남도 완도군 완도읍,경상사고,0,0,1,0,차대차 - 추돌,안전운전불이행,건조,맑음,교차로 - 교차로안,승용,남,72세,상해없음,화물,남,80세,경상
2022101600100456,2022년 10월 16일 21시,일요일,전라남도 나주시 금천면,경상사고,0,0,1,0,차대사람 - 기타,안전운전불이행,건조,맑음,단일로 - 기타,승용,여,50세,상해없음,보행자,남,28세,경상
2022101700100047,2022년 10월 17일 06시,월요일,전라남도 나주시 남평읍,부상신고사고,0,0,0,1,차대차 - 측면충돌,중앙선침범,건조,맑음,교차로 - 교차로안,자전거,여,75세,부상신고,승용,남,46세,상해없음
2022101700100073,2022년 10월 17일 07시,월요일,전라남도 목포시 산정동,경상사고,0,0,1,0,차대차 - 측면충돌,안전운전불이행,건조,맑음,교차로 - 교차로안,승용,남,22세,상해없음,승용,여,47세,경상
2022101700100112,2022년 10월 17일 08시,월요일,전라남도 순천시 오천동,경상사고,0,0,1,0,차대차 - 기타,안전거리미확보,건조,맑음,교차로 - 교차로부근,승용,남,36세,상해없음,승용,여,32세,경상
2022101700100113,2022년 10월 17일 08시,월요일,전라남도 순천시 석현동,경상사고,0,0,2,0,차대차 - 기타,직진우회전진행방해,건조,맑음,교차로 - 교차로안,승용,남,34세,상해없음,승용,남,29세,경상
2022101700100114,2022년 10월 17일 08시,월요일,전라남도 고흥군 포두면,중상사고,0,1,0,0,차대차 - 기타,안전운전불이행,건조,맑음,단일로 - 기타,화물,남,57세,상해없음,이륜,남,78세,중상
2022101700100115,2022년 10월 17일 08시,월요일,전라남도 곡성군 오곡면,중상사고,0,1,0,0,차대차 - 측면충돌,교차로운행방법위반,건조,맑음,교차로 - 교차로안,자전거,남,80세,중상,승용,남,30세,상해없음
2022101700100151,2022년 10월 17일 09시,월요일,전라남도 목포시 옥암동,중상사고,0,1,1,0,차대차 - 기타,안전운전불이행,건조,맑음,교차로 - 교차로부근,승용,남,83세,경상,농기계,남,54세,상해없음
2022101700100152,2022년 10월 17일 09시,월요일,전라남도 나주시 성북동,경상사고,0,0,1,0,차대차 - 후진중충돌,안전운전불이행,건조,맑음,교차로 - 교차로부근,화물,남,51세,상해없음,승용,남,28세,경상
2022101700100153,2022년 10월 17일 09시,월요일,전라남도 담양군 담양읍,경상사고,0,0,1,0,차대차 - 측면충돌,불법유턴,건조,맑음,단일로 - 기타,화물,남,58세,상해없음,승용,남,23세,경상
2022101700100236,2022년 10월 17일 11시,월요일,전라남도 고흥군 포두면,경상사고,0,0,1,0,차대차 - 추돌,안전운전불이행,건조,맑음,단일로 - 기타,승용,남,79세,상해없음,승용,여,68세,경상
2022101700100237,2022년 10월 17일 11시,월요일,전라남도 영암군 군서면,경상사고,0,0,5,1,차대차 - 추돌,안전거리미확보,건조,맑음,단일로 - 기타,승합,남,42세,상해없음,승용,남,74세,상해없음
2022101700100275,2022년 10월 17일 12시,월요일,전라남도 여수시 여서동,중상사고,0,1,0,0,차대사람 - 길가장자리구역통행중,안전운전불이행,건조,맑음,교차로 - 교차로부근,승용,여,61세,기타불명,보행자,남,64세,중상
2022101700100318,2022년 10월 17일 13시,월요일,전라남도 여수시 신기동,경상사고,0,0,2,0,차대차 - 측면충돌,교차로운행방법위반,건조,맑음,교차로 - 교차로안,승용,남,59세,상해없음,승용,남,26세,상해없음
2022101700100319,2022년 10월 17일 13시,월요일,전라남도 고흥군 고흥읍,경상사고,0,0,1,0,차대사람 - 기타,신호위반,건조,맑음,단일로 - 기타,승용,남,68세,상해없음,보행자,여,9세,경상
2022101700100359,2022년 10월 17일 14시,월요일,전라남도 고흥군 고흥읍,중상사고,0,1,0,0,차량단독 - 기타,안전운전불이행,기타,맑음,단일로 - 기타,원동기,남,70세,중상,,,,
2022101700100403,2022년 10월 17일 15시,월요일,전라남도 고흥군 도화면,중상사고,0,1,0,0,차대차 - 기타,안전운전불이행,건조,맑음,교차로 - 교차로부근,승용,남,61세,상해없음,이륜,남,81세,중상
2022101700100404,2022년 10월 17일 15시,월요일,전라남도 해남군 송지면,중상사고,0,1,0,0,차대사람 - 기타,안전운전불이행,건조,맑음,단일로 - 기타,화물,여,70세,상해없음,보행자,여,74세,중상
2022101700100405,2022년 10월 17일 15시,월요일,전라남도 영암군 삼호읍,경상사고,0,0,1,0,차대차 - 측면충돌,신호위반,건조,맑음,교차로 - 교차로안,승용,여,33세,상해없음,자전거,남,11세,경상
2022101700100455,2022년 10월 17일 16시,월요일,전라남도 여수시 학동,경상사고,0,0,1,0,차대차 - 측면충돌,교차로운행방법위반,건조,맑음,교차로 - 교차로안,승용,남,42세,상해없음,승용,여,30세,경상
2022101700100456,2022년 10월 17일 16시,월요일,전라남도 나주시 금천면,경상사고,0,0,2,0,차대차 - 측면충돌,교차로운행방법위반,건조,맑음,교차로 - 교차로안,승용,여,23세,경상,승용,여,41세,경상
2022101700100457,2022년 10월 17일 16시,월요일,전라남도 보성군 조성면,중상사고,0,1,0,0,차대차 - 추돌,안전운전불이행,건조,맑음,단일로 - 기타,승용,여,25세,중상,건설기계,남,51세,상해없음
2022101700100508,2022년 10월 17일 17시,월요일,전라남도 여수시 웅천동,경상사고,0,0,3,0,차대차 - 추돌,안전운전불이행,건조,맑음,단일로 - 기타,화물,남,61세,경상,승용,남,42세,경상
2022101700100509,2022년 10월 17일 17시,월요일,전라남도 여수시 율촌면,경상사고,0,0,1,0,차대차 - 추돌,안전운전불이행,건조,맑음,단일로 - 기타,화물,남,70세,상해없음,승용,남,44세,경상