사고번호,사고일시,요일,시군구,사고내용,사망자수,중상자수,경상자수,부상신고자수,사고유형,법규위반,노면상태,기상상태,도로형태,가해운전자 차종,가해운전자 성별,가해운전자 연령,가해운전자 상해정도,피해운전자 차종,피해운전자 성별,피해운전자 연령,피해운전자 상해정도
2022101700100510,2022년 10월 17일 17시,월요일,전라남도 여수시 소라면,경상사고,0,0,1,0,차대차 - 추돌,안전운전불이행,건조,맑음,단일로 - 기타,승용,남,64세,상해없음,승용,남,40세,경상
2022101700100512,2022년 10월 17일 17시,월요일,전라남도 영암군 삼호읍,경상사고,0,0,3,0,차대차 - 정면충돌,중앙선침범,건조,맑음,단일로 - 기타,화물,남,42세,경상,화물,남,42세,경상
2022101700100579,2022년 10월 17일 18시,월요일,전라남도 목포시 대양동,경상사고,0,0,1,1,차대차 - 추돌,안전운전불이행,건조,맑음,단일로 - 기타,화물,남,26세,부상신고,승용,남,48세,경상
2022101700100580,2022년 10월 17일 18시,월요일,전라남도 여수시 광무동,경상사고,0,0,2,0,차대차 - 추돌,안전운전불이행,건조,맑음,단일로 - 기타,승용,남,53세,상해없음,승용,여,35세,경상
2022101700100581,2022년 10월 17일 18시,월요일,전라남도 여수시 신기동,경상사고,0,0,1,0,차대차 - 측면충돌,신호위반,건조,맑음,교차로 - 교차로부근,승용,여,49세,상해없음,이륜,남,29세,경상
2022101700100582,2022년 10월 17일 18시,월요일,전라남도 해남군 해남읍,경상사고,0,0,2,0,차대차 - 기타,안전운전불이행,건조,맑음,교차로 - 교차로안,이륜,남,16세,기타불명,승용,남,65세,경상
2022101700100583,2022년 10월 17일 18시,월요일,전라남도 영암군 영암읍,경상사고,0,0,2,0,차대차 - 측면충돌,안전운전불이행,건조,맑음,교차로 - 교차로부근,승용,여,52세,경상,건설기계,남,53세,경상
2022101800100008,2022년 10월 18일 01시,화요일,전라남도 장성군 남면,경상사고,0,0,2,0,차대차 - 추돌,안전운전불이행,건조,맑음,단일로 - 기타,승용,남,25세,상해없음,승용,남,54세,경상
2022101800100110,2022년 10월 18일 08시,화요일,전라남도 목포시 산정동,경상사고,0,0,1,0,차대차 - 측면충돌,안전운전불이행,건조,맑음,교차로 - 교차로안,승용,남,69세,상해없음,승용,남,61세,경상
2022101800100111,2022년 10월 18일 08시,화요일,전라남도 여수시 신기동,경상사고,0,0,1,0,차대차 - 측면충돌,안전운전불이행,건조,맑음,단일로 - 기타,이륜,남,18세,상해없음,승용,남,30세,경상
2022101800100112,2022년 10월 18일 08시,화요일,전라남도 구례군 토지면,중상사고,0,1,0,0,차량단독 - 기타,안전운전불이행,건조,맑음,단일로 - 기타,승용,남,67세,중상,,,,
2022101800100156,2022년 10월 18일 09시,화요일,전라남도 해남군 송지면,경상사고,0,0,1,0,차대차 - 측면충돌,교차로운행방법위반,건조,맑음,교차로 - 교차로안,특수,남,61세,상해없음,승용,여,62세,경상
2022101800100245,2022년 10월 18일 12시,화요일,전라남도 목포시 산정동,중상사고,0,1,0,0,차대차 - 측면충돌,안전운전불이행,건조,맑음,기타 - 기타,이륜,남,71세,중상,승용,남,59세,상해없음
2022101800100246,2022년 10월 18일 12시,화요일,전라남도 순천시 조례동,경상사고,0,0,1,0,차대차 - 측면충돌,안전거리미확보,건조,맑음,단일로 - 기타,승용,남,49세,경상,화물,남,62세,상해없음
2022101800100247,2022년 10월 18일 12시,화요일,전라남도 장흥군 안양면,사망사고,1,0,0,0,차대사람 - 기타,안전운전불이행,건조,맑음,단일로 - 기타,화물,남,61세,상해없음,보행자,여,91세,사망
2022101800100248,2022년 10월 18일 12시,화요일,전라남도 화순군 화순읍,중상사고,0,1,0,0,차대사람 - 횡단중,보행자보호의무위반,건조,맑음,교차로 - 교차로횡단보도내,특수,남,79세,상해없음,보행자,남,74세,중상
2022101800100287,2022년 10월 18일 13시,화요일,전라남도 여수시 율촌면,경상사고,0,0,1,0,차대차 - 기타,안전운전불이행,건조,맑음,단일로 - 기타,건설기계,남,57세,상해없음,승용,남,57세,경상
2022101800100288,2022년 10월 18일 13시,화요일,전라남도 담양군 고서면,경상사고,0,0,1,0,차대차 - 측면충돌,중앙선침범,건조,맑음,단일로 - 기타,승합,여,44세,상해없음,승합,남,62세,경상
2022101800100337,2022년 10월 18일 14시,화요일,전라남도 함평군 나산면,중상사고,0,1,0,0,차량단독 - 도로외이탈 - 추락,안전운전불이행,건조,맑음,교차로 - 교차로안,화물,남,55세,상해없음,,,,
2022101800100381,2022년 10월 18일 15시,화요일,전라남도 목포시 산정동,중상사고,0,1,0,0,차대사람 - 횡단중,신호위반,건조,맑음,단일로 - 기타,승합,남,51세,상해없음,보행자,여,11세,중상
2022101800100382,2022년 10월 18일 15시,화요일,전라남도 순천시 석현동,경상사고,0,0,1,0,차대사람 - 차도통행중,안전운전불이행,건조,맑음,단일로 - 기타,화물,남,47세,상해없음,보행자,남,6세,경상
2022101800100383,2022년 10월 18일 15시,화요일,전라남도 나주시 금천면,중상사고,0,1,0,0,차량단독 - 전도전복 - 전도,안전운전불이행,건조,맑음,단일로 - 교량,이륜,남,62세,중상,,,,
2022101800100384,2022년 10월 18일 15시,화요일,전라남도 담양군 고서면,경상사고,0,0,1,0,차대차 - 측면충돌,안전운전불이행,건조,맑음,교차로 - 교차로부근,화물,남,66세,상해없음,승용,여,58세,경상
2022101800100385,2022년 10월 18일 15시,화요일,전라남도 구례군 구례읍,경상사고,0,0,1,0,차대차 - 측면충돌,직진우회전진행방해,건조,맑음,교차로 - 교차로안,승용,여,68세,상해없음,승용,남,43세,경상
2022101800100430,2022년 10월 18일 16시,화요일,전라남도 목포시 산정동,경상사고,0,0,2,0,차대차 - 추돌,안전운전불이행,건조,맑음,교차로 - 교차로부근,승용,남,67세,상해없음,화물,남,36세,경상
2022101800100431,2022년 10월 18일 16시,화요일,전라남도 여수시 안산동,경상사고,0,0,1,0,차대차 - 기타,신호위반,건조,맑음,교차로 - 교차로안,승용,남,64세,상해없음,승용,남,43세,경상
2022101800100432,2022년 10월 18일 16시,화요일,전라남도 순천시 별량면,중상사고,0,1,3,0,차대차 - 추돌,안전거리미확보,건조,맑음,교차로 - 교차로부근,승용,남,76세,경상,승용,남,29세,경상
2022101800100433,2022년 10월 18일 16시,화요일,전라남도 완도군 완도읍,경상사고,0,0,1,0,차대차 - 기타,안전운전불이행,건조,맑음,단일로 - 기타,농기계,남,60세,상해없음,화물,남,57세,경상
2022101800100434,2022년 10월 18일 16시,화요일,전라남도 광양시 마동,경상사고,0,0,3,0,차대차 - 측면충돌,신호위반,건조,맑음,교차로 - 교차로안,승용,남,63세,경상,승용,남,54세,경상
2022101800100473,2022년 10월 18일 17시,화요일,전라남도 목포시 양동,경상사고,0,0,1,0,차대사람 - 기타,중앙선침범,건조,맑음,교차로 - 교차로안,승용,여,48세,상해없음,보행자,여,70세,경상
2022101800100474,2022년 10월 18일 17시,화요일,전라남도 보성군 조성면,경상사고,0,0,2,0,차대차 - 측면충돌,안전운전불이행,건조,맑음,교차로 - 교차로안,화물,남,47세,상해없음,화물,남,63세,경상
2022101800100525,2022년 10월 18일 18시,화요일,전라남도 해남군 삼산면,중상사고,0,1,0,0,차대차 - 측면충돌,안전운전불이행,건조,맑음,단일로 - 기타,승용,남,50세,상해없음,승용,여,42세,중상
2022101800100526,2022년 10월 18일 18시,화요일,전라남도 영암군 삼호읍,경상사고,0,0,1,0,차대차 - 정면충돌,안전운전불이행,건조,맑음,교차로 - 교차로안,승용,여,32세,상해없음,승용,남,26세,경상
2022101800100576,2022년 10월 18일 19시,화요일,전라남도 목포시 옥암동,경상사고,0,0,3,0,차대차 - 기타,중앙선침범,건조,맑음,교차로 - 교차로안,승용,여,46세,상해없음,승용,남,26세,경상
2022101800100660,2022년 10월 18일 22시,화요일,전라남도 신안군 임자면,중상사고,0,1,0,0,차대사람 - 기타,안전운전불이행,건조,기타,기타 - 기타,기타불명,기타불명,미분류,기타불명,보행자,남,59세,중상
2022101800100661,2022년 10월 18일 22시,화요일,전라남도 여수시 웅천동,중상사고,0,1,0,0,차대차 - 추돌,신호위반,건조,맑음,교차로 - 교차로안,승용,남,51세,상해없음,이륜,남,19세,중상
2022101900100062,2022년 10월 19일 07시,수요일,전라남도 여수시 적량동,경상사고,0,0,2,0,차대차 - 추돌,안전운전불이행,건조,맑음,교차로 - 교차로안,특수,남,48세,경상,승용,남,69세,경상
2022101900100064,2022년 10월 19일 07시,수요일,전라남도 여수시 화장동,경상사고,0,0,2,0,차대차 - 측면충돌,기타,건조,맑음,교차로 - 교차로안,승용,남,47세,경상,승용,남,63세,경상
2022101900100065,2022년 10월 19일 07시,수요일,전라남도 광양시 광양읍,경상사고,0,0,4,0,차대차 - 추돌,안전거리미확보,건조,맑음,교차로 - 교차로부근,승용,여,57세,경상,건설기계,남,41세,경상
2022101900100115,2022년 10월 19일 08시,수요일,전라남도 영암군 영암읍,경상사고,0,0,4,0,차대차 - 측면충돌,신호위반,건조,맑음,교차로 - 교차로안,승용,남,79세,상해없음,승용,여,39세,경상
2022101900100116,2022년 10월 19일 08시,수요일,전라남도 무안군 삼향읍,경상사고,0,0,1,0,차대차 - 측면충돌,안전운전불이행,건조,맑음,교차로 - 교차로부근,승용,남,59세,상해없음,승용,남,42세,경상
2022101900100157,2022년 10월 19일 09시,수요일,전라남도 광양시 광양읍,경상사고,0,0,1,0,차대차 - 측면충돌,신호위반,건조,맑음,교차로 - 교차로안,이륜,남,18세,상해없음,승용,여,32세,경상
2022101900100189,2022년 10월 19일 10시,수요일,전라남도 목포시 연산동,경상사고,0,0,1,0,차대차 - 기타,직진우회전진행방해,건조,맑음,교차로 - 교차로안,승용,남,54세,상해없음,승용,여,25세,경상
2022101900100222,2022년 10월 19일 11시,수요일,전라남도 무안군 삼향읍,경상사고,0,0,1,0,차대차 - 측면충돌,안전운전불이행,건조,맑음,교차로 - 교차로부근,승용,여,54세,상해없음,화물,남,27세,경상
2022101900100255,2022년 10월 19일 12시,수요일,전라남도 목포시 죽교동,경상사고,0,0,3,0,차대차 - 측면충돌,안전운전불이행,건조,맑음,단일로 - 기타,승용,여,24세,경상,승용,남,32세,경상
2022101900100256,2022년 10월 19일 12시,수요일,전라남도 순천시 해룡면,중상사고,0,1,0,0,차대차 - 기타,안전운전불이행,건조,맑음,교차로 - 교차로부근,승용,여,53세,상해없음,승용,남,36세,중상
2022101900100257,2022년 10월 19일 12시,수요일,전라남도 담양군 담양읍,경상사고,0,0,2,0,차대차 - 측면충돌,안전운전불이행,건조,맑음,교차로 - 교차로안,승용,여,36세,상해없음,승용,남,37세,경상
2022101900100258,2022년 10월 19일 12시,수요일,전라남도 광양시 광양읍,경상사고,0,0,1,0,차대차 - 측면충돌,안전운전불이행,건조,맑음,단일로 - 기타,승용,여,49세,기타불명,승용,여,61세,경상
2022101900100292,2022년 10월 19일 13시,수요일,전라남도 함평군 함평읍,경상사고,0,0,2,1,차대차 - 정면충돌,안전운전불이행,건조,맑음,단일로 - 기타,승합,남,69세,상해없음,화물,남,71세,경상
2022101900100335,2022년 10월 19일 14시,수요일,전라남도 순천시 왕지동,경상사고,0,0,1,0,차대차 - 기타,직진우회전진행방해,건조,맑음,교차로 - 교차로안,승용,남,59세,상해없음,승용,여,27세,경상
2022101900100408,2022년 10월 19일 16시,수요일,전라남도 순천시 풍덕동,경상사고,0,0,1,0,차대사람 - 기타,안전운전불이행,건조,맑음,교차로 - 교차로안,화물,남,56세,상해없음,보행자,남,70세,경상
2022101900100503,2022년 10월 19일 18시,수요일,전라남도 목포시 상동,경상사고,0,0,1,0,차대차 - 측면충돌,중앙선침범,건조,맑음,단일로 - 기타,승용,여,47세,상해없음,이륜,남,24세,경상
2022101900100504,2022년 10월 19일 18시,수요일,전라남도 목포시 옥암동,경상사고,0,0,1,0,차대사람 - 보도통행중,기타,건조,맑음,기타 - 기타,개인형이동수단(PM),남,21세,상해없음,보행자,여,59세,경상
2022101900100505,2022년 10월 19일 18시,수요일,전라남도 여수시 소라면,경상사고,0,0,2,0,차대차 - 기타,안전운전불이행,건조,맑음,교차로 - 교차로부근,승용,남,59세,상해없음,승용,남,59세,경상
2022101900100506,2022년 10월 19일 18시,수요일,전라남도 순천시 풍덕동,경상사고,0,0,4,0,차대차 - 기타,신호위반,건조,맑음,교차로 - 교차로안,이륜,남,54세,상해없음,승용,남,25세,경상
2022101900100507,2022년 10월 19일 18시,수요일,전라남도 영암군 삼호읍,경상사고,0,0,2,0,차대차 - 측면충돌,안전거리미확보,건조,맑음,교차로 - 교차로부근,승용,남,54세,경상,승용,여,60세,경상
2022101900100569,2022년 10월 19일 19시,수요일,전라남도 여수시 문수동,경상사고,0,0,1,0,차대사람 - 기타,교차로운행방법위반,건조,맑음,단일로 - 기타,승용,여,58세,상해없음,보행자,남,71세,경상
2022101900100570,2022년 10월 19일 19시,수요일,전라남도 영암군 삼호읍,중상사고,0,1,1,0,차대차 - 측면충돌,교차로운행방법위반,건조,맑음,교차로 - 교차로안,승용,남,38세,중상,승용,남,40세,경상
2022101900100602,2022년 10월 19일 20시,수요일,전라남도 나주시 빛가람동,경상사고,0,0,2,0,차대사람 - 횡단중,보행자보호의무위반,건조,맑음,교차로 - 교차로횡단보도내,승용,여,45세,상해없음,보행자,남,25세,경상
2022102000100024,2022년 10월 20일 03시,목요일,전라남도 목포시 연산동,경상사고,0,0,2,0,차대차 - 기타,신호위반,건조,맑음,교차로 - 교차로안,승용,남,51세,상해없음,승용,남,39세,경상
2022102000100068,2022년 10월 20일 07시,목요일,전라남도 함평군 함평읍,중상사고,0,1,0,0,차대사람 - 길가장자리구역통행중,안전운전불이행,건조,맑음,기타 - 기타,화물,남,39세,상해없음,보행자,여,73세,중상
2022102000100069,2022년 10월 20일 07시,목요일,전라남도 담양군 대덕면,경상사고,0,0,1,0,차대차 - 기타,안전운전불이행,건조,맑음,기타 - 기타,승용,여,43세,상해없음,화물,남,59세,경상
2022102000100108,2022년 10월 20일 08시,목요일,전라남도 여수시 화양면,중상사고,0,4,3,0,차대차 - 추돌,안전운전불이행,건조,맑음,단일로 - 기타,승합,남,62세,상해없음,승용,기타불명,미분류,기타불명
2022102000100109,2022년 10월 20일 08시,목요일,전라남도 해남군 삼산면,경상사고,0,0,1,0,차대차 - 기타,기타,건조,맑음,교차로 - 교차로안,승용,여,55세,기타불명,화물,남,43세,경상
2022102000100110,2022년 10월 20일 08시,목요일,전라남도 진도군 진도읍,경상사고,0,0,3,0,차대차 - 추돌,안전거리미확보,건조,맑음,기타 - 기타,승용,남,24세,상해없음,승용,여,57세,경상
2022102000100159,2022년 10월 20일 09시,목요일,전라남도 고흥군 고흥읍,경상사고,0,0,1,0,차대차 - 기타,교차로운행방법위반,건조,맑음,교차로 - 교차로부근,승용,남,61세,상해없음,자전거,남,17세,경상
2022102000100160,2022년 10월 20일 09시,목요일,전라남도 함평군 나산면,경상사고,0,0,1,0,차대차 - 측면충돌,중앙선침범,건조,맑음,단일로 - 교량,이륜,남,57세,경상,승용,여,64세,상해없음
2022102000100161,2022년 10월 20일 09시,목요일,전라남도 강진군 강진읍,중상사고,0,1,0,0,차량단독 - 기타,안전운전불이행,건조,맑음,교차로 - 교차로안,이륜,남,46세,중상,,,,
2022102000100199,2022년 10월 20일 10시,목요일,전라남도 장성군 황룡면,경상사고,0,0,1,0,차대차 - 정면충돌,신호위반,건조,맑음,교차로 - 교차로안,건설기계,남,59세,상해없음,승용,남,68세,경상
2022102000100226,2022년 10월 20일 11시,목요일,전라남도 광양시 중동,경상사고,0,0,1,0,차대차 - 측면충돌,신호위반,건조,맑음,교차로 - 교차로안,승용,남,46세,상해없음,승용,남,44세,경상
2022102000100263,2022년 10월 20일 12시,목요일,전라남도 장흥군 대덕읍,경상사고,0,0,2,0,차대차 - 측면충돌,안전운전불이행,건조,맑음,교차로 - 교차로부근,승용,여,56세,경상,농기계,남,73세,경상
2022102000100306,2022년 10월 20일 13시,목요일,전라남도 여수시 율촌면,경상사고,0,0,4,0,차량단독 - 공작물충돌,안전운전불이행,건조,맑음,단일로 - 기타,승용,여,64세,경상,,,,
2022102000100307,2022년 10월 20일 13시,목요일,전라남도 순천시 승주읍,중상사고,0,1,0,0,차대사람 - 기타,안전운전불이행,건조,맑음,단일로 - 기타,승용,남,24세,상해없음,보행자,남,77세,중상
2022102000100344,2022년 10월 20일 14시,목요일,전라남도 여수시 봉산동,경상사고,0,0,1,0,차대차 - 기타,안전운전불이행,건조,맑음,교차로 - 교차로부근,승용,남,64세,상해없음,승용,남,32세,경상
2022102000100345,2022년 10월 20일 14시,목요일,전라남도 고흥군 풍양면,경상사고,0,0,2,0,차대차 - 측면충돌,직진우회전진행방해,건조,맑음,교차로 - 교차로안,화물,남,77세,상해없음,승합,남,48세,경상
2022102000100346,2022년 10월 20일 14시,목요일,전라남도 해남군 해남읍,경상사고,0,0,1,0,차대사람 - 횡단중,보행자보호의무위반,건조,맑음,교차로 - 교차로횡단보도내,이륜,남,16세,기타불명,보행자,남,49세,경상
2022102000100389,2022년 10월 20일 15시,목요일,전라남도 순천시 조례동,경상사고,0,0,1,0,차대차 - 기타,안전운전불이행,건조,맑음,교차로 - 교차로부근,승용,남,68세,상해없음,승용,남,33세,경상
2022102000100477,2022년 10월 20일 17시,목요일,전라남도 나주시 송월동,중상사고,0,1,0,0,차대차 - 측면충돌,안전운전불이행,건조,맑음,교차로 - 교차로부근,승용,남,48세,상해없음,이륜,남,46세,중상
2022102000100527,2022년 10월 20일 18시,목요일,전라남도 여수시 문수동,중상사고,0,1,0,0,차대차 - 기타,기타,건조,맑음,단일로 - 기타,승용,여,53세,상해없음,이륜,남,54세,중상
2022102000100528,2022년 10월 20일 18시,목요일,전라남도 여수시 웅천동,경상사고,0,0,1,2,차대차 - 측면충돌,안전운전불이행,건조,맑음,단일로 - 기타,승용,남,50세,상해없음,승용,남,33세,경상
2022102000100529,2022년 10월 20일 18시,목요일,전라남도 담양군 담양읍,경상사고,0,0,1,0,차대차 - 기타,안전운전불이행,건조,맑음,교차로 - 교차로안,승용,여,38세,상해없음,승용,남,57세,경상
2022102000100530,2022년 10월 20일 18시,목요일,전라남도 무안군 삼향읍,경상사고,0,0,1,0,차대차 - 기타,안전운전불이행,건조,맑음,주차장 - 주차장,승용,남,37세,기타불명,승용,남,26세,경상
2022102000100582,2022년 10월 20일 19시,목요일,전라남도 목포시 명륜동,경상사고,0,0,1,0,차대사람 - 기타,기타,건조,맑음,기타 - 기타,승용,남,61세,상해없음,보행자,남,35세,경상
2022102000100583,2022년 10월 20일 19시,목요일,전라남도 나주시 송월동,경상사고,0,0,2,0,차대차 - 측면충돌,신호위반,건조,맑음,교차로 - 교차로안,승용,남,22세,경상,승용,남,59세,경상
2022102100100024,2022년 10월 21일 03시,금요일,전라남도 목포시 대양동,경상사고,0,0,1,0,차량단독 - 전도전복 - 전도,안전운전불이행,건조,맑음,단일로 - 기타,승용,남,30세,경상,,,,
2022102100100032,2022년 10월 21일 04시,금요일,전라남도 담양군 고서면,사망사고,1,0,0,0,차대사람 - 보도통행중,안전운전불이행,건조,맑음,단일로 - 기타,승용,남,63세,상해없음,보행자,남,62세,사망
2022102100100039,2022년 10월 21일 05시,금요일,전라남도 여수시 오림동,경상사고,0,0,1,0,차대차 - 정면충돌,신호위반,건조,맑음,교차로 - 교차로안,승용,여,78세,상해없음,승용,남,22세,경상
2022102100100054,2022년 10월 21일 06시,금요일,전라남도 광양시 광양읍,경상사고,0,0,1,0,차대차 - 측면충돌,기타,건조,맑음,교차로 - 교차로안,승용,남,54세,기타불명,승용,여,60세,경상
2022102100100055,2022년 10월 21일 06시,금요일,전라남도 영암군 삼호읍,경상사고,0,0,2,0,차대차 - 측면충돌,교차로운행방법위반,건조,맑음,교차로 - 교차로안,승용,남,58세,경상,승용,남,73세,상해없음
2022102100100081,2022년 10월 21일 07시,금요일,전라남도 목포시 상동,중상사고,0,1,0,0,차대사람 - 기타,안전운전불이행,건조,맑음,단일로 - 기타,개인형이동수단(PM),남,16세,상해없음,보행자,여,77세,중상
2022102100100130,2022년 10월 21일 08시,금요일,전라남도 장성군 장성읍,경상사고,0,0,1,0,차대차 - 추돌,안전운전불이행,건조,맑음,교차로 - 교차로부근,승용,여,26세,상해없음,승용,남,47세,경상
2022102100100131,2022년 10월 21일 08시,금요일,전라남도 구례군 산동면,부상신고사고,0,0,0,1,차량단독 - 도로외이탈 - 추락,안전운전불이행,건조,맑음,단일로 - 기타,화물,남,73세,부상신고,,,,
2022102100100189,2022년 10월 21일 10시,금요일,전라남도 목포시 용해동,경상사고,0,0,2,0,차대차 - 측면충돌,안전운전불이행,건조,맑음,교차로 - 교차로안,승용,남,69세,상해없음,승용,남,21세,경상
2022102100100190,2022년 10월 21일 10시,금요일,전라남도 해남군 해남읍,경상사고,0,0,1,1,차대차 - 측면충돌,중앙선침범,건조,맑음,단일로 - 기타,승용,남,68세,부상신고,승용,남,73세,경상
2022102100100222,2022년 10월 21일 11시,금요일,전라남도 목포시 옥암동,경상사고,0,0,1,0,차대차 - 측면충돌,안전운전불이행,건조,맑음,교차로 - 교차로안,승용,여,62세,상해없음,승용,남,49세,경상
2022102100100223,2022년 10월 21일 11시,금요일,전라남도 화순군 화순읍,경상사고,0,0,2,0,차대차 - 추돌,안전운전불이행,건조,맑음,교차로 - 교차로부근,화물,남,54세,상해없음,승용,남,49세,경상
2022102100100224,2022년 10월 21일 11시,금요일,전라남도 장성군 삼서면,경상사고,0,0,1,0,차대차 - 측면충돌,안전운전불이행,건조,맑음,교차로 - 교차로안,농기계,남,86세,경상,승용,남,73세,상해없음
2022102100100251,2022년 10월 21일 12시,금요일,전라남도 광양시 중동,경상사고,0,0,3,0,차대차 - 측면충돌,안전거리미확보,건조,맑음,단일로 - 기타,승용,여,55세,상해없음,승용,여,35세,경상
2022102100100277,2022년 10월 21일 13시,금요일,전라남도 여수시 율촌면,중상사고,0,2,0,0,차대차 - 기타,신호위반,건조,맑음,단일로 - 기타,화물,남,41세,상해없음,승용,여,43세,중상
2022102100100311,2022년 10월 21일 14시,금요일,전라남도 영암군 삼호읍,경상사고,0,0,2,0,차대차 - 추돌,안전운전불이행,건조,맑음,교차로 - 교차로부근,승용,남,79세,기타불명,승용,남,41세,경상
2022102100100374,2022년 10월 21일 16시,금요일,전라남도 담양군 담양읍,중상사고,0,3,1,0,차대차 - 측면충돌,신호위반,건조,맑음,교차로 - 교차로안,승용,남,63세,상해없음,승용,여,54세,중상
2022102100100375,2022년 10월 21일 16시,금요일,전라남도 완도군 완도읍,경상사고,0,0,1,0,차대사람 - 차도통행중,안전운전불이행,건조,맑음,교차로 - 교차로안,화물,남,43세,상해없음,보행자,여,23세,경상
2022102100100421,2022년 10월 21일 17시,금요일,전라남도 해남군 마산면,경상사고,0,0,1,0,차대차 - 기타,안전운전불이행,건조,맑음,단일로 - 기타,화물,남,66세,상해없음,승합,남,66세,상해없음
2022102100100422,2022년 10월 21일 17시,금요일,전라남도 광양시 광영동,경상사고,0,0,1,0,차대차 - 측면충돌,교차로운행방법위반,건조,맑음,교차로 - 교차로안,이륜,남,36세,경상,승용,여,55세,상해없음
2022102100100488,2022년 10월 21일 18시,금요일,전라남도 담양군 봉산면,사망사고,1,0,0,0,차대차 - 기타,안전운전불이행,젖음/습기,비,단일로 - 기타,승용,남,64세,사망,화물,남,65세,기타불명
2022102100100489,2022년 10월 21일 18시,금요일,전라남도 무안군 삼향읍,중상사고,0,1,0,0,차대차 - 기타,안전운전불이행,건조,맑음,교차로 - 교차로안,승용,남,27세,상해없음,승용,남,47세,중상
2022102100100547,2022년 10월 21일 19시,금요일,전라남도 여수시 중앙동,경상사고,0,0,1,0,차대사람 - 차도통행중,안전운전불이행,건조,맑음,교차로 - 교차로안,승용,여,32세,상해없음,보행자,남,48세,경상
2022102100100548,2022년 10월 21일 19시,금요일,전라남도 여수시 선원동,경상사고,0,0,1,0,차대차 - 측면충돌,안전운전불이행,건조,맑음,교차로 - 교차로안,승용,여,53세,상해없음,승용,남,28세,경상
2022102100100624,2022년 10월 21일 21시,금요일,전라남도 영광군 백수읍,부상신고사고,0,0,0,1,차량단독 - 전도전복 - 전복,안전운전불이행,건조,맑음,단일로 - 기타,승용,남,64세,부상신고,,,,
2022102100100638,2022년 10월 21일 22시,금요일,전라남도 순천시 연향동,경상사고,0,0,2,0,차대차 - 추돌,안전운전불이행,건조,맑음,교차로 - 교차로부근,승용,남,49세,상해없음,승용,남,24세,경상
2022102100100663,2022년 10월 21일 23시,금요일,전라남도 순천시 연향동,사망사고,1,1,0,0,차대사람 - 횡단중,기타,건조,맑음,단일로 - 기타,승합,여,57세,상해없음,보행자,남,65세,사망
2022102200100008,2022년 10월 22일 00시,토요일,전라남도 여수시 종화동,경상사고,0,0,1,0,차대사람 - 기타,안전운전불이행,건조,맑음,단일로 - 기타,승용,남,47세,상해없음,보행자,남,49세,경상
2022102200100082,2022년 10월 22일 06시,토요일,전라남도 목포시 용해동,경상사고,0,0,1,0,차대사람 - 횡단중,보행자보호의무위반,건조,맑음,교차로 - 교차로횡단보도내,승용,남,51세,상해없음,보행자,남,67세,경상
2022102200100113,2022년 10월 22일 08시,토요일,전라남도 장성군 삼계면,경상사고,0,0,3,0,차대차 - 측면충돌,교차로운행방법위반,건조,맑음,교차로 - 교차로안,화물,남,62세,상해없음,승용,여,51세,상해없음
2022102200100140,2022년 10월 22일 09시,토요일,전라남도 보성군 벌교읍,중상사고,0,1,0,0,차량단독 - 전도전복 - 전복,안전운전불이행,건조,맑음,단일로 - 기타,승용,남,80세,상해없음,,,,
2022102200100141,2022년 10월 22일 09시,토요일,전라남도 영암군 미암면,경상사고,0,0,1,0,차대차 - 측면충돌,중앙선침범,건조,맑음,단일로 - 기타,화물,여,71세,상해없음,화물,남,53세,경상
2022102200100175,2022년 10월 22일 10시,토요일,전라남도 여수시 신월동,경상사고,0,0,1,0,차대차 - 기타,안전운전불이행,건조,맑음,기타 - 기타,승용,남,69세,상해없음,승용,여,56세,경상
2022102200100244,2022년 10월 22일 12시,토요일,전라남도 목포시 산정동,경상사고,0,0,1,0,차대차 - 측면충돌,안전운전불이행,건조,맑음,단일로 - 기타,승용,남,79세,상해없음,승용,남,35세,경상
2022102200100245,2022년 10월 22일 12시,토요일,전라남도 여수시 충무동,중상사고,0,1,0,0,차대사람 - 기타,안전운전불이행,건조,맑음,단일로 - 기타,승용,여,58세,상해없음,보행자,여,63세,중상
2022102200100287,2022년 10월 22일 13시,토요일,전라남도 목포시 석현동,경상사고,0,0,2,0,차대차 - 추돌,안전운전불이행,건조,맑음,단일로 - 기타,승용,남,21세,상해없음,승용,남,27세,경상
2022102200100288,2022년 10월 22일 13시,토요일,전라남도 순천시 동외동,중상사고,0,1,0,0,차대차 - 측면충돌,신호위반,건조,맑음,교차로 - 교차로안,이륜,남,56세,중상,승용,여,64세,상해없음
2022102200100289,2022년 10월 22일 13시,토요일,전라남도 곡성군 고달면,경상사고,0,0,1,0,차대사람 - 기타,안전운전불이행,건조,맑음,단일로 - 기타,승합,남,63세,상해없음,보행자,남,61세,경상
2022102200100334,2022년 10월 22일 14시,토요일,전라남도 신안군 비금면,중상사고,0,1,0,0,차량단독 - 기타,안전운전불이행,건조,맑음,기타 - 기타,이륜,남,16세,상해없음,,,,
2022102200100335,2022년 10월 22일 14시,토요일,전라남도 순천시 황전면,중상사고,0,1,0,0,차량단독 - 기타,안전운전불이행,건조,맑음,단일로 - 기타,이륜,남,40세,중상,,,,