사고번호,사고일시,요일,시군구,사고내용,사망자수,중상자수,경상자수,부상신고자수,사고유형,법규위반,노면상태,기상상태,도로형태,가해운전자 차종,가해운전자 성별,가해운전자 연령,가해운전자 상해정도,피해운전자 차종,피해운전자 성별,피해운전자 연령,피해운전자 상해정도
2022102200100370,2022년 10월 22일 15시,토요일,전라남도 목포시 용당동,경상사고,0,0,3,0,차대차 - 측면충돌,신호위반,건조,맑음,교차로 - 교차로안,승용,여,55세,경상,승용,남,47세,경상
2022102200100371,2022년 10월 22일 15시,토요일,전라남도 여수시 율촌면,중상사고,0,1,1,0,차대차 - 추돌,안전운전불이행,건조,맑음,단일로 - 터널,승용,남,21세,상해없음,승용,남,62세,경상
2022102200100453,2022년 10월 22일 17시,토요일,전라남도 목포시 영해동1가,경상사고,0,0,1,0,차대차 - 측면충돌,직진우회전진행방해,건조,맑음,교차로 - 교차로안,이륜,남,56세,경상,승용,여,48세,상해없음
2022102200100500,2022년 10월 22일 18시,토요일,전라남도 광양시 광양읍,경상사고,0,0,1,0,차대사람 - 기타,안전운전불이행,건조,맑음,기타 - 기타,자전거,남,13세,상해없음,보행자,남,18세,경상
2022102200100539,2022년 10월 22일 19시,토요일,전라남도 나주시 봉황면,경상사고,0,0,2,0,차대차 - 측면충돌,교차로운행방법위반,건조,맑음,교차로 - 교차로안,승용,남,56세,경상,화물,남,44세,경상
2022102200100540,2022년 10월 22일 19시,토요일,전라남도 해남군 해남읍,경상사고,0,0,2,0,차대차 - 기타,교차로운행방법위반,건조,맑음,교차로 - 교차로안,승용,남,41세,경상,승용,여,49세,경상
2022102200100573,2022년 10월 22일 20시,토요일,전라남도 여수시 충무동,경상사고,0,0,1,0,차대차 - 기타,중앙선침범,건조,맑음,기타 - 기타,승용,남,30세,상해없음,이륜,남,26세,경상
2022102200100574,2022년 10월 22일 20시,토요일,전라남도 여수시 중앙동,경상사고,0,0,1,0,차대차 - 후진중충돌,안전운전불이행,건조,맑음,교차로 - 교차로안,승용,남,52세,상해없음,승용,여,28세,경상
2022102200100600,2022년 10월 22일 21시,토요일,전라남도 여수시 신기동,경상사고,0,0,8,0,차대차 - 추돌,안전운전불이행,건조,맑음,단일로 - 기타,승용,남,35세,상해없음,승용,여,47세,경상
2022102200100601,2022년 10월 22일 21시,토요일,전라남도 무안군 삼향읍,경상사고,0,0,2,0,차대차 - 측면충돌,안전거리미확보,건조,맑음,단일로 - 기타,승용,남,59세,상해없음,승용,여,41세,경상
2022102200100623,2022년 10월 22일 22시,토요일,전라남도 순천시 조례동,경상사고,0,0,1,0,차대차 - 측면충돌,교차로운행방법위반,건조,맑음,교차로 - 교차로안,승합,남,39세,상해없음,원동기,남,47세,경상
2022102200100648,2022년 10월 22일 23시,토요일,전라남도 목포시 상동,중상사고,0,1,0,0,차대사람 - 차도통행중,안전운전불이행,건조,맑음,단일로 - 기타,승용,여,43세,상해없음,보행자,여,29세,중상
2022102300100009,2022년 10월 23일 00시,일요일,전라남도 여수시 종화동,경상사고,0,0,1,0,차대사람 - 횡단중,보행자보호의무위반,건조,맑음,교차로 - 교차로횡단보도내,승용,여,67세,상해없음,보행자,남,30세,경상
2022102300100052,2022년 10월 23일 06시,일요일,전라남도 광양시 금호동,경상사고,0,0,1,0,차대차 - 후진중충돌,안전운전불이행,건조,맑음,교차로 - 교차로부근,승용,여,66세,상해없음,승용,남,22세,경상
2022102300100060,2022년 10월 23일 07시,일요일,전라남도 여수시 둔덕동,중상사고,0,1,1,0,차대차 - 추돌,안전운전불이행,건조,맑음,단일로 - 기타,승용,남,21세,상해없음,화물,남,64세,경상
2022102300100072,2022년 10월 23일 08시,일요일,전라남도 보성군 율어면,경상사고,0,0,1,0,차대차 - 측면충돌,기타,건조,맑음,미분류 - 미분류,승용,남,61세,경상,화물,남,75세,상해없음
2022102300100097,2022년 10월 23일 09시,일요일,전라남도 목포시 죽교동,경상사고,0,0,1,0,차대차 - 측면충돌,안전운전불이행,건조,맑음,교차로 - 교차로부근,승용,남,61세,상해없음,화물,남,55세,경상
2022102300100110,2022년 10월 23일 10시,일요일,전라남도 순천시 황전면,중상사고,0,1,2,0,차대차 - 측면충돌,안전운전불이행,건조,맑음,교차로 - 교차로부근,원동기,남,56세,상해없음,승용,남,48세,중상
2022102300100111,2022년 10월 23일 10시,일요일,전라남도 나주시 문평면,경상사고,0,0,2,0,차대차 - 정면충돌,안전운전불이행,건조,맑음,교차로 - 교차로안,승용,남,62세,상해없음,승용,남,56세,경상
2022102300100161,2022년 10월 23일 12시,일요일,전라남도 고흥군 과역면,중상사고,0,1,2,0,차대차 - 기타,안전운전불이행,건조,맑음,교차로 - 교차로안,이륜,남,43세,경상,승용,남,51세,중상
2022102300100162,2022년 10월 23일 12시,일요일,전라남도 해남군 북일면,중상사고,0,1,0,0,차대차 - 기타,안전운전불이행,건조,맑음,교차로 - 교차로안,승용,여,44세,상해없음,사륜오토바이(ATV),여,63세,중상
2022102300100163,2022년 10월 23일 12시,일요일,전라남도 영광군 법성면,경상사고,0,0,2,0,차대차 - 추돌,안전운전불이행,건조,맑음,단일로 - 기타,이륜,남,17세,경상,승용,여,32세,경상
2022102300100164,2022년 10월 23일 12시,일요일,전라남도 무안군 일로읍,경상사고,0,0,1,0,차대차 - 추돌,안전운전불이행,건조,맑음,단일로 - 기타,승용,남,74세,상해없음,이륜,남,67세,경상
2022102300100187,2022년 10월 23일 13시,일요일,전라남도 목포시 산정동,경상사고,0,0,2,0,차대차 - 추돌,안전운전불이행,건조,맑음,단일로 - 기타,승용,남,64세,상해없음,승용,여,49세,경상
2022102300100221,2022년 10월 23일 14시,일요일,전라남도 무안군 운남면,사망사고,1,0,0,0,차대차 - 측면충돌,신호위반,건조,맑음,교차로 - 교차로안,승용,남,49세,상해없음,이륜,남,69세,사망
2022102300100255,2022년 10월 23일 15시,일요일,전라남도 영광군 홍농읍,경상사고,0,0,1,0,차대차 - 기타,안전운전불이행,건조,맑음,단일로 - 기타,승용,남,41세,상해없음,특수,남,61세,경상
2022102300100256,2022년 10월 23일 15시,일요일,전라남도 광양시 광양읍,경상사고,0,0,1,0,차대차 - 추돌,안전거리미확보,건조,맑음,교차로 - 교차로부근,승용,남,48세,상해없음,승용,남,70세,경상
2022102300100284,2022년 10월 23일 16시,일요일,전라남도 신안군 압해읍,중상사고,0,3,0,0,차대차 - 정면충돌,중앙선침범,건조,맑음,단일로 - 기타,승용,남,68세,상해없음,승용,여,31세,중상
2022102300100311,2022년 10월 23일 17시,일요일,전라남도 나주시 다시면,중상사고,0,1,3,0,차대차 - 측면충돌,교차로운행방법위반,건조,맑음,교차로 - 교차로안,화물,남,65세,경상,승합,남,77세,중상
2022102300100312,2022년 10월 23일 17시,일요일,전라남도 화순군 화순읍,경상사고,0,0,1,0,차대차 - 측면충돌,안전운전불이행,건조,맑음,단일로 - 기타,승용,남,63세,상해없음,원동기,남,29세,경상
2022102300100346,2022년 10월 23일 18시,일요일,전라남도 순천시 동외동,경상사고,0,0,1,0,차대차 - 기타,교차로운행방법위반,건조,맑음,교차로 - 교차로안,승용,여,65세,상해없음,승용,여,35세,경상
2022102300100380,2022년 10월 23일 19시,일요일,전라남도 여수시 안산동,경상사고,0,0,1,0,차대차 - 측면충돌,안전운전불이행,건조,맑음,교차로 - 교차로부근,승용,남,42세,상해없음,승합,남,60세,경상
2022102300100381,2022년 10월 23일 19시,일요일,전라남도 여수시 학동,중상사고,0,1,0,0,차대사람 - 횡단중,신호위반,건조,맑음,교차로 - 교차로안,승용,남,24세,상해없음,보행자,남,49세,중상
2022102300100382,2022년 10월 23일 19시,일요일,전라남도 순천시 석현동,사망사고,1,0,0,0,차대차 - 기타,신호위반,건조,맑음,교차로 - 교차로안,승용,남,30세,상해없음,이륜,남,47세,사망
2022102300100401,2022년 10월 23일 20시,일요일,전라남도 영광군 영광읍,경상사고,0,0,1,0,차대사람 - 차도통행중,안전운전불이행,건조,맑음,단일로 - 기타,이륜,남,18세,상해없음,보행자,남,28세,경상
2022102300100402,2022년 10월 23일 20시,일요일,전라남도 무안군 무안읍,중상사고,0,1,0,0,차대사람 - 차도통행중,안전운전불이행,건조,맑음,단일로 - 기타,화물,남,54세,상해없음,보행자,남,54세,중상
2022102300100418,2022년 10월 23일 21시,일요일,전라남도 광양시 성황동,경상사고,0,0,2,0,차대차 - 추돌,안전운전불이행,건조,맑음,교차로 - 교차로부근,승용,여,60세,상해없음,화물,남,73세,경상
2022102400100038,2022년 10월 24일 06시,월요일,전라남도 순천시 해룡면,중상사고,0,1,0,0,차량단독 - 공작물충돌,안전운전불이행,건조,맑음,단일로 - 기타,승용,여,55세,중상,,,,
2022102400100073,2022년 10월 24일 07시,월요일,전라남도 해남군 해남읍,경상사고,0,0,2,0,차대차 - 기타,신호위반,건조,맑음,단일로 - 기타,화물,남,70세,상해없음,승용,남,34세,경상
2022102400100074,2022년 10월 24일 07시,월요일,전라남도 완도군 군외면,경상사고,0,0,1,0,차대차 - 기타,중앙선침범,건조,맑음,단일로 - 기타,화물,남,83세,상해없음,승용,남,70세,경상
2022102400100126,2022년 10월 24일 08시,월요일,전라남도 목포시 용당동,경상사고,0,0,1,0,차대차 - 측면충돌,안전운전불이행,건조,맑음,단일로 - 기타,승용,남,54세,상해없음,자전거,남,17세,경상
2022102400100127,2022년 10월 24일 08시,월요일,전라남도 나주시 산포면,경상사고,0,0,1,0,차대차 - 추돌,안전운전불이행,건조,맑음,단일로 - 기타,승용,여,23세,상해없음,승용,남,27세,상해없음
2022102400100174,2022년 10월 24일 09시,월요일,전라남도 목포시 상동,경상사고,0,0,2,0,차대차 - 측면충돌,안전운전불이행,건조,맑음,단일로 - 기타,승용,여,43세,경상,승용,여,28세,경상
2022102400100175,2022년 10월 24일 09시,월요일,전라남도 순천시 해룡면,경상사고,0,0,2,0,차대차 - 기타,안전운전불이행,건조,맑음,단일로 - 기타,승용,여,67세,상해없음,승용,남,35세,경상
2022102400100257,2022년 10월 24일 11시,월요일,전라남도 구례군 광의면,중상사고,0,1,0,0,차대사람 - 기타,안전운전불이행,건조,맑음,단일로 - 기타,승합,남,70세,상해없음,보행자,여,87세,중상
2022102400100292,2022년 10월 24일 12시,월요일,전라남도 여수시 중흥동,경상사고,0,0,2,0,차대차 - 측면충돌,기타,건조,맑음,단일로 - 기타,화물,남,39세,상해없음,화물,남,27세,경상
2022102400100293,2022년 10월 24일 12시,월요일,전라남도 순천시 상사면,중상사고,0,2,1,0,차대차 - 정면충돌,중앙선침범,건조,맑음,단일로 - 기타,승용,남,63세,경상,승용,남,70세,중상
2022102400100294,2022년 10월 24일 12시,월요일,전라남도 화순군 화순읍,경상사고,0,0,1,0,차대차 - 측면충돌,안전운전불이행,건조,맑음,단일로 - 기타,승용,여,50세,상해없음,승용,여,55세,경상
2022102400100295,2022년 10월 24일 12시,월요일,전라남도 함평군 함평읍,경상사고,0,0,1,0,차대차 - 추돌,안전운전불이행,건조,맑음,단일로 - 기타,승용,여,47세,상해없음,승합,남,64세,상해없음
2022102400100296,2022년 10월 24일 12시,월요일,전라남도 담양군 용면,경상사고,0,0,1,0,차대차 - 후진중충돌,안전운전불이행,건조,맑음,교차로 - 교차로안,농기계,남,62세,기타불명,승용,남,48세,경상
2022102400100297,2022년 10월 24일 12시,월요일,전라남도 무안군 현경면,중상사고,0,1,0,0,차대사람 - 횡단중,보행자보호의무위반,건조,맑음,교차로 - 교차로횡단보도내,화물,남,66세,상해없음,보행자,여,83세,중상
2022102400100324,2022년 10월 24일 13시,월요일,전라남도 무안군 무안읍,경상사고,0,0,1,0,차대사람 - 횡단중,안전운전불이행,건조,맑음,단일로 - 기타,승용,여,68세,상해없음,보행자,여,69세,경상
2022102400100325,2022년 10월 24일 13시,월요일,전라남도 광양시 마동,경상사고,0,0,2,0,차대차 - 측면충돌,교차로운행방법위반,건조,맑음,교차로 - 교차로안,승용,남,27세,경상,승용,남,69세,경상
2022102400100367,2022년 10월 24일 14시,월요일,전라남도 목포시 옥암동,경상사고,0,0,1,0,차대차 - 측면충돌,교차로운행방법위반,건조,맑음,교차로 - 교차로안,원동기,남,43세,상해없음,승용,여,42세,경상
2022102400100473,2022년 10월 24일 17시,월요일,전라남도 목포시 상동,경상사고,0,0,2,0,차대차 - 추돌,안전운전불이행,건조,맑음,단일로 - 기타,승용,남,21세,상해없음,승용,남,33세,경상
2022102400100474,2022년 10월 24일 17시,월요일,전라남도 담양군 담양읍,중상사고,0,1,1,0,차대차 - 추돌,안전운전불이행,건조,맑음,교차로 - 교차로부근,승용,남,75세,상해없음,승용,여,57세,중상
2022102400100530,2022년 10월 24일 18시,월요일,전라남도 신안군 신의면,경상사고,0,0,1,0,차량단독 - 기타,안전운전불이행,건조,맑음,교차로 - 교차로안,화물,남,47세,경상,,,,
2022102400100605,2022년 10월 24일 20시,월요일,전라남도 광양시 광양읍,사망사고,1,0,0,0,차대차 - 추돌,안전운전불이행,건조,맑음,단일로 - 기타,화물,남,39세,상해없음,이륜,남,78세,사망
2022102400100650,2022년 10월 24일 23시,월요일,전라남도 신안군 압해읍,경상사고,0,0,1,0,차대차 - 측면충돌,안전운전불이행,건조,맑음,기타 - 기타,승용,남,30세,경상,화물,남,41세,기타불명
2022102400100651,2022년 10월 24일 23시,월요일,전라남도 화순군 화순읍,중상사고,0,1,0,0,차대사람 - 횡단중,보행자보호의무위반,건조,맑음,교차로 - 교차로횡단보도내,승용,남,29세,상해없음,보행자,여,25세,중상
2022102500100011,2022년 10월 25일 00시,화요일,전라남도 목포시 연산동,경상사고,0,0,2,0,차대차 - 측면충돌,안전운전불이행,건조,맑음,단일로 - 기타,승용,남,62세,상해없음,승용,남,23세,경상
2022102500100017,2022년 10월 25일 01시,화요일,전라남도 여수시 봉산동,경상사고,0,0,1,0,차대사람 - 기타,안전운전불이행,건조,맑음,단일로 - 기타,기타불명,기타불명,미분류,기타불명,보행자,남,61세,경상
2022102500100023,2022년 10월 25일 03시,화요일,전라남도 목포시 용해동,경상사고,0,0,2,0,차대차 - 기타,안전운전불이행,건조,맑음,단일로 - 기타,승용,남,25세,상해없음,승용,남,25세,경상
2022102500100046,2022년 10월 25일 06시,화요일,전라남도 목포시 옥암동,경상사고,0,0,3,0,차대차 - 정면충돌,신호위반,건조,맑음,교차로 - 교차로안,승용,여,62세,경상,승용,남,34세,경상
2022102500100060,2022년 10월 25일 07시,화요일,전라남도 여수시 동산동,경상사고,0,0,1,0,차대차 - 측면충돌,교차로운행방법위반,건조,맑음,교차로 - 교차로안,승용,여,55세,상해없음,승합,남,71세,경상
2022102500100061,2022년 10월 25일 07시,화요일,전라남도 영암군 삼호읍,경상사고,0,0,1,0,차대차 - 측면충돌,안전거리미확보,건조,맑음,단일로 - 기타,승용,여,40세,상해없음,승용,남,41세,경상
2022102500100108,2022년 10월 25일 08시,화요일,전라남도 목포시 용해동,경상사고,0,0,2,0,차대차 - 측면충돌,신호위반,건조,맑음,교차로 - 교차로안,승용,남,82세,상해없음,승용,남,33세,경상
2022102500100109,2022년 10월 25일 08시,화요일,전라남도 목포시 상동,경상사고,0,0,1,0,차대차 - 측면충돌,안전운전불이행,건조,맑음,교차로 - 교차로안,승용,남,42세,상해없음,승용,남,37세,경상
2022102500100110,2022년 10월 25일 08시,화요일,전라남도 여수시 오림동,경상사고,0,0,1,0,차대차 - 추돌,안전운전불이행,건조,맑음,교차로 - 교차로부근,승용,여,20세,상해없음,승용,여,45세,경상
2022102500100111,2022년 10월 25일 08시,화요일,전라남도 영암군 삼호읍,중상사고,0,1,0,0,차대사람 - 횡단중,보행자보호의무위반,건조,맑음,교차로 - 교차로안,승용,여,36세,상해없음,보행자,여,67세,중상
2022102500100148,2022년 10월 25일 09시,화요일,전라남도 순천시 석현동,중상사고,0,1,3,0,차대차 - 추돌,안전거리미확보,건조,맑음,단일로 - 기타,승용,여,49세,상해없음,승용,남,26세,경상
2022102500100179,2022년 10월 25일 10시,화요일,전라남도 나주시 빛가람동,경상사고,0,0,2,0,차대차 - 측면충돌,안전운전불이행,건조,맑음,교차로 - 교차로안,승용,여,36세,경상,화물,남,53세,상해없음
2022102500100180,2022년 10월 25일 10시,화요일,전라남도 고흥군 고흥읍,중상사고,0,1,1,0,차대차 - 기타,기타,건조,맑음,기타 - 기타,화물,남,41세,상해없음,승용,여,42세,중상
2022102500100216,2022년 10월 25일 11시,화요일,전라남도 여수시 여서동,경상사고,0,0,1,0,차대차 - 측면충돌,안전운전불이행,건조,맑음,기타 - 기타,승용,여,61세,기타불명,승용,여,50세,경상
2022102500100217,2022년 10월 25일 11시,화요일,전라남도 순천시 해룡면,경상사고,0,0,1,0,차대차 - 기타,안전거리미확보,건조,맑음,교차로 - 교차로부근,승용,여,48세,상해없음,승용,여,50세,경상
2022102500100218,2022년 10월 25일 11시,화요일,전라남도 광양시 광양읍,경상사고,0,0,2,0,차대차 - 추돌,안전운전불이행,건조,맑음,교차로 - 교차로부근,승용,여,54세,상해없음,승용,여,56세,경상
2022102500100273,2022년 10월 25일 13시,화요일,전라남도 여수시 웅천동,경상사고,0,0,2,0,차대차 - 추돌,안전운전불이행,건조,맑음,교차로 - 교차로부근,승용,남,63세,상해없음,승용,남,31세,경상
2022102500100274,2022년 10월 25일 13시,화요일,전라남도 장흥군 관산읍,경상사고,0,0,1,0,차대차 - 측면충돌,안전운전불이행,건조,맑음,단일로 - 기타,승용,여,66세,상해없음,이륜,남,84세,경상
2022102500100275,2022년 10월 25일 13시,화요일,전라남도 화순군 화순읍,중상사고,0,1,0,0,차대차 - 측면충돌,신호위반,건조,맑음,교차로 - 교차로안,화물,남,36세,상해없음,승용,남,77세,중상
2022102500100310,2022년 10월 25일 14시,화요일,전라남도 목포시 산정동,경상사고,0,0,1,0,차대차 - 측면충돌,차로위반,건조,맑음,기타 - 기타,승용,남,51세,상해없음,승용,남,42세,경상
2022102500100311,2022년 10월 25일 14시,화요일,전라남도 진도군 지산면,중상사고,0,1,0,0,차대차 - 측면충돌,중앙선침범,건조,맑음,단일로 - 기타,승용,남,75세,상해없음,사륜오토바이(ATV),여,70세,중상
2022102500100312,2022년 10월 25일 14시,화요일,전라남도 광양시 진월면,경상사고,0,0,1,0,차대차 - 후진중충돌,안전운전불이행,건조,맑음,교차로 - 교차로안,화물,남,29세,상해없음,승용,여,44세,경상
2022102500100313,2022년 10월 25일 14시,화요일,전라남도 함평군 학교면,중상사고,0,3,3,0,차대차 - 추돌,안전운전불이행,건조,맑음,단일로 - 기타,승용,남,48세,경상,승용,남,52세,경상
2022102500100347,2022년 10월 25일 15시,화요일,전라남도 목포시 용해동,경상사고,0,0,1,0,차대사람 - 기타,안전운전불이행,건조,맑음,기타 - 기타,승용,남,45세,상해없음,보행자,남,66세,경상
2022102500100348,2022년 10월 25일 15시,화요일,전라남도 고흥군 도양읍,경상사고,0,0,2,0,차대차 - 기타,직진우회전진행방해,건조,맑음,교차로 - 교차로안,승용,남,23세,기타불명,화물,남,57세,상해없음
2022102500100349,2022년 10월 25일 15시,화요일,전라남도 보성군 보성읍,중상사고,0,2,3,0,차대차 - 추돌,안전운전불이행,건조,맑음,단일로 - 기타,화물,여,66세,중상,화물,남,40세,경상
2022102500100350,2022년 10월 25일 15시,화요일,전라남도 함평군 함평읍,경상사고,0,0,1,0,차대사람 - 길가장자리구역통행중,안전운전불이행,건조,맑음,교차로 - 교차로부근,화물,남,40세,상해없음,보행자,여,78세,경상
2022102500100407,2022년 10월 25일 16시,화요일,전라남도 목포시 용당동,부상신고사고,0,0,0,1,차대차 - 측면충돌,신호위반,건조,맑음,교차로 - 교차로안,자전거,남,17세,부상신고,승용,남,63세,상해없음
2022102500100408,2022년 10월 25일 16시,화요일,전라남도 순천시 연향동,경상사고,0,0,1,0,차대차 - 측면충돌,안전운전불이행,건조,맑음,단일로 - 기타,승용,남,40세,상해없음,승용,여,61세,경상
2022102500100409,2022년 10월 25일 16시,화요일,전라남도 영암군 미암면,경상사고,0,0,1,0,차대사람 - 차도통행중,안전운전불이행,건조,맑음,단일로 - 지하차도(도로)내,승용,여,72세,상해없음,보행자,남,46세,경상
2022102500100410,2022년 10월 25일 16시,화요일,전라남도 장성군 장성읍,경상사고,0,0,1,0,차대차 - 기타,안전운전불이행,건조,맑음,단일로 - 기타,화물,남,67세,상해없음,자전거,남,57세,경상
2022102500100456,2022년 10월 25일 17시,화요일,전라남도 목포시 명륜동,경상사고,0,0,1,0,차대차 - 측면충돌,안전운전불이행,건조,맑음,교차로 - 교차로부근,승용,여,46세,상해없음,승용,남,49세,경상
2022102500100457,2022년 10월 25일 17시,화요일,전라남도 완도군 고금면,경상사고,0,0,1,0,차대차 - 측면충돌,안전운전불이행,건조,맑음,교차로 - 교차로안,승용,남,76세,상해없음,화물,남,63세,경상
2022102500100458,2022년 10월 25일 17시,화요일,전라남도 광양시 마동,경상사고,0,0,2,0,차대차 - 후진중충돌,안전운전불이행,건조,맑음,단일로 - 기타,승용,남,29세,상해없음,승용,여,30세,경상
2022102500100514,2022년 10월 25일 18시,화요일,전라남도 목포시 상동,경상사고,0,0,1,0,차대차 - 측면충돌,신호위반,건조,맑음,기타 - 기타,화물,남,67세,상해없음,이륜,남,42세,경상
2022102500100515,2022년 10월 25일 18시,화요일,전라남도 여수시 문수동,중상사고,0,1,0,0,차대차 - 측면충돌,안전운전불이행,건조,맑음,교차로 - 교차로안,화물,남,52세,상해없음,이륜,여,31세,중상
2022102500100610,2022년 10월 25일 20시,화요일,전라남도 순천시 연향동,중상사고,0,1,0,0,차대사람 - 횡단중,신호위반,건조,맑음,교차로 - 교차로안,승합,남,39세,상해없음,보행자,여,29세,중상
2022102500100611,2022년 10월 25일 20시,화요일,전라남도 고흥군 도양읍,중상사고,0,1,0,0,차대차 - 정면충돌,중앙선침범,건조,기타,기타 - 기타,승합,남,44세,상해없음,이륜,남,60세,중상
2022102500100632,2022년 10월 25일 21시,화요일,전라남도 순천시 조례동,경상사고,0,0,1,0,차대차 - 기타,안전운전불이행,건조,맑음,교차로 - 교차로부근,승용,남,59세,상해없음,원동기,남,23세,경상
2022102500100633,2022년 10월 25일 21시,화요일,전라남도 나주시 삼영동,중상사고,0,1,0,0,차대사람 - 기타,안전운전불이행,건조,맑음,단일로 - 기타,승용,남,53세,상해없음,보행자,남,27세,중상
2022102500100634,2022년 10월 25일 21시,화요일,전라남도 강진군 성전면,경상사고,0,0,1,0,차대차 - 추돌,안전운전불이행,건조,맑음,단일로 - 기타,승용,남,59세,상해없음,승용,남,59세,상해없음
2022102600100030,2022년 10월 26일 02시,수요일,전라남도 목포시 상동,경상사고,0,0,1,0,차대차 - 측면충돌,신호위반,건조,맑음,교차로 - 교차로안,승용,여,23세,상해없음,승용,남,32세,경상
2022102600100043,2022년 10월 26일 04시,수요일,전라남도 순천시 조례동,경상사고,0,0,1,0,차대차 - 기타,신호위반,건조,맑음,교차로 - 교차로안,승용,여,65세,상해없음,승용,남,62세,경상
2022102600100044,2022년 10월 26일 04시,수요일,전라남도 화순군 동면,부상신고사고,0,0,0,1,차량단독 - 도로외이탈 - 기타,안전운전불이행,건조,맑음,단일로 - 기타,승용,여,22세,부상신고,,,,
2022102600100060,2022년 10월 26일 06시,수요일,전라남도 영암군 삼호읍,경상사고,0,0,1,0,차대차 - 기타,안전거리미확보,건조,맑음,단일로 - 기타,승용,여,42세,상해없음,승합,남,65세,상해없음
2022102600100121,2022년 10월 26일 08시,수요일,전라남도 목포시 상동,중상사고,0,1,0,0,차대사람 - 기타,보행자보호의무위반,건조,맑음,교차로 - 교차로부근,승용,남,46세,기타불명,보행자,여,80세,중상
2022102600100122,2022년 10월 26일 08시,수요일,전라남도 구례군 광의면,중상사고,0,1,4,0,차대차 - 측면충돌,직진우회전진행방해,건조,기타,교차로 - 교차로안,승용,남,46세,경상,승용,여,42세,중상
2022102600100158,2022년 10월 26일 09시,수요일,전라남도 강진군 강진읍,경상사고,0,0,2,0,차대차 - 측면충돌,직진우회전진행방해,건조,맑음,교차로 - 교차로안,승용,남,56세,상해없음,승용,남,75세,경상
2022102600100159,2022년 10월 26일 09시,수요일,전라남도 담양군 봉산면,중상사고,0,1,0,0,차량단독 - 도로외이탈 - 추락,기타,건조,맑음,단일로 - 기타,이륜,남,80세,중상,,,,
2022102600100160,2022년 10월 26일 09시,수요일,전라남도 곡성군 곡성읍,경상사고,0,0,1,0,차대차 - 측면충돌,안전운전불이행,건조,맑음,교차로 - 교차로안,승용,남,29세,상해없음,자전거,여,58세,경상
2022102600100194,2022년 10월 26일 10시,수요일,전라남도 해남군 해남읍,중상사고,0,2,0,0,차대차 - 정면충돌,신호위반,건조,맑음,교차로 - 교차로안,이륜,남,78세,중상,승용,여,25세,중상
2022102600100195,2022년 10월 26일 10시,수요일,전라남도 해남군 문내면,중상사고,0,1,0,0,차대사람 - 기타,안전운전불이행,건조,맑음,단일로 - 기타,화물,남,25세,상해없음,보행자,남,79세,중상
2022102600100196,2022년 10월 26일 10시,수요일,전라남도 화순군 화순읍,경상사고,0,0,1,0,차대사람 - 횡단중,신호위반,건조,맑음,교차로 - 교차로부근,화물,남,75세,상해없음,보행자,여,52세,경상
2022102600100275,2022년 10월 26일 13시,수요일,전라남도 여수시 소라면,경상사고,0,0,2,0,차대차 - 기타,신호위반,건조,맑음,교차로 - 교차로부근,승용,여,22세,경상,승합,여,35세,경상
2022102600100332,2022년 10월 26일 15시,수요일,전라남도 목포시 산정동,부상신고사고,0,0,0,1,차대사람 - 기타,안전운전불이행,건조,맑음,기타 - 기타,자전거,남,11세,상해없음,보행자,여,10세,부상신고
2022102600100374,2022년 10월 26일 16시,수요일,전라남도 장흥군 관산읍,중상사고,0,1,0,0,차대사람 - 기타,안전운전불이행,건조,흐림,단일로 - 기타,화물,남,63세,상해없음,보행자,남,53세,중상
2022102600100375,2022년 10월 26일 16시,수요일,전라남도 영암군 삼호읍,경상사고,0,0,2,0,차대차 - 추돌,안전운전불이행,건조,맑음,단일로 - 기타,승용,남,64세,상해없음,승용,여,34세,경상
2022102600100410,2022년 10월 26일 17시,수요일,전라남도 함평군 해보면,중상사고,0,1,0,0,차량단독 - 도로외이탈 - 추락,안전운전불이행,건조,맑음,단일로 - 기타,승용,남,33세,상해없음,,,,
2022102600100466,2022년 10월 26일 18시,수요일,전라남도 순천시 연향동,경상사고,0,0,3,0,차대차 - 측면충돌,안전운전불이행,건조,맑음,단일로 - 기타,화물,남,61세,경상,승용,남,28세,경상
2022102600100467,2022년 10월 26일 18시,수요일,전라남도 나주시 왕곡면,사망사고,1,0,0,0,차대사람 - 횡단중,안전운전불이행,건조,맑음,교차로 - 교차로안,승용,남,51세,상해없음,보행자,여,78세,사망
2022102600100468,2022년 10월 26일 18시,수요일,전라남도 장흥군 관산읍,중상사고,0,1,0,0,차대사람 - 길가장자리구역통행중,안전운전불이행,건조,맑음,단일로 - 기타,화물,남,70세,상해없음,보행자,여,83세,중상
2022102600100469,2022년 10월 26일 18시,수요일,전라남도 영광군 영광읍,경상사고,0,0,1,0,차대사람 - 횡단중,안전운전불이행,건조,맑음,교차로 - 교차로안,승용,여,42세,상해없음,보행자,여,16세,경상
2022102600100470,2022년 10월 26일 18시,수요일,전라남도 무안군 무안읍,중상사고,0,1,0,0,차대차 - 기타,안전운전불이행,건조,맑음,기타 - 기타,승용,여,27세,상해없음,자전거,남,69세,중상