사고번호,사고일시,요일,시군구,사고내용,사망자수,중상자수,경상자수,부상신고자수,사고유형,법규위반,노면상태,기상상태,도로형태,가해운전자 차종,가해운전자 성별,가해운전자 연령,가해운전자 상해정도,피해운전자 차종,피해운전자 성별,피해운전자 연령,피해운전자 상해정도
2022103100100168,2022년 10월 31일 10시,월요일,전라남도 강진군 강진읍,중상사고,0,1,3,0,차대차 - 측면충돌,직진우회전진행방해,건조,맑음,교차로 - 교차로안,화물,남,54세,경상,승용,여,60세,경상
2022103100100198,2022년 10월 31일 11시,월요일,전라남도 목포시 무안동,경상사고,0,0,1,0,차대사람 - 기타,안전운전불이행,건조,맑음,교차로 - 교차로안,승용,남,37세,상해없음,보행자,여,60세,경상
2022103100100199,2022년 10월 31일 11시,월요일,전라남도 나주시 봉황면,부상신고사고,0,0,0,1,차대사람 - 기타,안전운전불이행,건조,맑음,단일로 - 기타,화물,남,40세,상해없음,보행자,남,84세,부상신고
2022103100100200,2022년 10월 31일 11시,월요일,전라남도 강진군 성전면,경상사고,0,0,2,0,차대차 - 정면충돌,중앙선침범,건조,맑음,교차로 - 교차로부근,건설기계,남,61세,상해없음,승용,남,32세,경상
2022103100100269,2022년 10월 31일 13시,월요일,전라남도 보성군 득량면,중상사고,0,2,0,0,차대차 - 정면충돌,중앙선침범,건조,맑음,단일로 - 기타,승용,남,73세,중상,승용,남,24세,중상
2022103100100270,2022년 10월 31일 13시,월요일,전라남도 강진군 마량면,경상사고,0,0,1,0,차대차 - 후진중충돌,안전운전불이행,건조,맑음,기타 - 기타,승용,여,46세,상해없음,승용,여,64세,경상
2022103100100271,2022년 10월 31일 13시,월요일,전라남도 담양군 담양읍,중상사고,0,1,0,0,차대사람 - 횡단중,보행자보호의무위반,건조,맑음,기타 - 기타,화물,남,58세,상해없음,보행자,여,66세,중상
2022103100100302,2022년 10월 31일 14시,월요일,전라남도 목포시 용당동,경상사고,0,0,1,0,차대사람 - 기타,안전운전불이행,건조,맑음,기타 - 기타,화물,남,32세,상해없음,보행자,남,62세,경상
2022103100100303,2022년 10월 31일 14시,월요일,전라남도 완도군 완도읍,중상사고,0,1,0,0,차대사람 - 기타,안전운전불이행,건조,맑음,단일로 - 기타,화물,남,27세,기타불명,보행자,여,77세,중상
2022103100100347,2022년 10월 31일 15시,월요일,전라남도 목포시 용해동,경상사고,0,0,2,0,차대차 - 측면충돌,신호위반,건조,맑음,교차로 - 교차로안,승용,여,53세,경상,승용,남,52세,경상
2022103100100348,2022년 10월 31일 15시,월요일,전라남도 여수시 돌산읍,중상사고,0,1,0,0,차대사람 - 기타,안전운전불이행,건조,맑음,교차로 - 교차로부근,승용,여,39세,상해없음,보행자,남,87세,중상
2022103100100349,2022년 10월 31일 15시,월요일,전라남도 순천시 연향동,경상사고,0,0,1,0,차대차 - 기타,안전운전불이행,건조,맑음,교차로 - 교차로부근,승용,여,38세,상해없음,이륜,남,47세,경상
2022103100100350,2022년 10월 31일 15시,월요일,전라남도 화순군 화순읍,경상사고,0,0,1,0,차대차 - 추돌,기타,건조,맑음,단일로 - 기타,화물,여,56세,상해없음,승용,여,48세,경상
2022103100100351,2022년 10월 31일 15시,월요일,전라남도 무안군 현경면,경상사고,0,0,2,0,차대차 - 정면충돌,중앙선침범,건조,맑음,단일로 - 기타,화물,남,64세,상해없음,승용,여,23세,경상
2022103100100390,2022년 10월 31일 16시,월요일,전라남도 순천시 별량면,경상사고,0,0,3,0,차대차 - 추돌,안전거리미확보,건조,맑음,교차로 - 교차로부근,화물,남,50세,상해없음,승용,여,55세,경상
2022103100100481,2022년 10월 31일 18시,월요일,전라남도 여수시 여서동,경상사고,0,0,1,0,차대차 - 추돌,안전운전불이행,건조,맑음,단일로 - 기타,승용,남,57세,상해없음,승용,여,28세,경상
2022103100100482,2022년 10월 31일 18시,월요일,전라남도 함평군 함평읍,경상사고,0,0,2,0,차대차 - 추돌,안전운전불이행,건조,맑음,단일로 - 기타,승용,여,31세,상해없음,승용,여,49세,경상
2022103100100483,2022년 10월 31일 18시,월요일,전라남도 함평군 함평읍,부상신고사고,0,0,0,1,차대차 - 측면충돌,중앙선침범,건조,맑음,단일로 - 기타,이륜,남,66세,부상신고,승용,여,48세,상해없음
2022103100100580,2022년 10월 31일 21시,월요일,전라남도 해남군 해남읍,경상사고,0,0,3,0,차대차 - 추돌,안전운전불이행,건조,맑음,단일로 - 기타,화물,남,64세,상해없음,승용,남,53세,경상
2022103100100617,2022년 10월 31일 23시,월요일,전라남도 무안군 삼향읍,경상사고,0,0,2,0,차대차 - 기타,안전운전불이행,건조,맑음,주차장 - 주차장,승용,남,41세,상해없음,승용,남,57세,경상
2022110100100040,2022년 11월 1일 05시,화요일,전라남도 목포시 산정동,중상사고,0,1,0,0,차대차 - 정면충돌,중앙선침범,건조,맑음,교차로 - 교차로부근,자전거,남,68세,중상,승용,남,69세,상해없음
2022110100100041,2022년 11월 1일 05시,화요일,전라남도 영암군 삼호읍,경상사고,0,0,2,0,차대차 - 측면충돌,신호위반,건조,맑음,교차로 - 교차로안,승용,여,31세,상해없음,화물,남,69세,경상
2022110100100066,2022년 11월 1일 07시,화요일,전라남도 여수시 화치동,경상사고,0,0,1,0,차대차 - 추돌,안전운전불이행,건조,맑음,단일로 - 기타,승용,남,61세,기타불명,승용,남,37세,경상
2022110100100100,2022년 11월 1일 08시,화요일,전라남도 순천시 홍내동,경상사고,0,0,1,0,차대차 - 기타,안전운전불이행,건조,맑음,교차로 - 교차로안,승용,여,63세,상해없음,승용,남,62세,경상
2022110100100130,2022년 11월 1일 09시,화요일,전라남도 순천시 조례동,중상사고,0,1,0,0,차대사람 - 횡단중,안전운전불이행,건조,맑음,단일로 - 기타,승용,여,28세,상해없음,보행자,여,74세,중상
2022110100100131,2022년 11월 1일 09시,화요일,전라남도 순천시 오천동,경상사고,0,0,1,0,차대차 - 추돌,안전운전불이행,건조,맑음,단일로 - 기타,승용,남,39세,상해없음,승용,남,34세,경상
2022110100100132,2022년 11월 1일 09시,화요일,전라남도 화순군 화순읍,경상사고,0,0,2,0,차대차 - 추돌,안전거리미확보,건조,맑음,교차로 - 교차로부근,승용,여,42세,상해없음,승용,남,29세,경상
2022110100100190,2022년 11월 1일 11시,화요일,전라남도 순천시 덕월동,중상사고,0,1,3,0,차대차 - 측면충돌,중앙선침범,건조,맑음,단일로 - 기타,화물,남,79세,경상,화물,남,27세,경상
2022110100100191,2022년 11월 1일 11시,화요일,전라남도 영암군 삼호읍,경상사고,0,0,2,0,차대차 - 측면충돌,직진우회전진행방해,건조,맑음,교차로 - 교차로안,승용,여,43세,경상,승용,여,30세,경상
2022110100100223,2022년 11월 1일 12시,화요일,전라남도 목포시 호남동,중상사고,0,1,0,0,차대사람 - 차도통행중,안전운전불이행,건조,맑음,단일로 - 기타,승용,남,46세,상해없음,보행자,남,63세,중상
2022110100100259,2022년 11월 1일 13시,화요일,전라남도 여수시 덕충동,경상사고,0,0,2,0,차대차 - 정면충돌,안전운전불이행,건조,맑음,교차로 - 교차로부근,이륜,남,25세,경상,승용,남,53세,경상
2022110100100260,2022년 11월 1일 13시,화요일,전라남도 장성군 북이면,경상사고,0,0,3,0,차대차 - 기타,안전운전불이행,건조,맑음,단일로 - 기타,승용,여,40세,경상,승용,남,53세,경상
2022110100100293,2022년 11월 1일 14시,화요일,전라남도 목포시 상동,경상사고,0,0,4,0,차대차 - 측면충돌,안전운전불이행,건조,맑음,교차로 - 교차로안,이륜,남,33세,경상,승용,여,47세,경상
2022110100100294,2022년 11월 1일 14시,화요일,전라남도 여수시 돌산읍,경상사고,0,0,1,0,차대차 - 측면충돌,안전운전불이행,건조,맑음,교차로 - 교차로안,승합,남,73세,상해없음,승용,남,46세,경상
2022110100100295,2022년 11월 1일 14시,화요일,전라남도 영암군 군서면,경상사고,0,0,1,0,차대차 - 측면충돌,중앙선침범,건조,맑음,단일로 - 기타,화물,남,54세,상해없음,승용,여,44세,경상
2022110100100329,2022년 11월 1일 15시,화요일,전라남도 목포시 상동,경상사고,0,0,1,0,차대차 - 정면충돌,안전운전불이행,건조,맑음,교차로 - 교차로안,승용,남,65세,경상,승합,남,33세,기타불명
2022110100100330,2022년 11월 1일 15시,화요일,전라남도 순천시 승주읍,사망사고,1,0,0,0,차대사람 - 기타,안전운전불이행,건조,맑음,교차로 - 교차로부근,화물,남,70세,상해없음,보행자,남,56세,사망
2022110100100331,2022년 11월 1일 15시,화요일,전라남도 영암군 영암읍,경상사고,0,0,1,0,차대차 - 측면충돌,안전운전불이행,건조,맑음,단일로 - 기타,농기계,남,79세,경상,화물,남,53세,상해없음
2022110100100332,2022년 11월 1일 15시,화요일,전라남도 장성군 서삼면,중상사고,0,2,1,0,차대차 - 추돌,안전운전불이행,건조,맑음,기타 - 기타,화물,남,55세,기타불명,승용,남,78세,중상
2022110100100376,2022년 11월 1일 16시,화요일,전라남도 목포시 산정동,중상사고,0,1,1,1,차대차 - 추돌,안전운전불이행,건조,맑음,기타 - 기타,승용,여,56세,부상신고,승용,여,61세,중상
2022110100100377,2022년 11월 1일 16시,화요일,전라남도 강진군 칠량면,경상사고,0,0,2,0,차대차 - 정면충돌,중앙선침범,건조,맑음,단일로 - 기타,승용,남,31세,상해없음,화물,남,56세,경상
2022110100100423,2022년 11월 1일 17시,화요일,전라남도 여수시 학동,경상사고,0,0,1,0,차대차 - 기타,안전운전불이행,건조,맑음,단일로 - 기타,승용,남,63세,기타불명,승용,남,34세,경상
2022110100100424,2022년 11월 1일 17시,화요일,전라남도 함평군 함평읍,경상사고,0,0,2,1,차대차 - 추돌,안전운전불이행,건조,맑음,단일로 - 기타,승용,남,51세,상해없음,승용,남,65세,상해없음
2022110100100479,2022년 11월 1일 18시,화요일,전라남도 여수시 웅천동,중상사고,0,1,1,0,차대차 - 측면충돌,안전운전불이행,건조,맑음,단일로 - 기타,자전거,남,11세,중상,승용,여,31세,경상
2022110100100480,2022년 11월 1일 18시,화요일,전라남도 나주시 빛가람동,경상사고,0,0,1,0,차대차 - 측면충돌,직진우회전진행방해,건조,맑음,교차로 - 교차로부근,승용,남,30세,상해없음,승용,남,28세,경상
2022110100100481,2022년 11월 1일 18시,화요일,전라남도 영암군 서호면,사망사고,1,0,0,0,차대차 - 추돌,안전운전불이행,건조,맑음,단일로 - 기타,승용,남,26세,상해없음,원동기,남,82세,사망
2022110100100482,2022년 11월 1일 18시,화요일,전라남도 강진군 군동면,중상사고,0,1,0,0,차대차 - 추돌,안전운전불이행,건조,맑음,단일로 - 기타,승용,여,49세,중상,승용,남,66세,기타불명
2022110100100483,2022년 11월 1일 18시,화요일,전라남도 광양시 마동,중상사고,0,1,0,0,차대차 - 추돌,안전거리미확보,건조,맑음,교차로 - 교차로부근,승용,여,53세,상해없음,이륜,남,37세,중상
2022110100100538,2022년 11월 1일 19시,화요일,전라남도 목포시 상동,중상사고,0,1,1,0,차대차 - 측면충돌,안전운전불이행,건조,맑음,교차로 - 교차로부근,이륜,남,23세,중상,승용,남,42세,경상
2022110100100588,2022년 11월 1일 21시,화요일,전라남도 여수시 오림동,경상사고,0,0,1,0,차대차 - 기타,안전거리미확보,건조,맑음,단일로 - 기타,승용,남,29세,상해없음,승용,남,52세,상해없음
2022110200100003,2022년 11월 2일 00시,수요일,전라남도 여수시 봉산동,경상사고,0,0,3,0,차대차 - 측면충돌,교차로운행방법위반,건조,맑음,교차로 - 교차로안,승용,남,67세,상해없음,승용,남,67세,경상
2022110200100055,2022년 11월 2일 06시,수요일,전라남도 나주시 남평읍,중상사고,0,1,0,0,차대차 - 측면충돌,안전운전불이행,젖음/습기,안개,교차로 - 교차로안,승용,여,59세,상해없음,화물,남,57세,중상
2022110200100074,2022년 11월 2일 07시,수요일,전라남도 여수시 중앙동,경상사고,0,0,1,0,차대사람 - 기타,안전운전불이행,젖음/습기,맑음,단일로 - 기타,화물,남,60세,상해없음,보행자,여,77세,경상
2022110200100107,2022년 11월 2일 08시,수요일,전라남도 여수시 율촌면,중상사고,0,1,0,0,차대사람 - 보도통행중,안전운전불이행,건조,맑음,기타 - 기타,화물,남,31세,상해없음,보행자,여,83세,중상
2022110200100108,2022년 11월 2일 08시,수요일,전라남도 순천시 서면,중상사고,0,1,1,0,차대차 - 추돌,안전운전불이행,건조,맑음,단일로 - 기타,화물,남,31세,상해없음,승용,남,40세,중상
2022110200100109,2022년 11월 2일 08시,수요일,전라남도 순천시 서면,경상사고,0,0,2,0,차대차 - 추돌,안전운전불이행,건조,맑음,단일로 - 기타,승용,남,26세,상해없음,승용,여,28세,경상
2022110200100110,2022년 11월 2일 08시,수요일,전라남도 나주시 남평읍,경상사고,0,0,2,0,차대차 - 측면충돌,직진우회전진행방해,젖음/습기,안개,교차로 - 교차로안,승용,여,22세,경상,승용,남,60세,경상
2022110200100111,2022년 11월 2일 08시,수요일,전라남도 함평군 대동면,경상사고,0,0,1,0,차대차 - 측면충돌,안전거리미확보,기타,안개,단일로 - 기타,화물,남,61세,상해없음,승용,여,24세,경상
2022110200100112,2022년 11월 2일 08시,수요일,전라남도 영암군 삼호읍,경상사고,0,0,1,0,차대차 - 측면충돌,직진우회전진행방해,건조,맑음,교차로 - 교차로안,승용,여,23세,상해없음,화물,남,45세,경상
2022110200100113,2022년 11월 2일 08시,수요일,전라남도 영암군 서호면,경상사고,0,0,1,0,차대차 - 측면충돌,중앙선침범,젖음/습기,안개,단일로 - 기타,농기계,남,76세,경상,화물,남,56세,상해없음
2022110200100114,2022년 11월 2일 08시,수요일,전라남도 강진군 강진읍,경상사고,0,0,1,0,차대사람 - 차도통행중,안전운전불이행,건조,맑음,단일로 - 기타,승용,여,41세,상해없음,보행자,여,16세,경상
2022110200100158,2022년 11월 2일 09시,수요일,전라남도 진도군 진도읍,경상사고,0,0,1,0,차대차 - 측면충돌,교차로운행방법위반,건조,맑음,교차로 - 교차로안,자전거,여,69세,경상,승용,여,24세,상해없음
2022110200100159,2022년 11월 2일 09시,수요일,전라남도 광양시 광영동,경상사고,0,0,1,0,차대차 - 추돌,안전거리미확보,건조,맑음,교차로 - 교차로부근,특수,남,58세,경상,건설기계,남,69세,상해없음
2022110200100193,2022년 11월 2일 10시,수요일,전라남도 함평군 월야면,중상사고,0,1,0,0,차대차 - 추돌,안전운전불이행,건조,맑음,단일로 - 기타,승용,남,77세,상해없음,화물,남,39세,중상
2022110200100218,2022년 11월 2일 11시,수요일,전라남도 목포시 항동,경상사고,0,0,1,0,차대차 - 측면충돌,안전운전불이행,건조,맑음,교차로 - 교차로부근,승용,남,64세,상해없음,승용,남,55세,경상
2022110200100243,2022년 11월 2일 12시,수요일,전라남도 순천시 월등면,경상사고,0,0,1,0,차대차 - 기타,안전운전불이행,건조,맑음,단일로 - 기타,화물,남,56세,상해없음,승용,남,57세,상해없음
2022110200100266,2022년 11월 2일 13시,수요일,전라남도 목포시 옥암동,경상사고,0,0,3,0,차대차 - 측면충돌,직진우회전진행방해,건조,맑음,교차로 - 교차로안,승용,남,18세,경상,승용,남,38세,경상
2022110200100267,2022년 11월 2일 13시,수요일,전라남도 담양군 대전면,경상사고,0,0,1,0,차대차 - 측면충돌,안전거리미확보,건조,맑음,단일로 - 기타,화물,남,41세,상해없음,승용,여,34세,경상
2022110200100306,2022년 11월 2일 14시,수요일,전라남도 담양군 대전면,경상사고,0,0,1,0,차대차 - 정면충돌,안전운전불이행,건조,맑음,단일로 - 기타,승용,여,50세,기타불명,승용,여,52세,경상
2022110200100307,2022년 11월 2일 14시,수요일,전라남도 완도군 고금면,부상신고사고,0,0,0,1,차대차 - 정면충돌,안전운전불이행,건조,맑음,기타 - 기타,화물,남,23세,상해없음,화물,남,44세,부상신고
2022110200100383,2022년 11월 2일 16시,수요일,전라남도 목포시 상동,경상사고,0,0,1,0,차대차 - 측면충돌,안전운전불이행,건조,맑음,단일로 - 기타,승용,남,68세,상해없음,승용,여,53세,경상
2022110200100384,2022년 11월 2일 16시,수요일,전라남도 여수시 안산동,경상사고,0,0,3,0,차대차 - 기타,안전운전불이행,건조,맑음,단일로 - 기타,승용,남,67세,상해없음,승용,남,23세,경상
2022110200100385,2022년 11월 2일 16시,수요일,전라남도 여수시 화양면,중상사고,0,1,0,0,차대차 - 측면충돌,안전거리미확보,건조,맑음,단일로 - 기타,승용,여,57세,상해없음,승합,여,49세,중상
2022110200100431,2022년 11월 2일 17시,수요일,전라남도 목포시 용해동,중상사고,0,1,1,0,차대차 - 기타,중앙선침범,건조,맑음,교차로 - 교차로부근,승용,남,49세,경상,이륜,남,28세,중상
2022110200100432,2022년 11월 2일 17시,수요일,전라남도 장성군 동화면,중상사고,0,1,1,0,차량단독 - 도로외이탈 - 기타,안전운전불이행,건조,맑음,교차로 - 교차로안,화물,남,63세,경상,,,,
2022110200100471,2022년 11월 2일 18시,수요일,전라남도 순천시 조곡동,경상사고,0,0,1,0,차대사람 - 기타,안전운전불이행,건조,맑음,교차로 - 교차로안,승용,남,54세,상해없음,보행자,남,56세,경상
2022110200100472,2022년 11월 2일 18시,수요일,전라남도 장흥군 관산읍,경상사고,0,0,1,0,차대차 - 추돌,안전운전불이행,건조,맑음,단일로 - 기타,승용,남,74세,상해없음,농기계,남,48세,경상
2022110200100473,2022년 11월 2일 18시,수요일,전라남도 영암군 삼호읍,경상사고,0,0,1,0,차대차 - 측면충돌,교차로운행방법위반,건조,맑음,교차로 - 교차로안,승용,여,27세,기타불명,승용,남,44세,경상
2022110200100474,2022년 11월 2일 18시,수요일,전라남도 장성군 동화면,경상사고,0,0,1,0,차대차 - 측면충돌,안전운전불이행,건조,맑음,교차로 - 교차로안,승용,남,46세,상해없음,화물,남,52세,경상
2022110200100537,2022년 11월 2일 19시,수요일,전라남도 여수시 문수동,경상사고,0,0,1,0,차대차 - 기타,신호위반,건조,맑음,교차로 - 교차로안,승용,여,41세,상해없음,승용,남,38세,경상
2022110200100538,2022년 11월 2일 19시,수요일,전라남도 순천시 황전면,경상사고,0,0,1,0,차대차 - 기타,안전거리미확보,건조,맑음,단일로 - 교량,화물,남,64세,상해없음,승용,남,37세,경상
2022110200100561,2022년 11월 2일 20시,수요일,전라남도 여수시 여서동,경상사고,0,0,1,0,차대차 - 정면충돌,안전운전불이행,건조,맑음,교차로 - 교차로부근,승용,여,30세,상해없음,승용,남,46세,경상
2022110300100032,2022년 11월 3일 05시,목요일,전라남도 화순군 화순읍,경상사고,0,0,1,0,차대차 - 기타,안전운전불이행,건조,맑음,기타 - 기타,승용,남,71세,상해없음,화물,남,68세,기타불명
2022110300100068,2022년 11월 3일 07시,목요일,전라남도 목포시 옥암동,경상사고,0,0,1,0,차대차 - 측면충돌,안전운전불이행,건조,맑음,교차로 - 교차로안,승용,남,48세,상해없음,승합,남,29세,경상
2022110300100069,2022년 11월 3일 07시,목요일,전라남도 여수시 해산동,경상사고,0,0,1,0,차대차 - 추돌,안전운전불이행,건조,맑음,단일로 - 기타,승용,남,66세,상해없음,승용,남,33세,경상
2022110300100100,2022년 11월 3일 08시,목요일,전라남도 목포시 상동,경상사고,0,0,1,0,차대차 - 기타,차로위반,건조,맑음,단일로 - 기타,승용,남,79세,상해없음,승용,남,54세,경상
2022110300100101,2022년 11월 3일 08시,목요일,전라남도 영암군 삼호읍,경상사고,0,0,1,0,차대차 - 정면충돌,안전운전불이행,건조,맑음,단일로 - 기타,승용,여,29세,기타불명,승용,여,54세,경상
2022110300100135,2022년 11월 3일 09시,목요일,전라남도 여수시 학동,경상사고,0,0,4,0,차대차 - 측면충돌,안전운전불이행,건조,맑음,교차로 - 교차로부근,화물,남,27세,기타불명,승용,여,41세,경상
2022110300100136,2022년 11월 3일 09시,목요일,전라남도 영암군 삼호읍,경상사고,0,0,2,0,차대차 - 측면충돌,안전거리미확보,건조,맑음,단일로 - 기타,건설기계,남,42세,상해없음,승용,여,45세,경상
2022110300100161,2022년 11월 3일 10시,목요일,전라남도 진도군 군내면,중상사고,0,1,0,0,차대차 - 측면충돌,교차로운행방법위반,건조,맑음,교차로 - 교차로안,승합,남,58세,상해없음,이륜,남,36세,중상
2022110300100194,2022년 11월 3일 11시,목요일,전라남도 순천시 별량면,경상사고,0,0,2,0,차대차 - 측면충돌,안전운전불이행,건조,맑음,단일로 - 기타,승용,여,70세,경상,승용,남,67세,경상
2022110300100195,2022년 11월 3일 11시,목요일,전라남도 순천시 해룡면,경상사고,0,0,1,0,차대차 - 추돌,안전거리미확보,건조,맑음,단일로 - 기타,승용,여,56세,상해없음,승용,남,33세,경상
2022110300100196,2022년 11월 3일 11시,목요일,전라남도 보성군 미력면,경상사고,0,0,2,0,차대차 - 정면충돌,중앙선침범,건조,맑음,단일로 - 기타,승용,여,42세,경상,건설기계,남,47세,경상
2022110300100228,2022년 11월 3일 12시,목요일,전라남도 목포시 상동,경상사고,0,0,4,1,차대차 - 기타,중앙선침범,건조,맑음,단일로 - 기타,승용,남,78세,상해없음,승용,남,35세,경상
2022110300100229,2022년 11월 3일 12시,목요일,전라남도 목포시 용해동,경상사고,0,0,1,0,차대차 - 후진중충돌,안전운전불이행,건조,맑음,단일로 - 기타,승용,남,41세,상해없음,이륜,여,59세,경상
2022110300100230,2022년 11월 3일 12시,목요일,전라남도 순천시 승주읍,경상사고,0,0,1,0,차대차 - 기타,직진우회전진행방해,건조,맑음,교차로 - 교차로안,화물,남,72세,상해없음,승합,남,60세,상해없음
2022110300100290,2022년 11월 3일 14시,목요일,전라남도 목포시 옥암동,경상사고,0,0,1,0,차대차 - 추돌,안전운전불이행,건조,맑음,단일로 - 기타,승용,여,39세,상해없음,승합,여,56세,경상
2022110300100291,2022년 11월 3일 14시,목요일,전라남도 영광군 군남면,경상사고,0,0,1,0,차대차 - 측면충돌,직진우회전진행방해,건조,맑음,교차로 - 교차로안,화물,남,68세,상해없음,승용,남,79세,경상
2022110300100323,2022년 11월 3일 15시,목요일,전라남도 목포시 석현동,경상사고,0,0,2,0,차대차 - 측면충돌,안전운전불이행,건조,맑음,단일로 - 기타,승용,남,51세,경상,승용,여,46세,경상
2022110300100324,2022년 11월 3일 15시,목요일,전라남도 함평군 함평읍,경상사고,0,0,1,1,차대차 - 측면충돌,직진우회전진행방해,건조,맑음,교차로 - 교차로안,승용,여,63세,부상신고,특수,남,27세,경상
2022110300100326,2022년 11월 3일 15시,목요일,전라남도 구례군 산동면,경상사고,0,0,1,0,차대차 - 정면충돌,안전운전불이행,건조,맑음,단일로 - 기타,화물,여,52세,상해없음,승용,남,47세,경상
2022110300100355,2022년 11월 3일 16시,목요일,전라남도 영암군 삼호읍,경상사고,0,0,1,0,차대차 - 측면충돌,안전운전불이행,건조,맑음,교차로 - 교차로부근,승용,남,36세,상해없음,승용,여,51세,경상
2022110300100394,2022년 11월 3일 17시,목요일,전라남도 해남군 해남읍,부상신고사고,0,0,0,1,차대차 - 측면충돌,교차로운행방법위반,건조,맑음,교차로 - 교차로안,승용,여,62세,기타불명,이륜,남,16세,부상신고
2022110300100395,2022년 11월 3일 17시,목요일,전라남도 광양시 광양읍,경상사고,0,0,1,0,차대차 - 측면충돌,안전운전불이행,건조,맑음,교차로 - 교차로부근,기타불명,기타불명,미분류,기타불명,승용,여,46세,경상
2022110300100440,2022년 11월 3일 18시,목요일,전라남도 목포시 달동,경상사고,0,0,1,0,차대차 - 측면충돌,안전운전불이행,건조,맑음,교차로 - 교차로안,승용,남,84세,상해없음,승용,남,32세,경상
2022110300100441,2022년 11월 3일 18시,목요일,전라남도 순천시 별량면,중상사고,0,1,0,0,차대차 - 측면충돌,안전거리미확보,건조,맑음,단일로 - 기타,승용,남,76세,상해없음,농기계,남,37세,상해없음
2022110300100442,2022년 11월 3일 18시,목요일,전라남도 나주시 성북동,중상사고,0,1,1,0,차대차 - 측면충돌,안전운전불이행,건조,맑음,단일로 - 기타,이륜,남,21세,중상,승용,여,48세,경상
2022110300100443,2022년 11월 3일 18시,목요일,전라남도 해남군 화원면,사망사고,1,0,0,0,차대차 - 측면충돌,교차로운행방법위반,건조,맑음,교차로 - 교차로안,승용,남,59세,기타불명,화물,남,66세,사망
2022110300100489,2022년 11월 3일 19시,목요일,전라남도 구례군 산동면,경상사고,0,0,1,0,차대차 - 측면충돌,직진우회전진행방해,건조,기타,교차로 - 교차로안,승용,남,58세,상해없음,승용,남,56세,상해없음
2022110300100541,2022년 11월 3일 21시,목요일,전라남도 나주시 금천면,경상사고,0,0,2,0,차대차 - 추돌,안전운전불이행,건조,맑음,교차로 - 교차로부근,승용,남,38세,상해없음,승용,여,25세,경상
2022110400100029,2022년 11월 4일 04시,금요일,전라남도 순천시 조례동,경상사고,0,0,1,0,차대차 - 측면충돌,안전운전불이행,건조,맑음,단일로 - 기타,승용,남,33세,상해없음,이륜,남,21세,경상
2022110400100036,2022년 11월 4일 05시,금요일,전라남도 목포시 죽교동,경상사고,0,0,1,0,차대차 - 기타,안전운전불이행,건조,맑음,단일로 - 기타,승용,남,52세,상해없음,승용,남,41세,경상
2022110400100047,2022년 11월 4일 06시,금요일,전라남도 나주시 공산면,중상사고,0,1,0,0,차대차 - 기타,안전운전불이행,건조,맑음,교차로 - 교차로부근,승용,여,65세,상해없음,자전거,여,46세,중상
2022110400100064,2022년 11월 4일 07시,금요일,전라남도 여수시 봉계동,경상사고,0,0,1,0,차대차 - 측면충돌,차로위반,건조,맑음,교차로 - 교차로부근,승합,남,61세,상해없음,승용,여,64세,경상
2022110400100065,2022년 11월 4일 07시,금요일,전라남도 순천시 풍덕동,경상사고,0,0,1,0,차대차 - 측면충돌,안전운전불이행,건조,맑음,교차로 - 교차로안,승용,남,52세,상해없음,승용,남,49세,경상
2022110400100108,2022년 11월 4일 08시,금요일,전라남도 목포시 산정동,중상사고,0,1,0,0,차대차 - 기타,안전운전불이행,건조,맑음,단일로 - 기타,이륜,남,65세,중상,화물,남,63세,상해없음
2022110400100109,2022년 11월 4일 08시,금요일,전라남도 순천시 조례동,경상사고,0,0,1,0,차대사람 - 기타,안전운전불이행,건조,맑음,단일로 - 기타,개인형이동수단(PM),남,27세,상해없음,보행자,여,49세,경상
2022110400100110,2022년 11월 4일 08시,금요일,전라남도 나주시 봉황면,중상사고,0,1,0,0,차대차 - 측면충돌,신호위반,건조,맑음,교차로 - 교차로안,건설기계,남,46세,상해없음,사륜오토바이(ATV),여,54세,중상
2022110400100111,2022년 11월 4일 08시,금요일,전라남도 담양군 담양읍,중상사고,0,1,0,0,차대차 - 추돌,중앙선침범,건조,맑음,교차로 - 교차로안,자전거,여,72세,중상,승용,남,36세,상해없음
2022110400100112,2022년 11월 4일 08시,금요일,전라남도 광양시 광양읍,중상사고,0,1,1,0,차대차 - 측면충돌,신호위반,건조,맑음,교차로 - 교차로안,화물,남,68세,중상,승합,남,58세,경상
2022110400100165,2022년 11월 4일 09시,금요일,전라남도 영암군 영암읍,중상사고,0,1,1,0,차대차 - 추돌,안전운전불이행,건조,맑음,교차로 - 교차로부근,승용,남,53세,경상,승용,여,61세,중상
2022110400100205,2022년 11월 4일 10시,금요일,전라남도 목포시 상동,경상사고,0,0,1,0,차대사람 - 횡단중,보행자보호의무위반,건조,맑음,교차로 - 교차로횡단보도내,승용,여,60세,상해없음,보행자,여,75세,경상
2022110400100206,2022년 11월 4일 10시,금요일,전라남도 장흥군 장흥읍,경상사고,0,0,1,0,차대차 - 기타,중앙선침범,건조,맑음,교차로 - 교차로안,자전거,남,72세,경상,승용,남,36세,상해없음