사고번호,사고일시,요일,시군구,사고내용,사망자수,중상자수,경상자수,부상신고자수,사고유형,법규위반,노면상태,기상상태,도로형태,가해운전자 차종,가해운전자 성별,가해운전자 연령,가해운전자 상해정도,피해운전자 차종,피해운전자 성별,피해운전자 연령,피해운전자 상해정도
2022110400100207,2022년 11월 4일 10시,금요일,전라남도 보성군 득량면,경상사고,0,0,2,0,차대차 - 측면충돌,신호위반,건조,맑음,교차로 - 교차로안,승용,남,69세,상해없음,화물,남,57세,경상
2022110400100208,2022년 11월 4일 10시,금요일,전라남도 강진군 마량면,부상신고사고,0,0,0,1,차대차 - 측면충돌,안전운전불이행,건조,맑음,교차로 - 교차로안,원동기,여,63세,부상신고,승용,남,52세,상해없음
2022110400100246,2022년 11월 4일 11시,금요일,전라남도 여수시 신기동,경상사고,0,0,1,0,차대차 - 측면충돌,안전운전불이행,건조,맑음,단일로 - 기타,승용,여,34세,상해없음,승용,남,71세,경상
2022110400100247,2022년 11월 4일 11시,금요일,전라남도 순천시 연향동,경상사고,0,0,1,0,차대차 - 기타,안전운전불이행,건조,맑음,교차로 - 교차로안,승용,남,70세,상해없음,승용,남,66세,경상
2022110400100248,2022년 11월 4일 11시,금요일,전라남도 해남군 옥천면,부상신고사고,0,0,0,1,차대차 - 정면충돌,안전운전불이행,건조,맑음,기타 - 기타,화물,남,44세,상해없음,원동기,남,76세,부상신고
2022110400100283,2022년 11월 4일 12시,금요일,전라남도 여수시 덕충동,경상사고,0,0,1,0,차대차 - 추돌,안전운전불이행,건조,맑음,교차로 - 교차로부근,승용,여,40세,상해없음,승용,남,38세,경상
2022110400100323,2022년 11월 4일 13시,금요일,전라남도 보성군 득량면,경상사고,0,0,2,0,차대차 - 측면충돌,불법유턴,건조,맑음,단일로 - 기타,승용,여,72세,경상,화물,남,50세,경상
2022110400100324,2022년 11월 4일 13시,금요일,전라남도 장성군 진원면,경상사고,0,0,1,0,차대차 - 정면충돌,신호위반,건조,맑음,교차로 - 교차로안,화물,남,59세,상해없음,화물,남,60세,경상
2022110400100325,2022년 11월 4일 13시,금요일,전라남도 담양군 대덕면,부상신고사고,0,0,0,1,차량단독 - 기타,안전운전불이행,건조,맑음,단일로 - 기타,이륜,남,78세,부상신고,,,,
2022110400100326,2022년 11월 4일 13시,금요일,전라남도 광양시 광양읍,경상사고,0,0,1,0,차대차 - 기타,교차로운행방법위반,건조,맑음,교차로 - 교차로안,승용,남,37세,상해없음,승용,여,45세,경상
2022110400100366,2022년 11월 4일 14시,금요일,전라남도 강진군 강진읍,중상사고,0,1,0,0,차대사람 - 기타,안전운전불이행,건조,맑음,단일로 - 기타,화물,남,80세,상해없음,보행자,남,71세,중상
2022110400100409,2022년 11월 4일 15시,금요일,전라남도 목포시 산정동,경상사고,0,0,1,0,차대차 - 측면충돌,안전거리미확보,건조,맑음,교차로 - 교차로안,건설기계,남,52세,상해없음,화물,남,66세,경상
2022110400100410,2022년 11월 4일 15시,금요일,전라남도 담양군 금성면,경상사고,0,0,1,0,차대차 - 측면충돌,안전운전불이행,건조,맑음,교차로 - 교차로안,이륜,남,82세,경상,화물,남,55세,상해없음
2022110400100453,2022년 11월 4일 16시,금요일,전라남도 여수시 웅천동,경상사고,0,0,1,0,차대차 - 측면충돌,교차로운행방법위반,건조,맑음,교차로 - 교차로부근,승용,남,74세,상해없음,승용,남,39세,경상
2022110400100454,2022년 11월 4일 16시,금요일,전라남도 순천시 서면,경상사고,0,0,1,0,차대차 - 기타,안전거리미확보,건조,맑음,교차로 - 교차로안,화물,남,34세,상해없음,이륜,남,27세,경상
2022110400100510,2022년 11월 4일 17시,금요일,전라남도 장성군 남면,경상사고,0,0,3,0,차대차 - 정면충돌,안전운전불이행,건조,맑음,교차로 - 교차로부근,승용,여,44세,경상,승용,남,50세,경상
2022110400100586,2022년 11월 4일 18시,금요일,전라남도 목포시 상동,경상사고,0,0,1,0,차대차 - 측면충돌,신호위반,건조,맑음,교차로 - 교차로안,승용,남,38세,상해없음,승용,남,43세,경상
2022110400100587,2022년 11월 4일 18시,금요일,전라남도 광양시 광양읍,중상사고,0,1,0,0,차대차 - 기타,안전운전불이행,건조,맑음,교차로 - 교차로안,승합,남,63세,상해없음,이륜,남,33세,중상
2022110400100588,2022년 11월 4일 18시,금요일,전라남도 광양시 중동,경상사고,0,0,1,0,차대차 - 측면충돌,신호위반,건조,맑음,교차로 - 교차로부근,이륜,남,53세,상해없음,승합,남,48세,경상
2022110400100641,2022년 11월 4일 19시,금요일,전라남도 목포시 옥암동,경상사고,0,0,1,0,차대차 - 기타,안전운전불이행,건조,맑음,단일로 - 기타,승합,남,32세,상해없음,승용,여,29세,경상
2022110400100642,2022년 11월 4일 19시,금요일,전라남도 순천시 조례동,중상사고,0,1,0,0,차대차 - 측면충돌,안전운전불이행,건조,맑음,단일로 - 기타,승용,여,65세,상해없음,이륜,남,38세,중상
2022110400100643,2022년 11월 4일 19시,금요일,전라남도 무안군 몽탄면,경상사고,0,0,1,0,차대차 - 측면충돌,안전거리미확보,건조,맑음,단일로 - 기타,특수,남,49세,상해없음,승용,남,35세,경상
2022110400100685,2022년 11월 4일 20시,금요일,전라남도 순천시 조례동,경상사고,0,0,1,0,차대차 - 기타,안전운전불이행,건조,맑음,기타 - 기타,화물,남,60세,상해없음,이륜,남,29세,경상
2022110400100715,2022년 11월 4일 21시,금요일,전라남도 무안군 삼향읍,경상사고,0,0,1,0,차대차 - 기타,안전운전불이행,건조,맑음,교차로 - 교차로부근,승용,남,18세,상해없음,승용,남,62세,경상
2022110500100024,2022년 11월 5일 01시,토요일,전라남도 광양시 중동,부상신고사고,0,0,0,1,차대사람 - 기타,안전운전불이행,건조,맑음,교차로 - 교차로안,승용,남,37세,상해없음,보행자,남,37세,부상신고
2022110500100038,2022년 11월 5일 04시,토요일,전라남도 나주시 봉황면,부상신고사고,0,0,0,1,차량단독 - 공작물충돌,안전운전불이행,건조,맑음,교차로 - 교차로안,승용,여,36세,부상신고,,,,
2022110500100065,2022년 11월 5일 07시,토요일,전라남도 순천시 해룡면,중상사고,0,1,0,0,차대차 - 기타,안전운전불이행,건조,맑음,단일로 - 기타,승용,남,55세,상해없음,이륜,여,53세,중상
2022110500100088,2022년 11월 5일 08시,토요일,전라남도 장흥군 용산면,중상사고,0,1,3,0,차대차 - 추돌,안전거리미확보,건조,맑음,단일로 - 터널,화물,남,79세,상해없음,승용,남,72세,경상
2022110500100089,2022년 11월 5일 08시,토요일,전라남도 담양군 창평면,중상사고,0,1,0,0,차대사람 - 기타,안전운전불이행,건조,맑음,교차로 - 교차로안,승합,여,56세,상해없음,보행자,여,80세,중상
2022110500100150,2022년 11월 5일 10시,토요일,전라남도 순천시 풍덕동,부상신고사고,0,0,0,1,차대차 - 기타,안전운전불이행,건조,맑음,단일로 - 기타,승용,남,73세,상해없음,승합,남,28세,상해없음
2022110500100182,2022년 11월 5일 11시,토요일,전라남도 여수시 교동,중상사고,0,1,0,0,차대차 - 측면충돌,안전운전불이행,건조,맑음,교차로 - 교차로안,승용,남,66세,상해없음,이륜,남,61세,중상
2022110500100183,2022년 11월 5일 11시,토요일,전라남도 나주시 빛가람동,경상사고,0,0,2,0,차대차 - 측면충돌,교차로운행방법위반,건조,맑음,교차로 - 교차로안,승용,여,59세,경상,승용,남,34세,경상
2022110500100184,2022년 11월 5일 11시,토요일,전라남도 함평군 함평읍,부상신고사고,0,0,0,1,차대차 - 측면충돌,기타,건조,맑음,교차로 - 교차로안,승용,남,43세,상해없음,승용,남,35세,상해없음
2022110500100272,2022년 11월 5일 13시,토요일,전라남도 목포시 상동,경상사고,0,0,1,0,차대차 - 추돌,안전운전불이행,건조,맑음,교차로 - 교차로안,승용,남,31세,기타불명,승용,남,26세,경상
2022110500100273,2022년 11월 5일 13시,토요일,전라남도 함평군 손불면,경상사고,0,0,3,0,차대차 - 측면충돌,안전운전불이행,건조,맑음,단일로 - 기타,농기계,남,61세,상해없음,승용,남,45세,경상
2022110500100328,2022년 11월 5일 14시,토요일,전라남도 보성군 조성면,중상사고,0,1,0,0,차대차 - 정면충돌,중앙선침범,건조,맑음,단일로 - 기타,승용,여,60세,상해없음,이륜,남,53세,중상
2022110500100374,2022년 11월 5일 15시,토요일,전라남도 영암군 신북면,경상사고,0,0,1,0,차대차 - 측면충돌,안전거리미확보,건조,맑음,단일로 - 기타,승용,남,23세,상해없음,승합,남,46세,경상
2022110500100419,2022년 11월 5일 16시,토요일,전라남도 여수시 미평동,경상사고,0,0,1,0,차대차 - 기타,안전거리미확보,건조,맑음,단일로 - 기타,승용,남,62세,상해없음,이륜,남,48세,경상
2022110500100420,2022년 11월 5일 16시,토요일,전라남도 무안군 삼향읍,경상사고,0,0,4,0,차대차 - 기타,안전운전불이행,건조,맑음,교차로 - 교차로안,승용,남,38세,상해없음,승용,남,36세,경상
2022110500100507,2022년 11월 5일 18시,토요일,전라남도 여수시 웅천동,중상사고,0,1,0,0,차대차 - 추돌,안전운전불이행,건조,맑음,교차로 - 교차로부근,이륜,남,16세,중상,승용,여,57세,상해없음
2022110500100509,2022년 11월 5일 18시,토요일,전라남도 해남군 마산면,경상사고,0,0,1,0,차대차 - 측면충돌,교차로운행방법위반,건조,맑음,교차로 - 교차로안,화물,남,51세,상해없음,승용,여,52세,경상
2022110600100007,2022년 11월 6일 00시,일요일,전라남도 목포시 석현동,경상사고,0,0,1,0,차대차 - 측면충돌,안전운전불이행,건조,맑음,단일로 - 기타,승용,남,31세,상해없음,승용,여,30세,경상
2022110600100008,2022년 11월 6일 00시,일요일,전라남도 광양시 광양읍,경상사고,0,0,1,0,차대차 - 추돌,안전운전불이행,건조,맑음,단일로 - 교량,승용,남,48세,기타불명,승용,여,60세,경상
2022110600100133,2022년 11월 6일 10시,일요일,전라남도 목포시 옥암동,중상사고,0,1,0,0,차대차 - 기타,중앙선침범,건조,맑음,단일로 - 기타,승용,남,37세,상해없음,이륜,남,27세,중상
2022110600100186,2022년 11월 6일 12시,일요일,전라남도 무안군 일로읍,중상사고,0,1,0,0,차대사람 - 기타,안전운전불이행,건조,맑음,교차로 - 교차로안,승용,남,65세,상해없음,보행자,여,80세,중상
2022110600100220,2022년 11월 6일 13시,일요일,전라남도 여수시 웅천동,경상사고,0,0,1,0,차대차 - 추돌,안전거리미확보,건조,맑음,교차로 - 교차로부근,승용,여,48세,상해없음,승용,여,59세,경상
2022110600100221,2022년 11월 6일 13시,일요일,전라남도 장흥군 장흥읍,경상사고,0,0,1,0,차대차 - 측면충돌,직진우회전진행방해,건조,맑음,교차로 - 교차로안,승용,여,43세,상해없음,원동기,남,73세,경상
2022110600100222,2022년 11월 6일 13시,일요일,전라남도 영암군 삼호읍,중상사고,0,1,1,0,차대차 - 측면충돌,신호위반,건조,맑음,교차로 - 교차로안,승용,여,44세,중상,승용,여,38세,경상
2022110600100223,2022년 11월 6일 13시,일요일,전라남도 강진군 강진읍,경상사고,0,0,2,0,차대차 - 기타,기타,건조,맑음,교차로 - 교차로안,화물,남,36세,상해없음,승합,남,61세,상해없음
2022110600100268,2022년 11월 6일 14시,일요일,전라남도 목포시 연산동,부상신고사고,0,0,0,1,차대차 - 기타,안전운전불이행,건조,맑음,기타 - 기타,자전거,남,11세,부상신고,승용,남,37세,상해없음
2022110600100269,2022년 11월 6일 14시,일요일,전라남도 신안군 안좌면,경상사고,0,0,5,0,차대차 - 기타,교차로운행방법위반,건조,맑음,교차로 - 교차로안,승합,남,69세,상해없음,승용,남,42세,경상
2022110600100270,2022년 11월 6일 14시,일요일,전라남도 화순군 화순읍,경상사고,0,0,1,1,차대차 - 기타,안전거리미확보,건조,맑음,교차로 - 교차로부근,승용,남,30세,부상신고,승용,남,49세,경상
2022110600100337,2022년 11월 6일 16시,일요일,전라남도 여수시 서교동,경상사고,0,0,1,0,차대차 - 기타,안전운전불이행,건조,맑음,교차로 - 교차로부근,승용,남,71세,상해없음,승용,남,59세,경상
2022110600100338,2022년 11월 6일 16시,일요일,전라남도 순천시 해룡면,경상사고,0,0,1,0,차대차 - 측면충돌,교차로운행방법위반,건조,맑음,교차로 - 교차로부근,승합,남,54세,상해없음,승용,여,46세,경상
2022110600100406,2022년 11월 6일 18시,일요일,전라남도 순천시 연향동,경상사고,0,0,1,0,차대차 - 추돌,안전거리미확보,건조,맑음,교차로 - 교차로부근,승용,남,73세,상해없음,승용,여,59세,경상
2022110600100407,2022년 11월 6일 18시,일요일,전라남도 해남군 해남읍,경상사고,0,0,2,0,차대차 - 추돌,안전운전불이행,건조,맑음,교차로 - 교차로부근,승용,남,63세,기타불명,승용,남,31세,경상
2022110600100408,2022년 11월 6일 18시,일요일,전라남도 담양군 대전면,중상사고,0,1,1,0,차대차 - 기타,교차로운행방법위반,건조,맑음,교차로 - 교차로안,승용,남,65세,상해없음,승용,남,78세,중상
2022110600100448,2022년 11월 6일 19시,일요일,전라남도 목포시 옥암동,부상신고사고,0,0,0,1,차대차 - 정면충돌,안전운전불이행,건조,맑음,기타 - 기타,자전거,남,31세,부상신고,승용,여,53세,상해없음
2022110600100494,2022년 11월 6일 21시,일요일,전라남도 여수시 문수동,경상사고,0,0,4,0,차대차 - 측면충돌,교차로운행방법위반,건조,맑음,교차로 - 교차로안,승용,남,52세,경상,승용,남,44세,상해없음
2022110700100037,2022년 11월 7일 06시,월요일,전라남도 담양군 담양읍,경상사고,0,0,5,0,차대차 - 정면충돌,직진우회전진행방해,건조,맑음,교차로 - 교차로안,승용,여,28세,경상,승용,남,63세,경상
2022110700100038,2022년 11월 7일 06시,월요일,전라남도 광양시 광양읍,경상사고,0,0,3,0,차대차 - 추돌,안전거리미확보,건조,맑음,단일로 - 기타,화물,남,47세,경상,승용,여,48세,경상
2022110700100061,2022년 11월 7일 07시,월요일,전라남도 목포시 석현동,중상사고,0,1,1,0,차대차 - 측면충돌,안전운전불이행,건조,맑음,교차로 - 교차로부근,승용,남,66세,상해없음,승용,남,45세,경상
2022110700100062,2022년 11월 7일 07시,월요일,전라남도 보성군 벌교읍,경상사고,0,0,1,0,차대차 - 측면충돌,불법유턴,건조,맑음,교차로 - 교차로안,승용,남,76세,상해없음,승용,여,24세,경상
2022110700100063,2022년 11월 7일 07시,월요일,전라남도 강진군 강진읍,중상사고,0,1,0,0,차대차 - 측면충돌,직진우회전진행방해,건조,맑음,교차로 - 교차로안,승용,여,58세,상해없음,화물,남,82세,상해없음
2022110700100094,2022년 11월 7일 08시,월요일,전라남도 목포시 용해동,경상사고,0,0,3,0,차대차 - 측면충돌,신호위반,건조,맑음,교차로 - 교차로부근,승용,여,55세,경상,승용,남,49세,경상
2022110700100095,2022년 11월 7일 08시,월요일,전라남도 여수시 문수동,경상사고,0,0,1,0,차대차 - 추돌,안전운전불이행,건조,맑음,단일로 - 기타,승용,남,21세,상해없음,승용,여,47세,경상
2022110700100096,2022년 11월 7일 08시,월요일,전라남도 진도군 임회면,중상사고,0,1,1,0,차대차 - 측면충돌,중앙선침범,건조,맑음,교차로 - 교차로안,건설기계,남,71세,상해없음,원동기,남,65세,중상
2022110700100097,2022년 11월 7일 08시,월요일,전라남도 광양시 광양읍,중상사고,0,1,0,0,차량단독 - 기타,안전운전불이행,건조,맑음,단일로 - 기타,승용,여,46세,중상,,,,
2022110700100148,2022년 11월 7일 09시,월요일,전라남도 광양시 옥곡면,중상사고,0,1,0,0,차대사람 - 기타,안전운전불이행,건조,맑음,단일로 - 기타,기타불명,기타불명,미분류,기타불명,보행자,여,40세,중상
2022110700100221,2022년 11월 7일 11시,월요일,전라남도 목포시 옥암동,경상사고,0,0,1,0,차대차 - 측면충돌,신호위반,건조,맑음,교차로 - 교차로안,화물,남,74세,상해없음,승용,남,45세,경상
2022110700100222,2022년 11월 7일 11시,월요일,전라남도 고흥군 동강면,경상사고,0,0,1,0,차대사람 - 기타,안전운전불이행,건조,맑음,단일로 - 기타,승용,여,63세,상해없음,보행자,여,70세,경상
2022110700100256,2022년 11월 7일 12시,월요일,전라남도 영광군 법성면,중상사고,0,1,0,0,차대사람 - 횡단중,안전운전불이행,건조,맑음,교차로 - 교차로안,승용,여,62세,상해없음,보행자,남,86세,중상
2022110700100257,2022년 11월 7일 12시,월요일,전라남도 강진군 성전면,중상사고,0,1,1,0,차대차 - 추돌,안전운전불이행,건조,맑음,단일로 - 기타,승용,여,55세,경상,승용,여,54세,중상
2022110700100284,2022년 11월 7일 13시,월요일,전라남도 순천시 서면,경상사고,0,0,3,0,차대차 - 추돌,안전운전불이행,건조,맑음,교차로 - 교차로안,승용,남,56세,상해없음,승용,여,50세,경상
2022110700100285,2022년 11월 7일 13시,월요일,전라남도 함평군 해보면,경상사고,0,0,1,0,차량단독 - 공작물충돌,안전운전불이행,건조,맑음,단일로 - 기타,화물,남,65세,경상,,,,
2022110700100317,2022년 11월 7일 14시,월요일,전라남도 여수시 돌산읍,경상사고,0,0,3,0,차대차 - 기타,신호위반,건조,맑음,교차로 - 교차로안,화물,남,56세,상해없음,승합,남,67세,경상
2022110700100354,2022년 11월 7일 15시,월요일,전라남도 순천시 서면,경상사고,0,0,1,0,차대사람 - 차도통행중,안전운전불이행,건조,맑음,교차로 - 교차로부근,승용,남,46세,상해없음,보행자,여,63세,경상
2022110700100398,2022년 11월 7일 16시,월요일,전라남도 여수시 학동,경상사고,0,0,1,0,차대사람 - 횡단중,안전운전불이행,건조,맑음,단일로 - 기타,승용,남,69세,상해없음,보행자,여,58세,경상
2022110700100399,2022년 11월 7일 16시,월요일,전라남도 해남군 송지면,경상사고,0,0,2,0,차대차 - 정면충돌,중앙선침범,건조,맑음,교차로 - 교차로부근,화물,남,66세,경상,화물,남,76세,경상
2022110700100447,2022년 11월 7일 17시,월요일,전라남도 여수시 중흥동,경상사고,0,0,1,0,차대차 - 측면충돌,안전거리미확보,건조,맑음,단일로 - 기타,화물,남,45세,상해없음,승용,여,26세,경상
2022110700100448,2022년 11월 7일 17시,월요일,전라남도 영암군 삼호읍,경상사고,0,0,2,0,차대차 - 측면충돌,직진우회전진행방해,건조,맑음,교차로 - 교차로안,승용,여,23세,경상,자전거,남,52세,경상
2022110700100500,2022년 11월 7일 18시,월요일,전라남도 여수시 소라면,경상사고,0,0,1,0,차대사람 - 보도통행중,기타,건조,맑음,단일로 - 기타,개인형이동수단(PM),남,22세,상해없음,보행자,여,8세,경상
2022110700100501,2022년 11월 7일 18시,월요일,전라남도 나주시 노안면,경상사고,0,0,2,0,차대차 - 후진중충돌,안전운전불이행,건조,맑음,단일로 - 기타,화물,남,68세,상해없음,승용,남,56세,경상
2022110700100502,2022년 11월 7일 18시,월요일,전라남도 고흥군 고흥읍,경상사고,0,0,1,0,차대차 - 추돌,안전운전불이행,건조,맑음,단일로 - 기타,승용,남,77세,상해없음,화물,여,56세,경상
2022110700100503,2022년 11월 7일 18시,월요일,전라남도 곡성군 겸면,경상사고,0,0,1,0,차대차 - 기타,신호위반,건조,맑음,교차로 - 교차로안,이륜,남,78세,상해없음,화물,남,64세,상해없음
2022110700100504,2022년 11월 7일 18시,월요일,전라남도 구례군 용방면,경상사고,0,0,1,0,차대사람 - 기타,안전운전불이행,건조,맑음,단일로 - 기타,승용,남,56세,상해없음,보행자,남,64세,경상
2022110700100549,2022년 11월 7일 19시,월요일,전라남도 화순군 화순읍,경상사고,0,0,1,0,차대차 - 기타,안전운전불이행,건조,맑음,교차로 - 교차로안,이륜,남,40세,경상,승용,여,50세,상해없음
2022110700100569,2022년 11월 7일 20시,월요일,전라남도 여수시 오림동,경상사고,0,0,1,0,차대차 - 기타,안전운전불이행,건조,맑음,기타 - 기타,승용,남,71세,상해없음,승용,남,31세,경상
2022110700100589,2022년 11월 7일 21시,월요일,전라남도 순천시 연향동,경상사고,0,0,1,0,차대차 - 측면충돌,안전거리미확보,건조,맑음,교차로 - 교차로안,승용,여,53세,상해없음,이륜,남,21세,경상
2022110700100590,2022년 11월 7일 21시,월요일,전라남도 나주시 이창동,경상사고,0,0,4,0,차대차 - 측면충돌,직진우회전진행방해,건조,맑음,교차로 - 교차로안,승용,여,41세,경상,승용,남,55세,경상
2022110800100052,2022년 11월 8일 06시,화요일,전라남도 해남군 북일면,중상사고,0,1,0,0,차대사람 - 기타,안전운전불이행,건조,맑음,단일로 - 기타,화물,남,74세,상해없음,보행자,여,73세,중상
2022110800100148,2022년 11월 8일 09시,화요일,전라남도 목포시 산정동,중상사고,0,1,0,0,차대사람 - 차도통행중,안전운전불이행,건조,맑음,단일로 - 기타,특수,남,44세,상해없음,보행자,여,79세,중상
2022110800100149,2022년 11월 8일 09시,화요일,전라남도 여수시 소라면,중상사고,0,1,0,0,차대사람 - 횡단중,보행자보호의무위반,건조,맑음,교차로 - 교차로횡단보도내,화물,남,68세,상해없음,보행자,여,82세,중상
2022110800100150,2022년 11월 8일 09시,화요일,전라남도 순천시 왕지동,경상사고,0,0,1,0,차대차 - 측면충돌,안전거리미확보,건조,맑음,교차로 - 교차로부근,승용,여,40세,상해없음,승용,남,44세,경상
2022110800100151,2022년 11월 8일 09시,화요일,전라남도 순천시 석현동,경상사고,0,0,1,0,차대차 - 기타,안전운전불이행,건조,맑음,단일로 - 기타,승용,여,65세,기타불명,승용,남,25세,경상
2022110800100152,2022년 11월 8일 09시,화요일,전라남도 광양시 광양읍,경상사고,0,0,2,0,차대차 - 측면충돌,중앙선침범,건조,맑음,교차로 - 교차로부근,건설기계,남,34세,상해없음,승용,여,40세,경상
2022110800100214,2022년 11월 8일 11시,화요일,전라남도 나주시 왕곡면,중상사고,0,1,0,0,차량단독 - 전도전복 - 전복,안전운전불이행,건조,맑음,단일로 - 기타,사륜오토바이(ATV),여,75세,중상,,,,
2022110800100258,2022년 11월 8일 12시,화요일,전라남도 순천시 조례동,중상사고,0,1,1,0,차대차 - 기타,안전거리미확보,건조,맑음,교차로 - 교차로부근,승용,남,51세,상해없음,승용,남,80세,중상
2022110800100259,2022년 11월 8일 12시,화요일,전라남도 나주시 동강면,중상사고,0,1,0,0,차대차 - 측면충돌,안전운전불이행,건조,맑음,단일로 - 기타,승용,여,80세,상해없음,이륜,남,85세,중상
2022110800100283,2022년 11월 8일 13시,화요일,전라남도 여수시 여서동,경상사고,0,0,1,0,차대차 - 기타,차로위반,건조,맑음,교차로 - 교차로안,승용,남,71세,상해없음,이륜,남,45세,경상
2022110800100284,2022년 11월 8일 13시,화요일,전라남도 순천시 대대동,중상사고,0,1,0,0,차대사람 - 기타,안전운전불이행,건조,맑음,단일로 - 기타,승합,남,48세,상해없음,보행자,여,74세,중상
2022110800100285,2022년 11월 8일 13시,화요일,전라남도 보성군 벌교읍,중상사고,0,1,2,0,차대차 - 측면충돌,안전운전불이행,건조,맑음,교차로 - 교차로안,승용,여,58세,경상,승용,남,72세,중상
2022110800100286,2022년 11월 8일 13시,화요일,전라남도 장성군 장성읍,중상사고,0,1,2,0,차대차 - 추돌,신호위반,건조,맑음,단일로 - 기타,화물,남,75세,경상,특수,남,33세,경상
2022110800100318,2022년 11월 8일 14시,화요일,전라남도 목포시 용당동,중상사고,0,1,0,0,차대사람 - 기타,안전운전불이행,건조,맑음,주차장 - 주차장,승용,남,27세,상해없음,보행자,여,64세,중상
2022110800100319,2022년 11월 8일 14시,화요일,전라남도 고흥군 점암면,중상사고,0,1,1,0,차량단독 - 기타,안전운전불이행,건조,맑음,단일로 - 기타,승용,남,68세,경상,,,,
2022110800100320,2022년 11월 8일 14시,화요일,전라남도 함평군 함평읍,부상신고사고,0,0,0,2,차대사람 - 횡단중,안전운전불이행,건조,맑음,교차로 - 교차로안,원동기,여,56세,부상신고,보행자,여,7세,부상신고
2022110800100321,2022년 11월 8일 14시,화요일,전라남도 곡성군 겸면,경상사고,0,0,5,0,차대차 - 기타,안전운전불이행,건조,맑음,교차로 - 교차로부근,이륜,남,63세,경상,승용,남,63세,경상
2022110800100357,2022년 11월 8일 15시,화요일,전라남도 나주시 공산면,경상사고,0,0,2,0,차대차 - 측면충돌,안전거리미확보,건조,맑음,단일로 - 기타,화물,남,61세,상해없음,승용,남,22세,경상
2022110800100358,2022년 11월 8일 15시,화요일,전라남도 담양군 대전면,경상사고,0,0,6,0,차대차 - 추돌,안전운전불이행,건조,맑음,교차로 - 교차로부근,승용,남,61세,경상,승용,남,59세,경상
2022110800100359,2022년 11월 8일 15시,화요일,전라남도 함평군 함평읍,경상사고,0,0,1,0,차대차 - 측면충돌,안전거리미확보,건조,맑음,단일로 - 기타,화물,남,48세,상해없음,승용,남,51세,경상
2022110800100401,2022년 11월 8일 16시,화요일,전라남도 여수시 여서동,중상사고,0,1,0,0,차대사람 - 보도통행중,기타,건조,맑음,기타 - 기타,개인형이동수단(PM),남,26세,기타불명,보행자,남,39세,중상
2022110800100402,2022년 11월 8일 16시,화요일,전라남도 고흥군 두원면,중상사고,0,2,0,0,차대차 - 기타,교차로운행방법위반,건조,맑음,교차로 - 교차로안,승용,남,60세,상해없음,이륜,남,64세,중상
2022110800100403,2022년 11월 8일 16시,화요일,전라남도 고흥군 도화면,중상사고,0,1,0,0,차량단독 - 기타,안전운전불이행,건조,맑음,단일로 - 기타,농기계,남,75세,중상,,,,
2022110800100444,2022년 11월 8일 17시,화요일,전라남도 여수시 월하동,경상사고,0,0,1,0,차대차 - 추돌,안전운전불이행,건조,맑음,단일로 - 기타,승용,남,51세,상해없음,승용,남,57세,경상
2022110800100445,2022년 11월 8일 17시,화요일,전라남도 장흥군 장흥읍,중상사고,0,1,0,0,차대차 - 기타,안전운전불이행,건조,맑음,단일로 - 기타,화물,남,39세,상해없음,이륜,남,76세,중상
2022110800100446,2022년 11월 8일 17시,화요일,전라남도 강진군 강진읍,부상신고사고,0,0,0,1,차대차 - 측면충돌,직진우회전진행방해,건조,맑음,교차로 - 교차로안,승용,남,25세,부상신고,승용,남,54세,상해없음
2022110800100507,2022년 11월 8일 18시,화요일,전라남도 목포시 옥암동,경상사고,0,0,1,0,차대사람 - 기타,안전운전불이행,건조,맑음,단일로 - 기타,기타불명,기타불명,미분류,기타불명,보행자,남,41세,경상
2022110800100508,2022년 11월 8일 18시,화요일,전라남도 순천시 오천동,경상사고,0,0,1,0,차대사람 - 기타,보행자보호의무위반,건조,맑음,교차로 - 교차로안,승용,여,53세,기타불명,보행자,남,74세,경상
2022110800100564,2022년 11월 8일 19시,화요일,전라남도 여수시 문수동,경상사고,0,0,1,0,차대차 - 측면충돌,중앙선침범,건조,맑음,교차로 - 교차로안,자전거,남,15세,경상,승용,여,55세,상해없음
2022110800100565,2022년 11월 8일 19시,화요일,전라남도 순천시 조례동,경상사고,0,0,1,0,차대차 - 기타,직진우회전진행방해,건조,맑음,교차로 - 교차로안,승용,남,57세,상해없음,이륜,남,35세,경상
2022110800100566,2022년 11월 8일 19시,화요일,전라남도 해남군 삼산면,경상사고,0,0,1,0,차대사람 - 횡단중,안전운전불이행,건조,맑음,단일로 - 기타,화물,남,61세,상해없음,보행자,남,46세,경상
2022110800100567,2022년 11월 8일 19시,화요일,전라남도 영광군 군남면,사망사고,1,0,0,0,차대사람 - 차도통행중,안전운전불이행,건조,맑음,단일로 - 기타,승용,여,66세,상해없음,보행자,남,67세,사망
2022110800100568,2022년 11월 8일 19시,화요일,전라남도 강진군 성전면,경상사고,0,0,2,0,차대차 - 추돌,안전운전불이행,건조,맑음,단일로 - 기타,승용,남,75세,경상,건설기계,남,54세,경상
2022110800100597,2022년 11월 8일 20시,화요일,전라남도 목포시 상동,경상사고,0,0,2,0,차대차 - 측면충돌,안전운전불이행,건조,맑음,단일로 - 기타,승용,여,40세,경상,이륜,남,21세,경상
2022110800100598,2022년 11월 8일 20시,화요일,전라남도 순천시 연향동,경상사고,0,0,1,0,차대차 - 기타,신호위반,건조,맑음,교차로 - 교차로안,승용,남,29세,상해없음,승용,남,69세,상해없음