사고번호,사고일시,요일,시군구,사고내용,사망자수,중상자수,경상자수,부상신고자수,사고유형,법규위반,노면상태,기상상태,도로형태,가해운전자 차종,가해운전자 성별,가해운전자 연령,가해운전자 상해정도,피해운전자 차종,피해운전자 성별,피해운전자 연령,피해운전자 상해정도
2022110800100599,2022년 11월 8일 20시,화요일,전라남도 해남군 현산면,부상신고사고,0,0,0,1,차대사람 - 횡단중,안전운전불이행,건조,맑음,단일로 - 기타,화물,남,65세,상해없음,보행자,남,61세,부상신고
2022110800100621,2022년 11월 8일 21시,화요일,전라남도 순천시 동외동,중상사고,0,1,0,0,차대차 - 기타,안전운전불이행,건조,맑음,교차로 - 교차로안,승용,남,65세,상해없음,이륜,남,41세,중상
2022110800100622,2022년 11월 8일 21시,화요일,전라남도 고흥군 고흥읍,중상사고,0,1,0,0,차대차 - 측면충돌,직진우회전진행방해,건조,맑음,교차로 - 교차로안,승용,남,47세,상해없음,이륜,남,48세,중상
2022110800100623,2022년 11월 8일 21시,화요일,전라남도 무안군 삼향읍,경상사고,0,0,2,0,차대차 - 기타,안전운전불이행,건조,맑음,단일로 - 기타,승용,여,44세,상해없음,승용,여,39세,경상
2022110800100659,2022년 11월 8일 23시,화요일,전라남도 목포시 죽교동,경상사고,0,0,1,0,차대차 - 추돌,안전운전불이행,건조,맑음,주차장 - 주차장,승용,남,18세,상해없음,승용,여,49세,경상
2022110900100066,2022년 11월 9일 07시,수요일,전라남도 순천시 해룡면,경상사고,0,0,1,0,차대차 - 기타,안전운전불이행,건조,맑음,단일로 - 기타,승용,여,49세,상해없음,승용,남,62세,경상
2022110900100092,2022년 11월 9일 08시,수요일,전라남도 신안군 압해읍,중상사고,0,1,0,0,차대차 - 기타,안전운전불이행,건조,맑음,단일로 - 기타,화물,남,64세,상해없음,기타불명,남,88세,중상
2022110900100131,2022년 11월 9일 09시,수요일,전라남도 목포시 산정동,중상사고,0,1,0,0,차대사람 - 기타,안전운전불이행,건조,맑음,교차로 - 교차로안,승용,여,33세,상해없음,보행자,여,67세,중상
2022110900100132,2022년 11월 9일 09시,수요일,전라남도 나주시 오량동,경상사고,0,0,1,0,차대차 - 추돌,안전거리미확보,건조,맑음,단일로 - 기타,화물,남,29세,상해없음,화물,남,66세,경상
2022110900100133,2022년 11월 9일 09시,수요일,전라남도 고흥군 영남면,중상사고,0,1,1,0,차대차 - 기타,중앙선침범,건조,맑음,단일로 - 기타,화물,남,47세,상해없음,승용,남,75세,경상
2022110900100160,2022년 11월 9일 10시,수요일,전라남도 장흥군 장흥읍,경상사고,0,0,1,0,차대차 - 기타,직진우회전진행방해,건조,맑음,교차로 - 교차로안,화물,남,74세,상해없음,이륜,남,76세,경상
2022110900100161,2022년 11월 9일 10시,수요일,전라남도 장흥군 유치면,경상사고,0,0,1,0,차대차 - 기타,안전운전불이행,건조,맑음,단일로 - 기타,화물,남,65세,상해없음,승용,여,54세,경상
2022110900100162,2022년 11월 9일 10시,수요일,전라남도 무안군 삼향읍,경상사고,0,0,1,0,차대차 - 측면충돌,교차로운행방법위반,건조,맑음,교차로 - 교차로안,승용,여,51세,상해없음,화물,남,33세,경상
2022110900100188,2022년 11월 9일 11시,수요일,전라남도 해남군 해남읍,경상사고,0,0,1,0,차대차 - 측면충돌,교차로운행방법위반,건조,맑음,교차로 - 교차로안,화물,남,70세,기타불명,승용,남,29세,경상
2022110900100189,2022년 11월 9일 11시,수요일,전라남도 완도군 고금면,중상사고,0,1,0,0,차대차 - 추돌,안전운전불이행,건조,맑음,단일로 - 기타,화물,남,66세,상해없음,이륜,남,82세,중상
2022110900100190,2022년 11월 9일 11시,수요일,전라남도 광양시 광양읍,경상사고,0,0,1,0,차대차 - 기타,중앙선침범,건조,맑음,단일로 - 기타,화물,남,61세,상해없음,화물,남,61세,경상
2022110900100216,2022년 11월 9일 12시,수요일,전라남도 함평군 엄다면,중상사고,0,1,0,0,차대사람 - 길가장자리구역통행중,안전운전불이행,건조,맑음,단일로 - 기타,화물,남,71세,상해없음,보행자,여,70세,중상
2022110900100243,2022년 11월 9일 13시,수요일,전라남도 목포시 용당동,중상사고,0,1,0,0,차대사람 - 기타,안전운전불이행,건조,맑음,기타 - 기타,승용,남,43세,상해없음,보행자,여,39세,중상
2022110900100244,2022년 11월 9일 13시,수요일,전라남도 목포시 석현동,경상사고,0,0,1,0,차대차 - 기타,안전운전불이행,건조,맑음,교차로 - 교차로부근,화물,남,63세,상해없음,승용,여,47세,경상
2022110900100278,2022년 11월 9일 14시,수요일,전라남도 여수시 학동,중상사고,0,1,0,0,차대차 - 측면충돌,안전운전불이행,건조,맑음,교차로 - 교차로안,승용,남,65세,상해없음,자전거,여,42세,중상
2022110900100279,2022년 11월 9일 14시,수요일,전라남도 영암군 삼호읍,경상사고,0,0,1,0,차대차 - 측면충돌,신호위반,건조,맑음,단일로 - 기타,승용,남,67세,상해없음,화물,남,59세,경상
2022110900100315,2022년 11월 9일 15시,수요일,전라남도 신안군 흑산면,중상사고,0,1,0,0,차대사람 - 기타,안전운전불이행,건조,맑음,기타 - 기타,화물,남,42세,상해없음,보행자,여,48세,중상
2022110900100354,2022년 11월 9일 16시,수요일,전라남도 나주시 다시면,중상사고,0,1,1,0,차대차 - 측면충돌,신호위반,건조,맑음,교차로 - 교차로안,승용,여,62세,중상,승용,여,61세,경상
2022110900100355,2022년 11월 9일 16시,수요일,전라남도 완도군 완도읍,경상사고,0,0,2,0,차대차 - 측면충돌,안전거리미확보,건조,맑음,단일로 - 기타,승용,여,41세,경상,화물,남,46세,경상
2022110900100408,2022년 11월 9일 17시,수요일,전라남도 여수시 공화동,경상사고,0,0,1,0,차대차 - 기타,안전운전불이행,건조,맑음,교차로 - 교차로안,승용,남,57세,상해없음,승합,남,63세,상해없음
2022110900100409,2022년 11월 9일 17시,수요일,전라남도 장흥군 회진면,중상사고,0,1,0,0,차량단독 - 도로외이탈 - 추락,안전운전불이행,건조,맑음,단일로 - 교량,화물,남,54세,중상,,,,
2022110900100483,2022년 11월 9일 18시,수요일,전라남도 여수시 선원동,경상사고,0,0,1,0,차대차 - 측면충돌,안전운전불이행,건조,맑음,단일로 - 기타,승용,여,55세,상해없음,원동기,남,30세,경상
2022110900100484,2022년 11월 9일 18시,수요일,전라남도 순천시 해룡면,경상사고,0,0,2,0,차대차 - 추돌,안전운전불이행,건조,맑음,교차로 - 교차로안,화물,남,58세,상해없음,승용,남,32세,경상
2022110900100485,2022년 11월 9일 18시,수요일,전라남도 나주시 다시면,중상사고,0,1,0,0,차대사람 - 차도통행중,안전운전불이행,건조,맑음,교차로 - 교차로안,화물,남,72세,상해없음,보행자,여,83세,중상
2022110900100486,2022년 11월 9일 18시,수요일,전라남도 보성군 벌교읍,경상사고,0,0,1,0,차대차 - 추돌,안전운전불이행,건조,맑음,단일로 - 기타,화물,남,79세,상해없음,승용,여,42세,경상
2022110900100487,2022년 11월 9일 18시,수요일,전라남도 영암군 삼호읍,중상사고,0,2,3,0,차대차 - 추돌,기타,건조,맑음,단일로 - 기타,승용,남,20세,상해없음,화물,남,73세,경상
2022110900100489,2022년 11월 9일 18시,수요일,전라남도 진도군 진도읍,경상사고,0,0,2,0,차대차 - 측면충돌,교차로운행방법위반,건조,맑음,교차로 - 교차로부근,화물,남,67세,경상,승용,여,65세,경상
2022110900100575,2022년 11월 9일 20시,수요일,전라남도 나주시 빛가람동,경상사고,0,0,1,0,차대차 - 정면충돌,신호위반,건조,맑음,교차로 - 교차로안,승용,남,46세,상해없음,승용,남,26세,경상
2022110900100603,2022년 11월 9일 21시,수요일,전라남도 광양시 금호동,경상사고,0,0,1,0,차대차 - 측면충돌,안전거리미확보,건조,맑음,기타 - 기타,승용,여,43세,기타불명,승용,여,49세,경상
2022110900100618,2022년 11월 9일 22시,수요일,전라남도 순천시 풍덕동,경상사고,0,0,2,0,차대차 - 측면충돌,안전운전불이행,건조,맑음,교차로 - 교차로안,개인형이동수단(PM),남,15세,경상,승용,남,54세,경상
2022111000100012,2022년 11월 10일 00시,목요일,전라남도 담양군 담양읍,중상사고,0,1,0,0,차량단독 - 전도전복 - 전복,안전운전불이행,건조,맑음,교차로 - 교차로안,승용,남,36세,중상,,,,
2022111000100042,2022년 11월 10일 05시,목요일,전라남도 여수시 소라면,중상사고,0,1,0,0,차대차 - 추돌,안전운전불이행,건조,맑음,교차로 - 교차로안,승용,남,34세,상해없음,승용,여,48세,중상
2022111000100083,2022년 11월 10일 07시,목요일,전라남도 광양시 황금동,경상사고,0,0,1,0,차량단독 - 공작물충돌,안전운전불이행,건조,기타,단일로 - 기타,승용,여,52세,경상,,,,
2022111000100119,2022년 11월 10일 08시,목요일,전라남도 담양군 담양읍,경상사고,0,0,2,0,차대차 - 측면충돌,직진우회전진행방해,건조,맑음,교차로 - 교차로안,승용,여,38세,경상,승용,남,24세,경상
2022111000100152,2022년 11월 10일 09시,목요일,전라남도 영암군 영암읍,경상사고,0,0,1,0,차대차 - 측면충돌,교차로운행방법위반,건조,맑음,교차로 - 교차로안,승합,남,43세,상해없음,승용,여,59세,경상
2022111000100213,2022년 11월 10일 11시,목요일,전라남도 담양군 봉산면,경상사고,0,0,1,0,차대차 - 측면충돌,신호위반,건조,맑음,교차로 - 교차로안,화물,남,65세,상해없음,승용,남,58세,경상
2022111000100243,2022년 11월 10일 12시,목요일,전라남도 여수시 학동,중상사고,0,1,0,0,차대차 - 측면충돌,안전운전불이행,건조,맑음,교차로 - 교차로안,승용,여,63세,상해없음,이륜,남,40세,중상
2022111000100274,2022년 11월 10일 13시,목요일,전라남도 고흥군 남양면,중상사고,0,1,0,0,차대차 - 기타,안전운전불이행,건조,맑음,교차로 - 교차로부근,승용,여,60세,상해없음,원동기,남,72세,중상
2022111000100306,2022년 11월 10일 14시,목요일,전라남도 나주시 왕곡면,중상사고,0,1,0,0,차량단독 - 공작물충돌,안전운전불이행,건조,맑음,단일로 - 기타,이륜,남,80세,중상,,,,
2022111000100341,2022년 11월 10일 15시,목요일,전라남도 여수시 충무동,경상사고,0,0,1,0,차대사람 - 차도통행중,안전운전불이행,건조,맑음,단일로 - 기타,화물,남,73세,상해없음,보행자,여,23세,경상
2022111000100342,2022년 11월 10일 15시,목요일,전라남도 순천시 장천동,부상신고사고,0,0,0,1,차량단독 - 기타,안전운전불이행,건조,맑음,교차로 - 교차로안,이륜,남,68세,부상신고,,,,
2022111000100343,2022년 11월 10일 15시,목요일,전라남도 화순군 춘양면,경상사고,0,0,1,0,차대차 - 측면충돌,안전운전불이행,건조,맑음,기타 - 기타,화물,남,61세,기타불명,승용,남,73세,경상
2022111000100379,2022년 11월 10일 16시,목요일,전라남도 목포시 옥암동,경상사고,0,0,2,0,차대차 - 추돌,보행자보호의무위반,건조,맑음,교차로 - 교차로횡단보도내,승용,여,40세,상해없음,승합,여,45세,경상
2022111000100380,2022년 11월 10일 16시,목요일,전라남도 목포시 산정동,경상사고,0,0,2,0,차대차 - 측면충돌,신호위반,건조,맑음,교차로 - 교차로안,승용,남,66세,상해없음,승용,남,22세,경상
2022111000100381,2022년 11월 10일 16시,목요일,전라남도 여수시 문수동,부상신고사고,0,0,0,1,차대사람 - 보도통행중,안전운전불이행,건조,맑음,기타 - 기타,기타불명,기타불명,미분류,기타불명,보행자,남,21세,부상신고
2022111000100382,2022년 11월 10일 16시,목요일,전라남도 순천시 상사면,중상사고,0,1,0,0,차량단독 - 전도전복 - 전도,안전운전불이행,건조,맑음,단일로 - 기타,이륜,남,73세,중상,,,,
2022111000100420,2022년 11월 10일 17시,목요일,전라남도 목포시 옥암동,경상사고,0,0,2,0,차대차 - 측면충돌,안전운전불이행,건조,맑음,교차로 - 교차로안,승용,남,43세,상해없음,승용,남,21세,경상
2022111000100421,2022년 11월 10일 17시,목요일,전라남도 순천시 승주읍,중상사고,0,1,0,0,차대차 - 기타,교차로운행방법위반,건조,맑음,교차로 - 교차로안,화물,남,62세,상해없음,화물,남,77세,중상
2022111000100484,2022년 11월 10일 18시,목요일,전라남도 광양시 광양읍,경상사고,0,0,1,0,차대차 - 측면충돌,안전운전불이행,건조,맑음,교차로 - 교차로부근,승용,남,28세,상해없음,승용,여,44세,경상
2022111000100540,2022년 11월 10일 19시,목요일,전라남도 순천시 조곡동,경상사고,0,0,1,0,차대차 - 측면충돌,중앙선침범,건조,기타,단일로 - 기타,자전거,남,81세,상해없음,이륜,남,34세,경상
2022111000100565,2022년 11월 10일 20시,목요일,전라남도 여수시 소호동,경상사고,0,0,1,0,차대차 - 측면충돌,신호위반,건조,맑음,교차로 - 교차로안,승용,여,43세,상해없음,승용,여,50세,경상
2022111000100614,2022년 11월 10일 22시,목요일,전라남도 목포시 옥암동,경상사고,0,0,2,0,차대차 - 추돌,안전운전불이행,건조,맑음,단일로 - 기타,승용,남,44세,상해없음,승용,남,26세,경상
2022111000100630,2022년 11월 10일 23시,목요일,전라남도 여수시 학동,경상사고,0,0,1,0,차대차 - 측면충돌,안전운전불이행,건조,맑음,교차로 - 교차로안,승용,여,60세,상해없음,승용,남,52세,경상
2022111100100067,2022년 11월 11일 06시,금요일,전라남도 광양시 성황동,중상사고,0,1,0,0,차대차 - 정면충돌,안전운전불이행,건조,맑음,교차로 - 교차로안,승용,남,58세,상해없음,이륜,남,62세,중상
2022111100100114,2022년 11월 11일 08시,금요일,전라남도 나주시 공산면,중상사고,0,1,0,0,차량단독 - 도로외이탈 - 기타,안전운전불이행,건조,맑음,교차로 - 교차로안,이륜,남,82세,중상,,,,
2022111100100143,2022년 11월 11일 09시,금요일,전라남도 담양군 금성면,중상사고,0,3,0,0,차량단독 - 기타,안전운전불이행,건조,맑음,단일로 - 기타,승용,여,65세,중상,,,,
2022111100100144,2022년 11월 11일 09시,금요일,전라남도 광양시 광양읍,경상사고,0,0,1,0,차대차 - 측면충돌,안전운전불이행,건조,맑음,교차로 - 교차로안,승용,남,55세,상해없음,승용,여,43세,경상
2022111100100175,2022년 11월 11일 10시,금요일,전라남도 해남군 산이면,경상사고,0,0,1,0,차대차 - 추돌,안전운전불이행,건조,맑음,단일로 - 기타,화물,남,63세,상해없음,화물,남,55세,경상
2022111100100176,2022년 11월 11일 10시,금요일,전라남도 영광군 영광읍,중상사고,0,1,0,0,차대사람 - 횡단중,안전운전불이행,건조,맑음,교차로 - 교차로안,화물,남,62세,상해없음,보행자,남,84세,중상
2022111100100177,2022년 11월 11일 10시,금요일,전라남도 함평군 함평읍,중상사고,0,1,1,0,차대차 - 측면충돌,교차로운행방법위반,건조,맑음,교차로 - 교차로안,화물,남,61세,경상,화물,남,75세,중상
2022111100100178,2022년 11월 11일 10시,금요일,전라남도 영암군 삼호읍,경상사고,0,0,2,0,차대차 - 측면충돌,신호위반,건조,맑음,교차로 - 교차로안,화물,남,68세,경상,승용,남,64세,경상
2022111100100212,2022년 11월 11일 11시,금요일,전라남도 순천시 석현동,중상사고,0,1,0,0,차대차 - 측면충돌,안전운전불이행,건조,맑음,교차로 - 교차로부근,이륜,남,40세,중상,승용,남,31세,상해없음
2022111100100213,2022년 11월 11일 11시,금요일,전라남도 순천시 홍내동,경상사고,0,0,3,0,차대차 - 측면충돌,교차로운행방법위반,건조,맑음,교차로 - 교차로안,승용,여,27세,경상,승용,남,57세,경상
2022111100100245,2022년 11월 11일 12시,금요일,전라남도 목포시 용당동,경상사고,0,0,3,0,차대차 - 측면충돌,안전운전불이행,건조,맑음,교차로 - 교차로부근,승용,남,68세,경상,승용,남,63세,경상
2022111100100246,2022년 11월 11일 12시,금요일,전라남도 광양시 진상면,경상사고,0,0,1,0,차대차 - 기타,안전운전불이행,건조,맑음,기타 - 기타,화물,남,36세,기타불명,승용,남,57세,경상
2022111100100279,2022년 11월 11일 13시,금요일,전라남도 목포시 호남동,경상사고,0,0,1,0,차대사람 - 기타,안전운전불이행,건조,맑음,단일로 - 기타,승용,남,56세,상해없음,보행자,여,51세,경상
2022111100100280,2022년 11월 11일 13시,금요일,전라남도 순천시 남정동,경상사고,0,0,1,0,차대차 - 측면충돌,안전운전불이행,건조,맑음,교차로 - 교차로안,승용,여,51세,상해없음,자전거,남,48세,경상
2022111100100281,2022년 11월 11일 13시,금요일,전라남도 강진군 강진읍,경상사고,0,0,1,0,차대사람 - 기타,안전운전불이행,건조,맑음,단일로 - 기타,승용,남,51세,상해없음,보행자,여,76세,경상
2022111100100351,2022년 11월 11일 15시,금요일,전라남도 목포시 상동,경상사고,0,0,1,0,차대차 - 기타,직진우회전진행방해,건조,맑음,교차로 - 교차로안,자전거,여,70세,경상,승용,남,58세,상해없음
2022111100100353,2022년 11월 11일 15시,금요일,전라남도 광양시 금호동,경상사고,0,0,1,0,차대차 - 측면충돌,직진우회전진행방해,건조,맑음,교차로 - 교차로안,승용,여,31세,상해없음,승용,여,52세,경상
2022111100100400,2022년 11월 11일 16시,금요일,전라남도 보성군 벌교읍,경상사고,0,0,1,0,차량단독 - 기타,안전운전불이행,건조,맑음,단일로 - 기타,이륜,여,68세,경상,,,,
2022111100100449,2022년 11월 11일 17시,금요일,전라남도 목포시 산정동,경상사고,0,0,1,0,차대차 - 추돌,교차로운행방법위반,건조,맑음,단일로 - 기타,승용,남,65세,상해없음,화물,남,57세,경상
2022111100100503,2022년 11월 11일 18시,금요일,전라남도 순천시 해룡면,경상사고,0,0,1,0,차대차 - 측면충돌,안전운전불이행,건조,맑음,단일로 - 기타,승용,여,55세,상해없음,승용,여,36세,경상
2022111100100504,2022년 11월 11일 18시,금요일,전라남도 나주시 공산면,중상사고,0,1,1,0,차대차 - 추돌,안전운전불이행,건조,맑음,단일로 - 기타,승용,남,40세,경상,화물,남,55세,중상
2022111100100505,2022년 11월 11일 18시,금요일,전라남도 화순군 사평면,경상사고,0,0,2,0,차대차 - 정면충돌,중앙선침범,건조,맑음,단일로 - 기타,승용,여,58세,경상,화물,남,59세,경상
2022111100100506,2022년 11월 11일 18시,금요일,전라남도 담양군 담양읍,경상사고,0,0,2,0,차대차 - 측면충돌,직진우회전진행방해,건조,맑음,교차로 - 교차로안,승합,남,26세,상해없음,이륜,남,73세,경상
2022111100100553,2022년 11월 11일 19시,금요일,전라남도 순천시 해룡면,경상사고,0,0,1,0,차대차 - 측면충돌,안전거리미확보,건조,맑음,단일로 - 기타,화물,남,29세,상해없음,승용,남,62세,경상
2022111100100618,2022년 11월 11일 21시,금요일,전라남도 광양시 마동,경상사고,0,0,1,0,차대차 - 측면충돌,안전운전불이행,건조,맑음,교차로 - 교차로안,승용,여,57세,상해없음,승용,남,53세,경상
2022111100100649,2022년 11월 11일 22시,금요일,전라남도 광양시 광양읍,중상사고,0,1,0,0,차대차 - 측면충돌,신호위반,건조,맑음,교차로 - 교차로안,승용,여,43세,상해없음,승용,여,43세,중상
2022111100100670,2022년 11월 11일 23시,금요일,전라남도 영광군 홍농읍,사망사고,1,1,1,0,차대차 - 기타,안전운전불이행,건조,맑음,단일로 - 기타,승합,남,44세,상해없음,승용,기타불명,미분류,기타불명
2022111200100008,2022년 11월 12일 00시,토요일,전라남도 목포시 상동,경상사고,0,0,1,0,차대차 - 측면충돌,안전운전불이행,건조,맑음,단일로 - 기타,기타불명,기타불명,미분류,기타불명,이륜,남,31세,경상
2022111200100009,2022년 11월 12일 00시,토요일,전라남도 순천시 연향동,중상사고,0,1,0,0,차대사람 - 차도통행중,안전운전불이행,건조,맑음,단일로 - 기타,승용,여,60세,상해없음,보행자,남,58세,중상
2022111200100044,2022년 11월 12일 04시,토요일,전라남도 목포시 산정동,경상사고,0,0,1,0,차대차 - 기타,신호위반,건조,맑음,교차로 - 교차로안,승합,남,77세,상해없음,화물,남,32세,경상
2022111200100069,2022년 11월 12일 06시,토요일,전라남도 나주시 석현동,경상사고,0,0,2,0,차대차 - 측면충돌,신호위반,건조,맑음,교차로 - 교차로안,승용,남,77세,경상,승용,남,53세,경상
2022111200100108,2022년 11월 12일 09시,토요일,전라남도 목포시 상동,경상사고,0,0,1,0,차대사람 - 횡단중,보행자보호의무위반,건조,맑음,단일로 - 기타,승용,여,40세,상해없음,보행자,남,23세,경상
2022111200100109,2022년 11월 12일 09시,토요일,전라남도 여수시 학동,경상사고,0,0,1,0,차대차 - 측면충돌,안전운전불이행,건조,맑음,기타 - 기타,승용,여,31세,상해없음,자전거,남,56세,경상
2022111200100110,2022년 11월 12일 09시,토요일,전라남도 나주시 다시면,중상사고,0,1,0,0,차대차 - 기타,직진우회전진행방해,건조,맑음,교차로 - 교차로부근,농기계,남,80세,상해없음,자전거,여,68세,중상
2022111200100143,2022년 11월 12일 10시,토요일,전라남도 고흥군 금산면,중상사고,0,1,0,0,차량단독 - 기타,안전운전불이행,건조,맑음,단일로 - 기타,승합,남,51세,중상,,,,
2022111200100144,2022년 11월 12일 10시,토요일,전라남도 담양군 담양읍,경상사고,0,0,2,0,차대차 - 측면충돌,기타,건조,맑음,교차로 - 교차로안,화물,남,53세,상해없음,승용,여,37세,경상
2022111200100180,2022년 11월 12일 11시,토요일,전라남도 순천시 황전면,경상사고,0,0,1,0,차량단독 - 기타,안전운전불이행,젖음/습기,비,기타 - 기타,승용,남,56세,경상,,,,
2022111200100181,2022년 11월 12일 11시,토요일,전라남도 화순군 화순읍,경상사고,0,0,2,1,차대차 - 기타,안전운전불이행,건조,맑음,단일로 - 터널,승용,남,49세,부상신고,승용,남,38세,경상
2022111200100182,2022년 11월 12일 11시,토요일,전라남도 강진군 강진읍,경상사고,0,0,1,0,차대차 - 측면충돌,직진우회전진행방해,건조,맑음,교차로 - 교차로안,승용,남,47세,경상,승용,남,30세,상해없음
2022111200100183,2022년 11월 12일 11시,토요일,전라남도 광양시 황금동,중상사고,0,1,0,0,차대차 - 추돌,안전거리미확보,건조,맑음,단일로 - 기타,승용,남,46세,상해없음,화물,남,55세,중상
2022111200100223,2022년 11월 12일 12시,토요일,전라남도 목포시 용당동,경상사고,0,0,1,0,차대차 - 측면충돌,안전운전불이행,건조,맑음,단일로 - 기타,승용,여,57세,상해없음,화물,남,61세,경상
2022111200100224,2022년 11월 12일 12시,토요일,전라남도 화순군 화순읍,경상사고,0,0,1,0,차대차 - 추돌,안전운전불이행,건조,맑음,교차로 - 교차로안,승용,남,59세,상해없음,화물,남,38세,경상
2022111200100225,2022년 11월 12일 12시,토요일,전라남도 함평군 함평읍,경상사고,0,0,1,1,차대차 - 측면충돌,교차로운행방법위반,건조,맑음,교차로 - 교차로안,화물,남,72세,부상신고,승용,남,39세,상해없음
2022111200100301,2022년 11월 12일 14시,토요일,전라남도 목포시 석현동,경상사고,0,0,1,0,차대차 - 측면충돌,직진우회전진행방해,건조,맑음,교차로 - 교차로안,승용,남,34세,상해없음,승용,여,52세,경상
2022111200100331,2022년 11월 12일 15시,토요일,전라남도 목포시 온금동,경상사고,0,0,1,0,차대차 - 기타,안전운전불이행,건조,맑음,단일로 - 기타,승용,남,24세,상해없음,승용,남,44세,경상
2022111200100375,2022년 11월 12일 16시,토요일,전라남도 여수시 오림동,중상사고,0,1,0,0,차대차 - 정면충돌,안전운전불이행,건조,맑음,단일로 - 기타,자전거,남,13세,상해없음,자전거,남,80세,중상
2022111200100376,2022년 11월 12일 16시,토요일,전라남도 장흥군 장흥읍,경상사고,0,0,2,0,차대차 - 측면충돌,신호위반,건조,흐림,교차로 - 교차로안,승용,남,84세,경상,승용,남,33세,경상
2022111200100377,2022년 11월 12일 16시,토요일,전라남도 해남군 해남읍,경상사고,0,0,2,0,차대차 - 추돌,안전운전불이행,건조,맑음,단일로 - 기타,특수,남,64세,상해없음,화물,여,45세,경상
2022111200100378,2022년 11월 12일 16시,토요일,전라남도 담양군 금성면,경상사고,0,0,1,0,차대차 - 측면충돌,직진우회전진행방해,건조,맑음,교차로 - 교차로안,승용,여,28세,상해없음,승용,남,56세,경상
2022111200100379,2022년 11월 12일 16시,토요일,전라남도 완도군 완도읍,경상사고,0,0,1,0,차대차 - 측면충돌,차로위반,젖음/습기,흐림,교차로 - 교차로부근,승용,남,19세,상해없음,화물,남,50세,경상
2022111200100419,2022년 11월 12일 17시,토요일,전라남도 목포시 대성동,경상사고,0,0,1,0,차대차 - 정면충돌,교차로운행방법위반,건조,맑음,교차로 - 교차로안,승용,남,45세,상해없음,자전거,남,71세,경상
2022111200100420,2022년 11월 12일 17시,토요일,전라남도 강진군 도암면,경상사고,0,0,1,0,차대차 - 측면충돌,직진우회전진행방해,건조,흐림,교차로 - 교차로안,화물,남,79세,상해없음,승용,여,52세,경상
2022111200100476,2022년 11월 12일 18시,토요일,전라남도 목포시 영해동1가,경상사고,0,0,1,0,차대차 - 측면충돌,교차로운행방법위반,건조,맑음,교차로 - 교차로안,승용,남,30세,상해없음,기타불명,여,68세,경상
2022111200100477,2022년 11월 12일 18시,토요일,전라남도 여수시 미평동,중상사고,0,1,0,0,차대사람 - 길가장자리구역통행중,안전운전불이행,젖음/습기,비,단일로 - 기타,이륜,남,30세,상해없음,보행자,여,77세,중상
2022111200100588,2022년 11월 12일 20시,토요일,전라남도 순천시 연향동,경상사고,0,0,1,0,차대차 - 기타,안전운전불이행,젖음/습기,비,단일로 - 기타,승용,남,31세,상해없음,이륜,남,25세,경상
2022111200100589,2022년 11월 12일 20시,토요일,전라남도 화순군 화순읍,부상신고사고,0,0,0,1,차대사람 - 횡단중,안전운전불이행,건조,맑음,단일로 - 기타,화물,남,55세,상해없음,보행자,남,35세,부상신고
2022111200100590,2022년 11월 12일 20시,토요일,전라남도 화순군 도곡면,경상사고,0,0,1,0,차대차 - 기타,안전운전불이행,건조,맑음,단일로 - 기타,승용,남,50세,상해없음,승용,남,49세,경상
2022111200100662,2022년 11월 12일 22시,토요일,전라남도 여수시 미평동,경상사고,0,0,1,0,차대사람 - 차도통행중,안전운전불이행,건조,맑음,교차로 - 교차로안,승용,남,51세,상해없음,보행자,남,46세,경상
2022111200100663,2022년 11월 12일 22시,토요일,전라남도 순천시 연향동,경상사고,0,0,1,0,차대차 - 측면충돌,안전운전불이행,젖음/습기,비,교차로 - 교차로안,승용,남,48세,상해없음,화물,남,20세,경상
2022111200100664,2022년 11월 12일 22시,토요일,전라남도 순천시 연향동,경상사고,0,0,1,0,차대차 - 기타,교차로운행방법위반,젖음/습기,비,교차로 - 교차로안,승용,남,35세,상해없음,자전거,남,13세,경상
2022111200100665,2022년 11월 12일 22시,토요일,전라남도 순천시 주암면,경상사고,0,0,2,0,차대차 - 기타,안전운전불이행,젖음/습기,비,기타 - 기타,승용,남,60세,기타불명,승용,남,48세,경상
2022111200100697,2022년 11월 12일 23시,토요일,전라남도 목포시 상동,경상사고,0,0,1,0,차대사람 - 기타,안전운전불이행,젖음/습기,흐림,단일로 - 기타,승용,남,20세,상해없음,보행자,남,59세,경상
2022111200100698,2022년 11월 12일 23시,토요일,전라남도 목포시 죽교동,중상사고,0,1,2,0,차대차 - 측면충돌,중앙선침범,건조,맑음,단일로 - 기타,승용,남,31세,경상,승용,남,52세,경상
2022111200100699,2022년 11월 12일 23시,토요일,전라남도 진도군 의신면,중상사고,0,1,0,0,차대차 - 측면충돌,안전운전불이행,젖음/습기,비,기타 - 기타,승용,남,18세,중상,화물,여,50세,상해없음
2022111300100011,2022년 11월 13일 00시,일요일,전라남도 목포시 산정동,경상사고,0,0,3,0,차대차 - 측면충돌,안전운전불이행,건조,맑음,단일로 - 기타,승용,남,42세,상해없음,승용,여,51세,상해없음