사고번호,사고일시,요일,시군구,사고내용,사망자수,중상자수,경상자수,부상신고자수,사고유형,법규위반,노면상태,기상상태,도로형태,가해운전자 차종,가해운전자 성별,가해운전자 연령,가해운전자 상해정도,피해운전자 차종,피해운전자 성별,피해운전자 연령,피해운전자 상해정도
2022120200100499,2022년 12월 2일 18시,금요일,전라남도 순천시 해룡면,경상사고,0,0,6,0,차대차 - 추돌,안전운전불이행,건조,맑음,기타 - 기타,화물,남,57세,상해없음,승용,여,57세,경상
2022120200100500,2022년 12월 2일 18시,금요일,전라남도 고흥군 두원면,경상사고,0,0,1,0,차대차 - 추돌,안전운전불이행,건조,맑음,단일로 - 기타,승용,남,31세,상해없음,화물,남,47세,경상
2022120200100501,2022년 12월 2일 18시,금요일,전라남도 영암군 삼호읍,중상사고,0,1,0,0,차대차 - 측면충돌,안전운전불이행,건조,맑음,단일로 - 기타,승용,남,47세,상해없음,화물,남,55세,중상
2022120200100502,2022년 12월 2일 18시,금요일,전라남도 무안군 삼향읍,경상사고,0,0,1,0,차대사람 - 횡단중,안전운전불이행,건조,맑음,교차로 - 교차로안,승용,여,57세,상해없음,보행자,여,25세,경상
2022120200100503,2022년 12월 2일 18시,금요일,전라남도 광양시 중동,경상사고,0,0,1,0,차대차 - 측면충돌,차로위반,건조,맑음,교차로 - 교차로부근,승용,남,47세,상해없음,이륜,남,30세,경상
2022120200100556,2022년 12월 2일 19시,금요일,전라남도 완도군 완도읍,경상사고,0,0,1,0,차대차 - 기타,안전운전불이행,건조,맑음,교차로 - 교차로안,승용,남,18세,상해없음,화물,남,60세,상해없음
2022120200100588,2022년 12월 2일 20시,금요일,전라남도 해남군 문내면,경상사고,0,0,2,0,차대차 - 후진중충돌,안전운전불이행,건조,맑음,기타 - 기타,승용,남,55세,기타불명,승용,여,25세,경상
2022120200100589,2022년 12월 2일 20시,금요일,전라남도 보성군 벌교읍,중상사고,0,1,0,0,차대사람 - 기타,안전운전불이행,건조,맑음,기타 - 기타,화물,남,18세,상해없음,보행자,남,60세,중상
2022120200100590,2022년 12월 2일 20시,금요일,전라남도 광양시 중동,경상사고,0,0,2,0,차대차 - 측면충돌,교차로운행방법위반,건조,맑음,교차로 - 교차로안,승용,남,32세,상해없음,승용,여,36세,경상
2022120200100624,2022년 12월 2일 22시,금요일,전라남도 완도군 완도읍,경상사고,0,0,1,0,차대차 - 추돌,안전운전불이행,건조,맑음,단일로 - 기타,승용,여,43세,상해없음,승용,남,34세,경상
2022120200100643,2022년 12월 2일 23시,금요일,전라남도 목포시 남교동,경상사고,0,0,2,1,차대차 - 측면충돌,교차로운행방법위반,건조,맑음,교차로 - 교차로안,승용,여,26세,경상,이륜,남,32세,부상신고
2022120300100026,2022년 12월 3일 02시,토요일,전라남도 나주시 빛가람동,중상사고,0,2,0,0,차대사람 - 횡단중,보행자보호의무위반,건조,맑음,교차로 - 교차로횡단보도내,승용,남,19세,상해없음,보행자,남,37세,중상
2022120300100049,2022년 12월 3일 05시,토요일,전라남도 순천시 해룡면,경상사고,0,0,1,0,차대차 - 기타,신호위반,건조,맑음,교차로 - 교차로안,화물,남,64세,상해없음,승용,남,62세,경상
2022120300100050,2022년 12월 3일 05시,토요일,전라남도 나주시 산포면,부상신고사고,0,0,0,1,차량단독 - 공작물충돌,안전운전불이행,건조,맑음,단일로 - 기타,승용,여,17세,부상신고,,,,
2022120300100069,2022년 12월 3일 06시,토요일,전라남도 목포시 용해동,경상사고,0,0,1,0,차대차 - 추돌,안전운전불이행,건조,맑음,교차로 - 교차로부근,이륜,남,31세,상해없음,승용,남,71세,경상
2022120300100070,2022년 12월 3일 06시,토요일,전라남도 화순군 동면,중상사고,0,1,0,0,차량단독 - 기타,안전운전불이행,건조,흐림,단일로 - 기타,승용,여,53세,중상,,,,
2022120300100084,2022년 12월 3일 07시,토요일,전라남도 여수시 광무동,경상사고,0,0,1,0,차대차 - 기타,차로위반,건조,맑음,단일로 - 기타,승합,여,45세,상해없음,이륜,남,75세,경상
2022120300100157,2022년 12월 3일 10시,토요일,전라남도 순천시 조례동,경상사고,0,0,1,0,차대사람 - 기타,안전운전불이행,건조,맑음,기타 - 기타,승용,남,57세,상해없음,보행자,남,64세,경상
2022120300100178,2022년 12월 3일 11시,토요일,전라남도 화순군 화순읍,경상사고,0,0,1,0,차대차 - 측면충돌,교차로운행방법위반,건조,맑음,교차로 - 교차로안,승용,남,66세,상해없음,승용,여,59세,경상
2022120300100179,2022년 12월 3일 11시,토요일,전라남도 광양시 광양읍,경상사고,0,0,3,0,차대차 - 측면충돌,안전거리미확보,건조,맑음,단일로 - 기타,승용,여,52세,상해없음,승용,남,37세,경상
2022120300100209,2022년 12월 3일 12시,토요일,전라남도 보성군 보성읍,경상사고,0,0,1,0,차대차 - 정면충돌,안전운전불이행,건조,맑음,단일로 - 기타,화물,남,76세,상해없음,승용,여,50세,경상
2022120300100237,2022년 12월 3일 13시,토요일,전라남도 목포시 옥암동,중상사고,0,1,0,0,차대차 - 기타,안전운전불이행,건조,맑음,단일로 - 기타,이륜,남,21세,중상,승용,남,67세,상해없음
2022120300100238,2022년 12월 3일 13시,토요일,전라남도 해남군 삼산면,경상사고,0,0,1,0,차대차 - 측면충돌,중앙선침범,건조,흐림,단일로 - 기타,화물,여,59세,기타불명,승용,남,54세,경상
2022120300100239,2022년 12월 3일 13시,토요일,전라남도 광양시 광영동,중상사고,0,1,0,0,차대차 - 측면충돌,교차로운행방법위반,건조,맑음,교차로 - 교차로안,화물,남,41세,상해없음,이륜,남,19세,중상
2022120300100274,2022년 12월 3일 14시,토요일,전라남도 화순군 화순읍,경상사고,0,0,1,0,차대사람 - 기타,안전운전불이행,건조,맑음,단일로 - 기타,기타불명,남,71세,상해없음,보행자,여,60세,경상
2022120300100341,2022년 12월 3일 16시,토요일,전라남도 영암군 신북면,경상사고,0,0,3,1,차대차 - 추돌,안전운전불이행,건조,맑음,단일로 - 기타,승용,여,28세,상해없음,승용,남,54세,경상
2022120300100386,2022년 12월 3일 17시,토요일,전라남도 여수시 화양면,중상사고,0,2,0,1,차대차 - 추돌,안전운전불이행,건조,맑음,단일로 - 기타,승용,남,71세,부상신고,농기계,남,65세,중상
2022120300100387,2022년 12월 3일 17시,토요일,전라남도 여수시 주삼동,경상사고,0,0,1,0,차대차 - 측면충돌,안전운전불이행,건조,맑음,단일로 - 기타,승용,여,57세,기타불명,승용,남,39세,경상
2022120300100388,2022년 12월 3일 17시,토요일,전라남도 담양군 용면,경상사고,0,0,1,0,차대차 - 기타,안전운전불이행,건조,맑음,단일로 - 기타,이륜,남,25세,경상,이륜,남,30세,상해없음
2022120300100421,2022년 12월 3일 18시,토요일,전라남도 순천시 연향동,경상사고,0,0,1,0,차대차 - 기타,직진우회전진행방해,건조,맑음,교차로 - 교차로안,승용,남,75세,상해없음,승용,여,59세,경상
2022120300100422,2022년 12월 3일 18시,토요일,전라남도 화순군 백아면,경상사고,0,0,1,0,차량단독 - 전도전복 - 전도,안전운전불이행,건조,맑음,단일로 - 기타,화물,남,65세,경상,,,,
2022120300100423,2022년 12월 3일 18시,토요일,전라남도 진도군 의신면,중상사고,0,1,0,0,차대차 - 추돌,안전운전불이행,건조,맑음,단일로 - 기타,승용,여,29세,상해없음,농기계,남,80세,중상
2022120300100424,2022년 12월 3일 18시,토요일,전라남도 광양시 광양읍,부상신고사고,0,0,0,1,차대차 - 측면충돌,안전거리미확보,건조,맑음,교차로 - 교차로부근,승용,남,63세,상해없음,자전거,남,59세,부상신고
2022120300100458,2022년 12월 3일 19시,토요일,전라남도 나주시 영산동,경상사고,0,0,2,0,차대차 - 측면충돌,안전운전불이행,건조,맑음,단일로 - 교량,승합,여,48세,상해없음,승용,남,42세,경상
2022120300100518,2022년 12월 3일 21시,토요일,전라남도 광양시 마동,경상사고,0,0,1,0,차대차 - 추돌,안전운전불이행,건조,맑음,교차로 - 교차로부근,승용,남,53세,상해없음,승용,여,59세,기타불명
2022120400100062,2022년 12월 4일 08시,일요일,전라남도 함평군 함평읍,부상신고사고,0,0,0,1,차대차 - 측면충돌,안전운전불이행,건조,맑음,교차로 - 교차로안,승용,남,18세,부상신고,승용,여,60세,상해없음
2022120400100074,2022년 12월 4일 09시,일요일,전라남도 화순군 사평면,경상사고,0,0,1,0,차대차 - 기타,안전운전불이행,건조,맑음,기타 - 기타,이륜,남,53세,경상,화물,남,82세,상해없음
2022120400100095,2022년 12월 4일 10시,일요일,전라남도 여수시 소라면,중상사고,0,1,1,0,차대차 - 정면충돌,안전운전불이행,건조,맑음,단일로 - 기타,승용,남,41세,경상,승용,남,66세,중상
2022120400100117,2022년 12월 4일 11시,일요일,전라남도 목포시 용해동,경상사고,0,0,1,0,차대차 - 정면충돌,신호위반,건조,맑음,교차로 - 교차로안,승용,남,60세,상해없음,승용,남,53세,경상
2022120400100118,2022년 12월 4일 11시,일요일,전라남도 목포시 상동,경상사고,0,0,1,0,차대차 - 기타,신호위반,건조,맑음,교차로 - 교차로안,승용,남,48세,상해없음,승용,남,64세,경상
2022120400100140,2022년 12월 4일 12시,일요일,전라남도 영암군 학산면,경상사고,0,0,4,0,차대차 - 추돌,안전운전불이행,건조,맑음,교차로 - 교차로부근,화물,남,69세,경상,승용,여,36세,경상
2022120400100141,2022년 12월 4일 12시,일요일,전라남도 광양시 광양읍,경상사고,0,0,1,0,차대차 - 측면충돌,안전운전불이행,건조,맑음,교차로 - 교차로안,승용,남,54세,상해없음,승용,남,43세,경상
2022120400100167,2022년 12월 4일 13시,일요일,전라남도 담양군 담양읍,경상사고,0,0,3,0,차대차 - 후진중충돌,안전운전불이행,건조,맑음,단일로 - 기타,승용,남,54세,상해없음,승합,여,60세,경상
2022120400100218,2022년 12월 4일 15시,일요일,전라남도 여수시 신기동,중상사고,0,1,1,0,차대차 - 측면충돌,안전운전불이행,건조,맑음,교차로 - 교차로부근,승용,여,50세,경상,이륜,남,24세,중상
2022120400100219,2022년 12월 4일 15시,일요일,전라남도 나주시 교동,경상사고,0,0,1,0,차대차 - 추돌,안전운전불이행,건조,맑음,단일로 - 기타,승용,남,28세,상해없음,승합,남,61세,경상
2022120400100279,2022년 12월 4일 17시,일요일,전라남도 영암군 덕진면,경상사고,0,0,2,0,차대차 - 측면충돌,교차로운행방법위반,건조,맑음,교차로 - 교차로안,화물,남,61세,경상,승용,여,56세,경상
2022120400100308,2022년 12월 4일 18시,일요일,전라남도 여수시 화장동,경상사고,0,0,1,0,차대차 - 기타,안전운전불이행,건조,맑음,교차로 - 교차로부근,승용,남,67세,상해없음,승용,여,52세,경상
2022120400100338,2022년 12월 4일 19시,일요일,전라남도 여수시 연등동,경상사고,0,0,1,0,차대차 - 기타,안전운전불이행,건조,맑음,단일로 - 기타,승합,남,52세,상해없음,승용,남,57세,상해없음
2022120400100365,2022년 12월 4일 20시,일요일,전라남도 함평군 월야면,경상사고,0,0,1,2,차대차 - 측면충돌,기타,건조,맑음,교차로 - 교차로안,승합,남,71세,상해없음,화물,남,27세,부상신고
2022120400100383,2022년 12월 4일 21시,일요일,전라남도 여수시 여서동,경상사고,0,0,1,0,차대차 - 측면충돌,직진우회전진행방해,건조,맑음,교차로 - 교차로안,승용,남,30세,상해없음,이륜,남,22세,경상
2022120400100384,2022년 12월 4일 21시,일요일,전라남도 보성군 보성읍,경상사고,0,0,2,0,차대차 - 정면충돌,중앙선침범,건조,맑음,교차로 - 교차로부근,화물,남,46세,상해없음,화물,남,62세,경상
2022120400100396,2022년 12월 4일 22시,일요일,전라남도 광양시 중동,경상사고,0,0,2,0,차대차 - 측면충돌,안전운전불이행,건조,맑음,주차장 - 주차장,승용,남,52세,상해없음,승용,남,37세,상해없음
2022120400100402,2022년 12월 4일 23시,일요일,전라남도 화순군 화순읍,경상사고,0,0,1,0,차대차 - 기타,기타,건조,맑음,단일로 - 기타,승용,남,52세,상해없음,개인형이동수단(PM),남,16세,경상
2022120500100029,2022년 12월 5일 06시,월요일,전라남도 여수시 화장동,경상사고,0,0,3,0,차대차 - 측면충돌,중앙선침범,건조,맑음,단일로 - 기타,승용,남,56세,상해없음,승용,남,28세,경상
2022120500100039,2022년 12월 5일 07시,월요일,전라남도 광양시 마동,경상사고,0,0,2,1,차대차 - 정면충돌,중앙선침범,건조,맑음,단일로 - 기타,승용,여,28세,부상신고,승용,남,44세,경상
2022120500100072,2022년 12월 5일 08시,월요일,전라남도 순천시 해룡면,경상사고,0,0,1,0,차대차 - 기타,안전운전불이행,건조,맑음,단일로 - 기타,승용,여,25세,상해없음,승용,남,59세,경상
2022120500100073,2022년 12월 5일 08시,월요일,전라남도 고흥군 동강면,중상사고,0,1,0,0,차대차 - 기타,교차로운행방법위반,건조,맑음,교차로 - 교차로안,승용,남,61세,상해없음,원동기,여,44세,중상
2022120500100074,2022년 12월 5일 08시,월요일,전라남도 영암군 삼호읍,부상신고사고,0,0,0,1,차대차 - 기타,안전운전불이행,건조,맑음,단일로 - 기타,승합,남,59세,상해없음,승용,남,22세,부상신고
2022120500100098,2022년 12월 5일 09시,월요일,전라남도 목포시 석현동,경상사고,0,0,2,0,차대차 - 기타,중앙선침범,건조,맑음,단일로 - 기타,승용,여,42세,상해없음,승용,남,36세,경상
2022120500100099,2022년 12월 5일 09시,월요일,전라남도 담양군 담양읍,경상사고,0,0,1,0,차대차 - 추돌,안전운전불이행,건조,맑음,교차로 - 교차로부근,승합,남,70세,상해없음,화물,남,65세,경상
2022120500100129,2022년 12월 5일 10시,월요일,전라남도 목포시 용해동,경상사고,0,0,1,0,차대차 - 기타,안전운전불이행,건조,맑음,교차로 - 교차로안,승용,남,33세,상해없음,자전거,남,66세,경상
2022120500100155,2022년 12월 5일 11시,월요일,전라남도 해남군 해남읍,경상사고,0,0,1,0,차대사람 - 기타,중앙선침범,건조,맑음,단일로 - 기타,승용,남,58세,상해없음,보행자,여,48세,경상
2022120500100200,2022년 12월 5일 13시,월요일,전라남도 완도군 완도읍,경상사고,0,0,2,0,차대차 - 측면충돌,교차로운행방법위반,건조,맑음,교차로 - 교차로안,승용,남,45세,상해없음,승용,남,49세,경상
2022120500100234,2022년 12월 5일 14시,월요일,전라남도 장흥군 안양면,경상사고,0,0,3,0,차대차 - 기타,교차로운행방법위반,건조,맑음,교차로 - 교차로안,승용,여,25세,경상,승용,여,31세,경상
2022120500100235,2022년 12월 5일 14시,월요일,전라남도 장흥군 회진면,경상사고,0,0,2,0,차대차 - 측면충돌,직진우회전진행방해,건조,맑음,교차로 - 교차로안,화물,남,64세,상해없음,승용,여,47세,경상
2022120500100301,2022년 12월 5일 16시,월요일,전라남도 목포시 석현동,경상사고,0,0,1,0,차대차 - 측면충돌,안전운전불이행,건조,맑음,단일로 - 기타,승합,남,66세,상해없음,승용,남,34세,경상
2022120500100302,2022년 12월 5일 16시,월요일,전라남도 여수시 문수동,경상사고,0,0,1,0,차대차 - 측면충돌,신호위반,건조,맑음,교차로 - 교차로횡단보도내,승용,여,60세,상해없음,자전거,남,31세,경상
2022120500100340,2022년 12월 5일 17시,월요일,전라남도 나주시 성북동,경상사고,0,0,2,0,차대차 - 측면충돌,안전운전불이행,건조,맑음,기타 - 기타,승용,남,78세,상해없음,승합,남,47세,경상
2022120500100341,2022년 12월 5일 17시,월요일,전라남도 광양시 광양읍,경상사고,0,0,1,0,차대사람 - 횡단중,보행자보호의무위반,건조,맑음,기타 - 기타,승용,남,67세,상해없음,보행자,여,20세,경상
2022120500100380,2022년 12월 5일 18시,월요일,전라남도 목포시 상동,경상사고,0,0,1,0,차대차 - 정면충돌,신호위반,건조,맑음,교차로 - 교차로안,승용,여,69세,상해없음,이륜,남,31세,경상
2022120500100381,2022년 12월 5일 18시,월요일,전라남도 영암군 금정면,중상사고,0,1,0,0,차대사람 - 차도통행중,안전운전불이행,건조,맑음,단일로 - 기타,승용,여,38세,상해없음,보행자,남,52세,중상
2022120500100382,2022년 12월 5일 18시,월요일,전라남도 광양시 광양읍,부상신고사고,0,0,0,1,차대사람 - 횡단중,안전운전불이행,건조,맑음,교차로 - 교차로부근,승용,남,62세,상해없음,보행자,여,32세,부상신고
2022120500100489,2022년 12월 5일 21시,월요일,전라남도 해남군 해남읍,경상사고,0,0,1,0,차량단독 - 공작물충돌,안전운전불이행,건조,맑음,단일로 - 기타,화물,남,32세,경상,,,,
2022120500100506,2022년 12월 5일 22시,월요일,전라남도 여수시 학동,중상사고,0,2,0,0,차대차 - 정면충돌,중앙선침범,건조,맑음,단일로 - 기타,승용,여,45세,상해없음,승용,남,27세,중상
2022120600100018,2022년 12월 6일 04시,화요일,전라남도 여수시 신월동,경상사고,0,0,2,1,차대차 - 기타,신호위반,건조,맑음,교차로 - 교차로안,이륜,남,45세,상해없음,승용,남,67세,부상신고
2022120600100043,2022년 12월 6일 06시,화요일,전라남도 해남군 현산면,사망사고,1,1,2,0,차대차 - 추돌,기타,건조,맑음,단일로 - 기타,승용,남,74세,경상,화물,남,58세,경상
2022120600100117,2022년 12월 6일 08시,화요일,전라남도 순천시 장천동,경상사고,0,0,1,0,차대차 - 추돌,안전운전불이행,건조,맑음,단일로 - 기타,승용,남,69세,상해없음,승용,남,46세,경상
2022120600100118,2022년 12월 6일 08시,화요일,전라남도 담양군 담양읍,경상사고,0,0,1,0,차대사람 - 차도통행중,안전운전불이행,건조,맑음,단일로 - 기타,화물,남,63세,상해없음,보행자,여,41세,경상
2022120600100119,2022년 12월 6일 08시,화요일,전라남도 곡성군 옥과면,중상사고,0,1,0,0,차대사람 - 기타,안전운전불이행,건조,맑음,주차장 - 주차장,승용,남,25세,상해없음,보행자,여,21세,중상
2022120600100179,2022년 12월 6일 09시,화요일,전라남도 장흥군 용산면,중상사고,0,1,1,0,차대차 - 측면충돌,직진우회전진행방해,건조,맑음,교차로 - 교차로안,승용,여,62세,경상,승용,여,51세,중상
2022120600100180,2022년 12월 6일 09시,화요일,전라남도 영암군 영암읍,중상사고,0,1,0,0,차대사람 - 기타,안전운전불이행,건조,맑음,기타 - 기타,승용,남,32세,상해없음,보행자,여,59세,중상
2022120600100250,2022년 12월 6일 11시,화요일,전라남도 목포시 중앙동2가,경상사고,0,0,1,0,차대차 - 측면충돌,교차로운행방법위반,건조,맑음,교차로 - 교차로안,자전거,남,71세,경상,승용,여,70세,상해없음
2022120600100251,2022년 12월 6일 11시,화요일,전라남도 여수시 충무동,경상사고,0,0,1,0,차대차 - 기타,안전거리미확보,건조,맑음,단일로 - 기타,승용,여,51세,상해없음,화물,남,55세,경상
2022120600100320,2022년 12월 6일 14시,화요일,전라남도 여수시 선원동,경상사고,0,0,1,0,차대사람 - 차도통행중,안전운전불이행,건조,맑음,교차로 - 교차로부근,승용,남,80세,상해없음,보행자,여,67세,경상
2022120600100364,2022년 12월 6일 15시,화요일,전라남도 곡성군 죽곡면,중상사고,0,1,4,0,차대차 - 측면충돌,중앙선침범,건조,맑음,단일로 - 기타,승합,여,68세,경상,건설기계,남,61세,경상
2022120600100396,2022년 12월 6일 16시,화요일,전라남도 함평군 함평읍,경상사고,0,0,1,0,차대차 - 측면충돌,교차로운행방법위반,건조,맑음,교차로 - 교차로안,이륜,여,82세,경상,승용,남,33세,상해없음
2022120600100453,2022년 12월 6일 17시,화요일,전라남도 목포시 연산동,경상사고,0,0,1,0,차대사람 - 기타,안전운전불이행,건조,맑음,단일로 - 기타,승용,남,79세,상해없음,보행자,남,8세,경상
2022120600100454,2022년 12월 6일 17시,화요일,전라남도 목포시 상동,경상사고,0,0,1,0,차대차 - 기타,안전운전불이행,건조,맑음,기타 - 기타,승용,남,68세,기타불명,화물,남,78세,경상
2022120600100455,2022년 12월 6일 17시,화요일,전라남도 여수시 신기동,중상사고,0,1,0,0,차대사람 - 횡단중,보행자보호의무위반,건조,맑음,단일로 - 기타,승용,남,34세,상해없음,보행자,여,57세,중상
2022120600100456,2022년 12월 6일 17시,화요일,전라남도 해남군 문내면,중상사고,0,1,0,0,차량단독 - 전도전복 - 전복,안전운전불이행,건조,맑음,단일로 - 기타,화물,남,49세,기타불명,,,,
2022120600100457,2022년 12월 6일 17시,화요일,전라남도 영암군 삼호읍,경상사고,0,0,1,0,차대차 - 추돌,안전운전불이행,건조,맑음,단일로 - 기타,승합,남,47세,상해없음,화물,남,68세,경상
2022120600100505,2022년 12월 6일 18시,화요일,전라남도 목포시 옥암동,중상사고,0,1,1,0,차대차 - 측면충돌,안전운전불이행,건조,맑음,교차로 - 교차로안,승용,여,49세,경상,이륜,남,24세,중상
2022120600100506,2022년 12월 6일 18시,화요일,전라남도 여수시 학동,경상사고,0,0,1,0,차대차 - 기타,신호위반,건조,맑음,교차로 - 교차로안,승용,남,70세,상해없음,이륜,남,49세,경상
2022120600100507,2022년 12월 6일 18시,화요일,전라남도 여수시 둔덕동,경상사고,0,0,1,0,차대차 - 정면충돌,교차로운행방법위반,건조,맑음,교차로 - 교차로안,승용,남,25세,상해없음,승용,남,80세,경상
2022120600100546,2022년 12월 6일 19시,화요일,전라남도 목포시 상동,경상사고,0,0,1,0,차대사람 - 보도통행중,보행자보호의무위반,건조,맑음,단일로 - 기타,승용,남,58세,상해없음,보행자,여,21세,경상
2022120600100547,2022년 12월 6일 19시,화요일,전라남도 목포시 산정동,경상사고,0,0,3,0,차량단독 - 기타,안전운전불이행,건조,맑음,단일로 - 기타,승용,여,47세,경상,,,,
2022120600100548,2022년 12월 6일 19시,화요일,전라남도 함평군 신광면,경상사고,0,0,3,0,차대차 - 측면충돌,기타,건조,맑음,교차로 - 교차로안,화물,남,70세,상해없음,이륜,남,18세,경상
2022120600100549,2022년 12월 6일 19시,화요일,전라남도 담양군 대전면,경상사고,0,0,3,0,차대차 - 추돌,안전운전불이행,건조,맑음,교차로 - 교차로부근,승용,여,69세,경상,승용,남,61세,경상
2022120600100580,2022년 12월 6일 20시,화요일,전라남도 목포시 호남동,경상사고,0,0,1,0,차대차 - 기타,안전운전불이행,건조,맑음,단일로 - 기타,승용,여,53세,상해없음,승합,남,58세,경상
2022120600100604,2022년 12월 6일 21시,화요일,전라남도 목포시 용당동,경상사고,0,0,1,0,차대사람 - 차도통행중,안전운전불이행,건조,흐림,교차로 - 교차로부근,승용,남,23세,상해없음,보행자,남,63세,경상
2022120600100605,2022년 12월 6일 21시,화요일,전라남도 해남군 해남읍,경상사고,0,0,1,0,차대사람 - 기타,안전운전불이행,건조,맑음,단일로 - 기타,승용,남,43세,상해없음,보행자,남,72세,경상
2022120700100105,2022년 12월 7일 08시,수요일,전라남도 나주시 남평읍,사망사고,1,0,0,0,차대차 - 측면충돌,안전운전불이행,건조,맑음,교차로 - 교차로안,자전거,남,61세,사망,승용,남,57세,상해없음
2022120700100136,2022년 12월 7일 09시,수요일,전라남도 진도군 임회면,중상사고,0,1,0,0,차대차 - 측면충돌,중앙선침범,건조,맑음,단일로 - 기타,화물,남,70세,상해없음,이륜,남,82세,중상
2022120700100165,2022년 12월 7일 10시,수요일,전라남도 순천시 인제동,중상사고,0,1,0,0,차대사람 - 기타,안전운전불이행,건조,맑음,단일로 - 기타,화물,남,56세,상해없음,보행자,남,83세,중상
2022120700100166,2022년 12월 7일 10시,수요일,전라남도 강진군 강진읍,경상사고,0,0,1,0,차대사람 - 차도통행중,안전운전불이행,건조,맑음,단일로 - 기타,화물,남,81세,상해없음,보행자,남,72세,경상
2022120700100190,2022년 12월 7일 11시,수요일,전라남도 목포시 산정동,중상사고,0,1,1,0,차대차 - 측면충돌,안전거리미확보,건조,맑음,교차로 - 교차로안,승합,여,54세,경상,이륜,남,42세,중상
2022120700100191,2022년 12월 7일 11시,수요일,전라남도 순천시 덕월동,중상사고,0,1,0,0,차대차 - 정면충돌,중앙선침범,건조,맑음,단일로 - 기타,승용,남,61세,상해없음,이륜,남,33세,중상
2022120700100216,2022년 12월 7일 12시,수요일,전라남도 여수시 덕충동,경상사고,0,0,3,0,차대차 - 기타,안전운전불이행,건조,맑음,단일로 - 기타,승용,남,69세,상해없음,승용,남,35세,경상
2022120700100217,2022년 12월 7일 12시,수요일,전라남도 담양군 대전면,경상사고,0,0,2,0,차대차 - 추돌,안전운전불이행,건조,맑음,단일로 - 기타,승용,남,30세,상해없음,화물,남,51세,경상
2022120700100280,2022년 12월 7일 14시,수요일,전라남도 여수시 오림동,경상사고,0,0,2,0,차대차 - 측면충돌,교차로운행방법위반,건조,맑음,교차로 - 교차로안,승용,남,41세,상해없음,승용,남,35세,경상
2022120700100281,2022년 12월 7일 14시,수요일,전라남도 진도군 임회면,경상사고,0,0,1,0,차대사람 - 기타,안전운전불이행,건조,맑음,기타 - 기타,화물,남,49세,상해없음,보행자,여,64세,경상
2022120700100308,2022년 12월 7일 15시,수요일,전라남도 목포시 용해동,경상사고,0,0,1,1,차대차 - 측면충돌,안전운전불이행,건조,맑음,교차로 - 교차로안,승용,여,44세,부상신고,승용,남,71세,경상
2022120700100309,2022년 12월 7일 15시,수요일,전라남도 여수시 화양면,경상사고,0,0,2,0,차대차 - 측면충돌,신호위반,건조,맑음,교차로 - 교차로안,화물,남,58세,상해없음,승합,남,62세,경상
2022120700100342,2022년 12월 7일 16시,수요일,전라남도 담양군 담양읍,경상사고,0,0,1,0,차대차 - 측면충돌,신호위반,건조,맑음,교차로 - 교차로안,승용,남,24세,상해없음,승용,남,49세,경상
2022120700100399,2022년 12월 7일 17시,수요일,전라남도 순천시 연향동,경상사고,0,0,1,0,차대차 - 정면충돌,안전운전불이행,건조,맑음,단일로 - 기타,승용,남,41세,상해없음,승용,여,35세,경상
2022120700100465,2022년 12월 7일 18시,수요일,전라남도 목포시 산정동,경상사고,0,0,1,0,차대차 - 측면충돌,신호위반,건조,맑음,교차로 - 교차로안,승용,여,45세,상해없음,승용,여,38세,경상
2022120700100466,2022년 12월 7일 18시,수요일,전라남도 광양시 진상면,경상사고,0,0,1,0,차대차 - 기타,안전운전불이행,건조,맑음,단일로 - 기타,화물,남,62세,상해없음,승용,남,46세,상해없음
2022120700100521,2022년 12월 7일 19시,수요일,전라남도 진도군 진도읍,경상사고,0,0,1,0,차대차 - 후진중충돌,안전운전불이행,건조,맑음,단일로 - 기타,화물,남,81세,상해없음,화물,남,26세,경상
2022120700100559,2022년 12월 7일 20시,수요일,전라남도 목포시 산정동,경상사고,0,0,1,0,차대차 - 정면충돌,안전운전불이행,건조,맑음,단일로 - 기타,승용,남,65세,상해없음,승용,남,41세,기타불명
2022120700100582,2022년 12월 7일 21시,수요일,전라남도 장흥군 장흥읍,경상사고,0,0,1,0,차대사람 - 기타,안전운전불이행,건조,맑음,단일로 - 기타,승용,남,56세,상해없음,보행자,남,17세,경상
2022120700100604,2022년 12월 7일 22시,수요일,전라남도 목포시 용당동,경상사고,0,0,1,1,차대차 - 측면충돌,신호위반,건조,맑음,교차로 - 교차로안,이륜,남,27세,부상신고,승용,여,34세,경상
2022120800100008,2022년 12월 8일 00시,목요일,전라남도 목포시 상동,경상사고,0,0,2,0,차대차 - 추돌,안전운전불이행,건조,맑음,단일로 - 기타,이륜,남,28세,경상,승용,여,51세,경상
2022120800100019,2022년 12월 8일 01시,목요일,전라남도 여수시 돌산읍,사망사고,1,0,0,0,차량단독 - 공작물충돌,안전운전불이행,건조,맑음,단일로 - 기타,이륜,남,28세,사망,,,,
2022120800100125,2022년 12월 8일 08시,목요일,전라남도 강진군 성전면,중상사고,0,1,1,0,차대차 - 추돌,기타,건조,맑음,단일로 - 기타,승용,남,41세,중상,승용,여,31세,경상
2022120800100209,2022년 12월 8일 10시,목요일,전라남도 순천시 조곡동,중상사고,0,1,4,0,차대차 - 측면충돌,안전운전불이행,건조,맑음,교차로 - 교차로안,승합,남,49세,상해없음,승용,남,26세,상해없음