사고번호,사고일시,요일,시군구,사고내용,사망자수,중상자수,경상자수,부상신고자수,사고유형,법규위반,노면상태,기상상태,도로형태,가해운전자 차종,가해운전자 성별,가해운전자 연령,가해운전자 상해정도,피해운전자 차종,피해운전자 성별,피해운전자 연령,피해운전자 상해정도
2022121400100108,2022년 12월 14일 08시,수요일,전라남도 해남군 삼산면,중상사고,0,1,0,0,차대차 - 측면충돌,기타,서리/결빙,눈,단일로 - 교량,승용,여,38세,상해없음,승용,여,55세,중상
2022121400100109,2022년 12월 14일 08시,수요일,전라남도 영암군 영암읍,경상사고,0,0,1,0,차대차 - 측면충돌,안전운전불이행,서리/결빙,흐림,단일로 - 기타,승용,남,30세,경상,화물,남,44세,상해없음
2022121400100157,2022년 12월 14일 09시,수요일,전라남도 목포시 옥암동,경상사고,0,0,3,0,차대차 - 기타,신호위반,젖음/습기,흐림,교차로 - 교차로안,승용,남,71세,경상,화물,남,33세,경상
2022121400100158,2022년 12월 14일 09시,수요일,전라남도 순천시 풍덕동,경상사고,0,0,1,0,차대차 - 기타,안전운전불이행,건조,맑음,단일로 - 기타,승용,남,66세,상해없음,승용,기타불명,미분류,기타불명
2022121400100159,2022년 12월 14일 09시,수요일,전라남도 고흥군 고흥읍,중상사고,0,1,0,0,차대사람 - 기타,안전운전불이행,건조,맑음,교차로 - 교차로부근,화물,남,43세,상해없음,보행자,여,79세,중상
2022121400100259,2022년 12월 14일 12시,수요일,전라남도 여수시 봉산동,경상사고,0,0,1,0,차대차 - 측면충돌,안전운전불이행,건조,맑음,교차로 - 교차로부근,화물,남,47세,상해없음,승용,여,61세,경상
2022121400100260,2022년 12월 14일 12시,수요일,전라남도 곡성군 죽곡면,중상사고,0,1,0,0,차량단독 - 공작물충돌,안전운전불이행,서리/결빙,맑음,단일로 - 기타,승용,여,58세,중상,,,,
2022121400100298,2022년 12월 14일 13시,수요일,전라남도 순천시 조례동,경상사고,0,0,1,0,차대사람 - 기타,안전운전불이행,건조,맑음,교차로 - 교차로부근,화물,남,36세,상해없음,보행자,여,81세,경상
2022121400100299,2022년 12월 14일 13시,수요일,전라남도 장흥군 용산면,경상사고,0,0,1,0,차대사람 - 기타,교차로운행방법위반,건조,맑음,교차로 - 교차로안,건설기계,남,65세,상해없음,보행자,여,87세,경상
2022121400100336,2022년 12월 14일 14시,수요일,전라남도 목포시 상동,경상사고,0,0,1,0,차대차 - 기타,안전운전불이행,건조,맑음,단일로 - 기타,승용,여,67세,상해없음,승용,남,33세,경상
2022121400100337,2022년 12월 14일 14시,수요일,전라남도 광양시 중동,경상사고,0,0,1,0,차대차 - 기타,교차로운행방법위반,건조,맑음,교차로 - 교차로안,승용,남,39세,상해없음,승용,여,43세,경상
2022121400100338,2022년 12월 14일 14시,수요일,전라남도 광양시 중동,중상사고,0,1,0,0,차대차 - 측면충돌,차로위반,건조,맑음,단일로 - 기타,자전거,남,85세,중상,화물,남,57세,상해없음
2022121400100373,2022년 12월 14일 15시,수요일,전라남도 여수시 학동,부상신고사고,0,0,0,1,차대차 - 측면충돌,안전운전불이행,건조,맑음,교차로 - 교차로안,승용,여,49세,상해없음,승용,남,61세,부상신고
2022121400100374,2022년 12월 14일 15시,수요일,전라남도 순천시 연향동,경상사고,0,0,1,0,차대차 - 기타,안전운전불이행,건조,맑음,단일로 - 기타,승용,여,49세,상해없음,이륜,남,34세,경상
2022121400100375,2022년 12월 14일 15시,수요일,전라남도 광양시 광양읍,경상사고,0,0,2,0,차대차 - 추돌,안전거리미확보,건조,맑음,교차로 - 교차로안,건설기계,남,63세,상해없음,승용,여,49세,경상
2022121400100413,2022년 12월 14일 16시,수요일,전라남도 광양시 광양읍,경상사고,0,0,1,0,차대차 - 추돌,안전거리미확보,건조,맑음,교차로 - 교차로안,승용,남,39세,상해없음,승용,여,58세,경상
2022121400100531,2022년 12월 14일 18시,수요일,전라남도 영암군 삼호읍,경상사고,0,0,1,0,차대사람 - 기타,안전운전불이행,건조,맑음,교차로 - 교차로부근,승용,여,56세,상해없음,보행자,남,7세,경상
2022121400100610,2022년 12월 14일 20시,수요일,전라남도 순천시 조례동,경상사고,0,0,1,0,차대차 - 측면충돌,안전운전불이행,건조,맑음,교차로 - 교차로횡단보도내,자전거,남,19세,경상,승용,남,35세,상해없음
2022121400100687,2022년 12월 14일 23시,수요일,전라남도 순천시 조례동,경상사고,0,0,1,0,차대사람 - 길가장자리구역통행중,중앙선침범,건조,맑음,교차로 - 교차로부근,승용,남,46세,상해없음,보행자,남,57세,경상
2022121500100034,2022년 12월 15일 03시,목요일,전라남도 나주시 문평면,중상사고,0,1,1,0,차대차 - 추돌,안전운전불이행,건조,맑음,단일로 - 기타,화물,남,43세,경상,화물,남,66세,중상
2022121500100047,2022년 12월 15일 05시,목요일,전라남도 나주시 다시면,중상사고,0,1,1,0,차대차 - 추돌,안전운전불이행,건조,맑음,단일로 - 기타,승용,여,50세,중상,화물,남,48세,경상
2022121500100065,2022년 12월 15일 06시,목요일,전라남도 나주시 빛가람동,경상사고,0,0,1,0,차대차 - 추돌,안전운전불이행,건조,맑음,단일로 - 기타,승용,남,28세,상해없음,승용,남,52세,경상
2022121500100066,2022년 12월 15일 06시,목요일,전라남도 완도군 고금면,경상사고,0,0,2,0,차대차 - 정면충돌,안전운전불이행,서리/결빙,흐림,단일로 - 기타,승용,여,27세,상해없음,화물,남,57세,경상
2022121500100122,2022년 12월 15일 08시,목요일,전라남도 강진군 군동면,중상사고,0,1,0,0,차대사람 - 횡단중,중앙선침범,건조,맑음,교차로 - 교차로부근,화물,남,58세,상해없음,보행자,여,82세,중상
2022121500100144,2022년 12월 15일 09시,목요일,전라남도 담양군 창평면,경상사고,0,0,1,0,차대차 - 측면충돌,안전운전불이행,건조,맑음,교차로 - 교차로안,승용,남,31세,상해없음,이륜,남,74세,경상
2022121500100145,2022년 12월 15일 09시,목요일,전라남도 무안군 삼향읍,경상사고,0,0,1,0,차대차 - 측면충돌,안전운전불이행,건조,맑음,교차로 - 교차로부근,승용,남,57세,상해없음,승용,여,24세,경상
2022121500100198,2022년 12월 15일 11시,목요일,전라남도 신안군 압해읍,경상사고,0,0,1,0,차대차 - 정면충돌,중앙선침범,건조,맑음,단일로 - 기타,화물,남,65세,기타불명,화물,여,60세,경상
2022121500100199,2022년 12월 15일 11시,목요일,전라남도 여수시 안산동,경상사고,0,0,2,0,차대차 - 추돌,안전운전불이행,건조,맑음,단일로 - 기타,화물,남,61세,상해없음,승합,남,60세,경상
2022121500100225,2022년 12월 15일 12시,목요일,전라남도 목포시 대성동,경상사고,0,0,2,0,차대사람 - 기타,안전운전불이행,건조,맑음,단일로 - 기타,이륜,남,79세,경상,보행자,남,25세,경상
2022121500100265,2022년 12월 15일 13시,목요일,전라남도 보성군 벌교읍,경상사고,0,0,2,0,차량단독 - 도로외이탈 - 기타,안전운전불이행,기타,맑음,단일로 - 기타,이륜,남,88세,경상,,,,
2022121500100266,2022년 12월 15일 13시,목요일,전라남도 화순군 화순읍,경상사고,0,0,2,0,차대차 - 측면충돌,교차로운행방법위반,건조,맑음,교차로 - 교차로부근,승용,여,41세,경상,승용,남,46세,경상
2022121500100267,2022년 12월 15일 13시,목요일,전라남도 광양시 마동,경상사고,0,0,2,0,차대차 - 측면충돌,교차로운행방법위반,건조,맑음,교차로 - 교차로안,승용,남,63세,경상,승용,여,44세,경상
2022121500100305,2022년 12월 15일 14시,목요일,전라남도 구례군 구례읍,경상사고,0,0,1,0,차대사람 - 차도통행중,안전운전불이행,건조,맑음,교차로 - 교차로부근,승용,남,62세,상해없음,보행자,여,29세,경상
2022121500100347,2022년 12월 15일 15시,목요일,전라남도 고흥군 동강면,경상사고,0,0,1,0,차대차 - 추돌,안전운전불이행,건조,맑음,단일로 - 기타,승용,남,34세,상해없음,승용,여,62세,경상
2022121500100382,2022년 12월 15일 16시,목요일,전라남도 여수시 율촌면,경상사고,0,0,1,0,차대차 - 측면충돌,안전거리미확보,건조,맑음,단일로 - 기타,승용,남,58세,상해없음,승용,남,41세,경상
2022121500100419,2022년 12월 15일 17시,목요일,전라남도 목포시 옥암동,경상사고,0,0,4,0,차대차 - 측면충돌,교차로운행방법위반,건조,맑음,교차로 - 교차로부근,승용,남,27세,경상,승용,여,23세,경상
2022121500100420,2022년 12월 15일 17시,목요일,전라남도 나주시 봉황면,사망사고,1,0,0,0,차대차 - 측면충돌,직진우회전진행방해,건조,맑음,교차로 - 교차로안,이륜,남,82세,사망,승용,남,56세,상해없음
2022121500100421,2022년 12월 15일 17시,목요일,전라남도 영암군 삼호읍,경상사고,0,0,2,0,차대차 - 측면충돌,신호위반,건조,맑음,교차로 - 교차로부근,승용,남,56세,상해없음,승용,남,42세,경상
2022121500100490,2022년 12월 15일 19시,목요일,전라남도 목포시 용당동,경상사고,0,0,1,0,차대사람 - 기타,안전운전불이행,건조,맑음,교차로 - 교차로안,승용,남,66세,상해없음,보행자,남,64세,경상
2022121500100491,2022년 12월 15일 19시,목요일,전라남도 여수시 여서동,경상사고,0,0,5,0,차대차 - 측면충돌,직진우회전진행방해,건조,맑음,단일로 - 기타,승용,남,66세,경상,승용,여,50세,경상
2022121500100557,2022년 12월 15일 22시,목요일,전라남도 목포시 상동,경상사고,0,0,1,0,차대사람 - 횡단중,안전운전불이행,건조,맑음,교차로 - 교차로부근,승용,남,40세,상해없음,보행자,남,28세,경상
2022121600100031,2022년 12월 16일 03시,금요일,전라남도 영암군 삼호읍,경상사고,0,0,2,0,차대차 - 측면충돌,신호위반,건조,맑음,교차로 - 교차로안,승용,남,27세,상해없음,화물,남,18세,경상
2022121600100043,2022년 12월 16일 05시,금요일,전라남도 여수시 월하동,경상사고,0,0,1,0,차대차 - 추돌,안전운전불이행,건조,맑음,단일로 - 기타,승용,남,30세,상해없음,건설기계,남,57세,경상
2022121600100053,2022년 12월 16일 06시,금요일,전라남도 여수시 둔덕동,경상사고,0,0,4,0,차대차 - 측면충돌,안전운전불이행,건조,맑음,단일로 - 기타,승용,여,59세,상해없음,승용,남,55세,경상
2022121600100069,2022년 12월 16일 07시,금요일,전라남도 함평군 해보면,경상사고,0,0,1,0,차대차 - 후진중충돌,안전운전불이행,건조,맑음,교차로 - 교차로안,승용,남,55세,상해없음,승용,남,40세,경상
2022121600100070,2022년 12월 16일 07시,금요일,전라남도 무안군 삼향읍,경상사고,0,0,1,0,차대차 - 정면충돌,안전운전불이행,건조,맑음,교차로 - 교차로안,승용,남,71세,상해없음,승합,남,46세,경상
2022121600100071,2022년 12월 16일 07시,금요일,전라남도 광양시 성황동,경상사고,0,0,1,0,차대차 - 측면충돌,안전운전불이행,건조,맑음,단일로 - 고가도로위,특수,남,62세,경상,건설기계,남,57세,기타불명
2022121600100103,2022년 12월 16일 08시,금요일,전라남도 목포시 용당동,경상사고,0,0,1,0,차대사람 - 기타,보행자보호의무위반,건조,맑음,기타 - 기타,승용,남,56세,상해없음,보행자,남,14세,경상
2022121600100104,2022년 12월 16일 08시,금요일,전라남도 목포시 용해동,경상사고,0,0,1,0,차대사람 - 횡단중,보행자보호의무위반,건조,맑음,기타 - 기타,승용,남,40세,상해없음,보행자,여,12세,경상
2022121600100105,2022년 12월 16일 08시,금요일,전라남도 장흥군 장흥읍,경상사고,0,0,1,0,차대사람 - 차도통행중,안전운전불이행,건조,맑음,단일로 - 기타,승용,남,42세,상해없음,보행자,남,42세,경상
2022121600100140,2022년 12월 16일 09시,금요일,전라남도 여수시 적량동,경상사고,0,0,1,0,차대차 - 기타,안전운전불이행,건조,맑음,단일로 - 기타,화물,남,48세,상해없음,특수,남,40세,경상
2022121600100172,2022년 12월 16일 10시,금요일,전라남도 해남군 산이면,중상사고,0,1,4,0,차대차 - 측면충돌,교차로운행방법위반,건조,맑음,교차로 - 교차로안,승용,여,70세,중상,승용,남,40세,경상
2022121600100173,2022년 12월 16일 10시,금요일,전라남도 완도군 완도읍,경상사고,0,0,1,0,차대차 - 기타,안전운전불이행,건조,맑음,교차로 - 교차로부근,승용,여,66세,상해없음,화물,남,39세,경상
2022121600100174,2022년 12월 16일 10시,금요일,전라남도 진도군 진도읍,경상사고,0,0,1,0,차대차 - 측면충돌,안전운전불이행,건조,맑음,교차로 - 교차로안,승용,여,41세,상해없음,자전거,남,59세,경상
2022121600100175,2022년 12월 16일 10시,금요일,전라남도 구례군 산동면,경상사고,0,0,2,0,차대차 - 측면충돌,교차로운행방법위반,건조,맑음,교차로 - 교차로안,승용,남,24세,경상,화물,남,70세,경상
2022121600100221,2022년 12월 16일 12시,금요일,전라남도 목포시 상동,중상사고,0,1,0,0,차대차 - 정면충돌,안전운전불이행,건조,맑음,단일로 - 기타,승용,여,52세,상해없음,이륜,남,22세,중상
2022121600100257,2022년 12월 16일 13시,금요일,전라남도 순천시 연향동,경상사고,0,0,1,0,차대차 - 기타,직진우회전진행방해,건조,맑음,교차로 - 교차로안,승용,여,58세,상해없음,이륜,남,28세,경상
2022121600100258,2022년 12월 16일 13시,금요일,전라남도 광양시 광양읍,중상사고,0,1,0,0,차대차 - 측면충돌,직진우회전진행방해,건조,맑음,교차로 - 교차로안,이륜,남,69세,중상,승합,여,64세,상해없음
2022121600100284,2022년 12월 16일 14시,금요일,전라남도 해남군 해남읍,중상사고,0,1,0,0,차대사람 - 횡단중,보행자보호의무위반,건조,맑음,교차로 - 교차로횡단보도내,화물,남,69세,상해없음,보행자,남,82세,중상
2022121600100316,2022년 12월 16일 15시,금요일,전라남도 순천시 대룡동,경상사고,0,0,1,0,차대차 - 추돌,안전거리미확보,건조,맑음,교차로 - 교차로부근,승용,남,64세,상해없음,승용,여,62세,경상
2022121600100351,2022년 12월 16일 16시,금요일,전라남도 여수시 소라면,경상사고,0,0,2,0,차대차 - 측면충돌,신호위반,건조,맑음,교차로 - 교차로안,승용,여,55세,경상,승용,여,49세,경상
2022121600100352,2022년 12월 16일 16시,금요일,전라남도 나주시 빛가람동,경상사고,0,0,2,0,차대차 - 측면충돌,신호위반,건조,맑음,교차로 - 교차로안,화물,남,60세,상해없음,승용,남,27세,경상
2022121600100353,2022년 12월 16일 16시,금요일,전라남도 영암군 삼호읍,경상사고,0,0,2,0,차대차 - 측면충돌,교차로운행방법위반,건조,맑음,교차로 - 교차로안,승용,여,48세,경상,승용,남,64세,경상
2022121600100391,2022년 12월 16일 17시,금요일,전라남도 순천시 장천동,중상사고,0,1,0,0,차대차 - 기타,직진우회전진행방해,건조,맑음,교차로 - 교차로안,승용,남,22세,상해없음,원동기,남,66세,중상
2022121600100392,2022년 12월 16일 17시,금요일,전라남도 순천시 해룡면,경상사고,0,0,1,0,차대차 - 추돌,안전운전불이행,건조,맑음,단일로 - 기타,승용,남,32세,상해없음,승용,여,36세,경상
2022121600100393,2022년 12월 16일 17시,금요일,전라남도 순천시 해룡면,경상사고,0,0,2,0,차대차 - 측면충돌,차로위반,건조,맑음,단일로 - 기타,승용,여,27세,상해없음,승용,남,30세,경상
2022121600100447,2022년 12월 16일 18시,금요일,전라남도 순천시 서면,중상사고,0,1,1,0,차대차 - 추돌,안전운전불이행,건조,맑음,단일로 - 기타,승용,여,49세,상해없음,승용,남,43세,경상
2022121600100479,2022년 12월 16일 19시,금요일,전라남도 목포시 산정동,경상사고,0,0,1,0,차대차 - 기타,안전운전불이행,건조,맑음,단일로 - 기타,승용,남,51세,상해없음,이륜,남,23세,경상
2022121600100480,2022년 12월 16일 19시,금요일,전라남도 순천시 해룡면,경상사고,0,0,1,0,차대차 - 후진중충돌,안전운전불이행,건조,맑음,단일로 - 기타,승용,남,46세,상해없음,이륜,남,23세,경상
2022121600100481,2022년 12월 16일 19시,금요일,전라남도 영광군 영광읍,중상사고,0,1,0,0,차대차 - 기타,안전운전불이행,건조,맑음,단일로 - 기타,승용,남,40세,중상,화물,남,49세,상해없음
2022121600100592,2022년 12월 16일 23시,금요일,전라남도 목포시 상동,부상신고사고,0,0,0,1,차대사람 - 차도통행중,기타,건조,맑음,교차로 - 교차로안,승용,남,44세,상해없음,보행자,여,26세,부상신고
2022121700100082,2022년 12월 17일 07시,토요일,전라남도 강진군 성전면,부상신고사고,0,0,0,5,차대차 - 추돌,안전운전불이행,적설,눈,단일로 - 기타,화물,남,61세,상해없음,승용,남,75세,부상신고
2022121700100083,2022년 12월 17일 07시,토요일,전라남도 무안군 무안읍,경상사고,0,0,1,0,차대차 - 측면충돌,안전운전불이행,서리/결빙,맑음,단일로 - 기타,화물,남,61세,상해없음,승용,남,30세,경상
2022121700100117,2022년 12월 17일 09시,토요일,전라남도 보성군 득량면,경상사고,0,0,2,0,차대차 - 기타,안전운전불이행,건조,맑음,교차로 - 교차로안,승합,남,67세,상해없음,승용,여,41세,상해없음
2022121700100118,2022년 12월 17일 09시,토요일,전라남도 장성군 장성읍,경상사고,0,0,1,0,차대사람 - 횡단중,안전운전불이행,적설,눈,단일로 - 기타,화물,남,72세,상해없음,보행자,여,83세,경상
2022121700100142,2022년 12월 17일 10시,토요일,전라남도 여수시 안산동,경상사고,0,0,1,0,차대차 - 추돌,안전운전불이행,건조,맑음,교차로 - 교차로부근,화물,남,44세,상해없음,승용,남,66세,경상
2022121700100143,2022년 12월 17일 10시,토요일,전라남도 여수시 웅천동,중상사고,0,1,0,0,차대사람 - 기타,안전운전불이행,건조,맑음,교차로 - 교차로부근,화물,남,76세,상해없음,보행자,여,71세,중상
2022121700100178,2022년 12월 17일 11시,토요일,전라남도 여수시 서교동,경상사고,0,0,1,0,차대차 - 기타,안전운전불이행,건조,맑음,단일로 - 기타,화물,여,68세,상해없음,승용,남,33세,경상
2022121700100179,2022년 12월 17일 11시,토요일,전라남도 순천시 서면,경상사고,0,0,2,0,차대차 - 측면충돌,안전거리미확보,건조,맑음,단일로 - 기타,건설기계,남,55세,상해없음,승용,남,64세,경상
2022121700100180,2022년 12월 17일 11시,토요일,전라남도 화순군 백아면,중상사고,0,1,1,0,차대차 - 정면충돌,안전운전불이행,서리/결빙,눈,단일로 - 기타,승용,여,57세,중상,승합,남,67세,경상
2022121700100255,2022년 12월 17일 13시,토요일,전라남도 여수시 학동,경상사고,0,0,1,0,차대사람 - 횡단중,신호위반,건조,맑음,교차로 - 교차로안,승용,여,62세,상해없음,보행자,여,21세,경상
2022121700100256,2022년 12월 17일 13시,토요일,전라남도 화순군 능주면,경상사고,0,0,4,0,차대차 - 측면충돌,교차로운행방법위반,건조,맑음,교차로 - 교차로안,승용,남,70세,경상,승용,남,29세,경상
2022121700100353,2022년 12월 17일 16시,토요일,전라남도 순천시 남정동,경상사고,0,0,1,0,차대차 - 측면충돌,교차로운행방법위반,건조,맑음,교차로 - 교차로안,승용,남,38세,상해없음,자전거,남,62세,경상
2022121700100354,2022년 12월 17일 16시,토요일,전라남도 담양군 수북면,사망사고,1,0,0,0,차량단독 - 전도전복 - 전도,안전운전불이행,건조,흐림,단일로 - 기타,사륜오토바이(ATV),남,57세,사망,,,,
2022121700100432,2022년 12월 17일 18시,토요일,전라남도 목포시 상동,경상사고,0,0,1,0,차대차 - 기타,중앙선침범,건조,맑음,단일로 - 기타,승용,여,65세,상해없음,승용,남,45세,경상
2022121700100466,2022년 12월 17일 19시,토요일,전라남도 강진군 칠량면,중상사고,0,4,0,1,차대차 - 정면충돌,중앙선침범,서리/결빙,눈,단일로 - 기타,승용,남,61세,부상신고,화물,남,61세,중상
2022121800100012,2022년 12월 18일 00시,일요일,전라남도 장흥군 용산면,경상사고,0,0,1,0,차량단독 - 공작물충돌,안전운전불이행,서리/결빙,눈,단일로 - 기타,승용,여,45세,경상,,,,
2022121800100048,2022년 12월 18일 03시,일요일,전라남도 광양시 중동,경상사고,0,0,1,0,차대차 - 기타,안전운전불이행,건조,맑음,교차로 - 교차로부근,화물,여,46세,상해없음,승용,남,30세,경상
2022121800100060,2022년 12월 18일 06시,일요일,전라남도 보성군 벌교읍,경상사고,0,0,1,0,차대차 - 측면충돌,안전운전불이행,서리/결빙,눈,단일로 - 기타,승용,남,55세,상해없음,화물,남,54세,경상
2022121800100068,2022년 12월 18일 07시,일요일,전라남도 함평군 함평읍,경상사고,0,0,1,0,차대차 - 측면충돌,신호위반,적설,눈,교차로 - 교차로안,승용,남,54세,상해없음,승합,남,55세,경상
2022121800100074,2022년 12월 18일 08시,일요일,전라남도 장성군 장성읍,중상사고,0,1,0,0,차대차 - 측면충돌,안전운전불이행,적설,눈,단일로 - 기타,승합,남,67세,상해없음,승용,남,59세,중상
2022121800100098,2022년 12월 18일 10시,일요일,전라남도 나주시 빛가람동,경상사고,0,0,1,0,차대차 - 추돌,안전거리미확보,서리/결빙,눈,교차로 - 교차로부근,승용,여,40세,상해없음,승용,남,46세,경상
2022121800100099,2022년 12월 18일 10시,일요일,전라남도 강진군 도암면,중상사고,0,1,1,0,차량단독 - 공작물충돌,안전운전불이행,서리/결빙,눈,단일로 - 기타,화물,남,30세,경상,,,,
2022121800100125,2022년 12월 18일 11시,일요일,전라남도 신안군 암태면,경상사고,0,0,1,0,차대차 - 측면충돌,안전운전불이행,서리/결빙,눈,단일로 - 기타,승용,여,56세,상해없음,화물,남,50세,경상
2022121800100173,2022년 12월 18일 13시,일요일,전라남도 화순군 화순읍,경상사고,0,0,1,0,차대차 - 측면충돌,안전운전불이행,적설,눈,단일로 - 기타,승용,남,51세,상해없음,승용,남,44세,경상
2022121800100207,2022년 12월 18일 14시,일요일,전라남도 순천시 주암면,경상사고,0,0,2,0,차대차 - 추돌,안전운전불이행,건조,맑음,단일로 - 기타,승용,여,29세,상해없음,승용,남,58세,경상
2022121800100237,2022년 12월 18일 15시,일요일,전라남도 순천시 연향동,중상사고,0,1,0,0,차대차 - 기타,직진우회전진행방해,건조,맑음,교차로 - 교차로안,승용,남,59세,상해없음,이륜,남,79세,중상
2022121800100238,2022년 12월 18일 15시,일요일,전라남도 장흥군 장흥읍,경상사고,0,0,1,0,차대사람 - 길가장자리구역통행중,안전운전불이행,젖음/습기,흐림,교차로 - 교차로부근,승용,남,57세,상해없음,보행자,남,30세,경상
2022121800100284,2022년 12월 18일 17시,일요일,전라남도 보성군 벌교읍,중상사고,0,1,0,0,차량단독 - 전도전복 - 전도,안전운전불이행,서리/결빙,맑음,단일로 - 기타,이륜,남,85세,중상,,,,
2022121800100310,2022년 12월 18일 18시,일요일,전라남도 순천시 풍덕동,경상사고,0,0,1,0,차대사람 - 보도통행중,보행자보호의무위반,건조,맑음,교차로 - 교차로횡단보도내,승용,여,32세,상해없음,보행자,남,39세,경상
2022121800100375,2022년 12월 18일 20시,일요일,전라남도 담양군 대전면,중상사고,0,1,0,0,차대사람 - 기타,안전운전불이행,적설,맑음,단일로 - 기타,화물,여,61세,상해없음,보행자,여,66세,중상
2022121800100415,2022년 12월 18일 22시,일요일,전라남도 해남군 계곡면,사망사고,1,0,0,0,차대사람 - 횡단중,안전운전불이행,젖음/습기,눈,단일로 - 기타,승용,남,55세,상해없음,보행자,남,46세,사망
2022121900100002,2022년 12월 19일 00시,월요일,전라남도 무안군 삼향읍,경상사고,0,0,1,0,차대차 - 기타,안전운전불이행,서리/결빙,눈,교차로 - 교차로안,승용,남,41세,상해없음,승용,남,48세,경상
2022121900100073,2022년 12월 19일 07시,월요일,전라남도 여수시 웅천동,경상사고,0,0,1,0,차대사람 - 횡단중,보행자보호의무위반,건조,맑음,교차로 - 교차로안,승용,남,73세,상해없음,보행자,여,13세,경상
2022121900100107,2022년 12월 19일 08시,월요일,전라남도 여수시 소호동,경상사고,0,0,1,0,차대차 - 측면충돌,안전거리미확보,건조,맑음,단일로 - 기타,승용,여,56세,상해없음,승용,여,25세,경상
2022121900100108,2022년 12월 19일 08시,월요일,전라남도 장흥군 장흥읍,경상사고,0,0,1,0,차대차 - 추돌,안전운전불이행,서리/결빙,흐림,단일로 - 기타,승용,남,58세,상해없음,화물,남,64세,경상
2022121900100143,2022년 12월 19일 09시,월요일,전라남도 여수시 돌산읍,경상사고,0,0,1,0,차대차 - 측면충돌,교차로운행방법위반,건조,맑음,교차로 - 교차로부근,승합,여,56세,상해없음,승용,남,46세,경상
2022121900100144,2022년 12월 19일 09시,월요일,전라남도 해남군 현산면,중상사고,0,1,0,0,차량단독 - 공작물충돌,안전운전불이행,서리/결빙,맑음,단일로 - 기타,승합,남,72세,기타불명,,,,
2022121900100145,2022년 12월 19일 09시,월요일,전라남도 구례군 구례읍,중상사고,0,1,1,0,차대차 - 측면충돌,교차로운행방법위반,건조,맑음,교차로 - 교차로안,이륜,남,76세,중상,승용,여,52세,경상
2022121900100235,2022년 12월 19일 12시,월요일,전라남도 여수시 신월동,중상사고,0,1,1,0,차대차 - 측면충돌,중앙선침범,건조,맑음,단일로 - 기타,승용,여,35세,상해없음,승용,남,50세,경상
2022121900100335,2022년 12월 19일 15시,월요일,전라남도 목포시 용당동,경상사고,0,0,1,0,차대차 - 추돌,신호위반,건조,맑음,교차로 - 교차로안,승용,여,56세,상해없음,승용,남,36세,경상
2022121900100364,2022년 12월 19일 16시,월요일,전라남도 보성군 득량면,경상사고,0,0,1,0,차량단독 - 전도전복 - 전도,기타,서리/결빙,맑음,단일로 - 기타,원동기,남,63세,경상,,,,
2022121900100444,2022년 12월 19일 18시,월요일,전라남도 장흥군 장흥읍,경상사고,0,0,2,0,차대차 - 기타,신호위반,건조,맑음,교차로 - 교차로안,화물,남,58세,상해없음,승용,남,22세,경상
2022121900100480,2022년 12월 19일 19시,월요일,전라남도 여수시 만흥동,경상사고,0,0,1,0,차대차 - 측면충돌,안전거리미확보,건조,맑음,단일로 - 기타,승용,남,58세,상해없음,승용,남,48세,경상
2022121900100536,2022년 12월 19일 21시,월요일,전라남도 순천시 해룡면,경상사고,0,0,1,0,차대차 - 측면충돌,안전운전불이행,건조,맑음,단일로 - 기타,승용,남,69세,상해없음,승용,여,48세,경상
2022121900100568,2022년 12월 19일 23시,월요일,전라남도 해남군 송지면,경상사고,0,0,2,0,차대차 - 기타,안전운전불이행,건조,맑음,교차로 - 교차로안,승용,남,31세,경상,승용,여,51세,상해없음
2022122000100015,2022년 12월 20일 01시,화요일,전라남도 여수시 안산동,중상사고,0,1,0,0,차대차 - 측면충돌,안전거리미확보,건조,맑음,교차로 - 교차로안,승용,남,60세,상해없음,이륜,남,20세,중상
2022122000100029,2022년 12월 20일 03시,화요일,전라남도 곡성군 곡성읍,사망사고,1,0,0,0,차대사람 - 횡단중,안전운전불이행,건조,맑음,단일로 - 기타,화물,남,45세,상해없음,보행자,남,77세,사망
2022122000100099,2022년 12월 20일 08시,화요일,전라남도 순천시 승주읍,사망사고,1,0,0,1,차대차 - 정면충돌,중앙선침범,건조,맑음,교차로 - 교차로부근,화물,남,71세,사망,화물,남,37세,부상신고
2022122000100100,2022년 12월 20일 08시,화요일,전라남도 보성군 복내면,중상사고,0,1,0,0,차량단독 - 도로외이탈 - 추락,안전운전불이행,서리/결빙,눈,단일로 - 기타,승합,여,48세,중상,,,,
2022122000100102,2022년 12월 20일 08시,화요일,전라남도 영암군 군서면,경상사고,0,0,2,0,차대차 - 측면충돌,직진우회전진행방해,서리/결빙,맑음,교차로 - 교차로안,승용,남,75세,상해없음,화물,여,49세,경상
2022122000100185,2022년 12월 20일 10시,화요일,전라남도 장흥군 장흥읍,경상사고,0,0,1,0,차량단독 - 기타,안전운전불이행,적설,눈,단일로 - 기타,승용,여,69세,경상,,,,