사고번호,사고일시,요일,시군구,사고내용,사망자수,중상자수,경상자수,부상신고자수,사고유형,법규위반,노면상태,기상상태,도로형태,가해운전자 차종,가해운전자 성별,가해운전자 연령,가해운전자 상해정도,피해운전자 차종,피해운전자 성별,피해운전자 연령,피해운전자 상해정도
2022122000100225,2022년 12월 20일 11시,화요일,전라남도 여수시 남산동,경상사고,0,0,1,0,차대사람 - 기타,안전운전불이행,건조,맑음,단일로 - 기타,승용,남,38세,상해없음,보행자,남,48세,경상
2022122000100226,2022년 12월 20일 11시,화요일,전라남도 광양시 광양읍,경상사고,0,0,3,0,차대차 - 기타,신호위반,건조,맑음,교차로 - 교차로안,승용,여,70세,경상,화물,남,73세,경상
2022122000100227,2022년 12월 20일 11시,화요일,전라남도 광양시 중동,경상사고,0,0,1,0,차대차 - 측면충돌,신호위반,건조,맑음,교차로 - 교차로안,자전거,남,82세,경상,화물,남,28세,상해없음
2022122000100294,2022년 12월 20일 13시,화요일,전라남도 나주시 금천면,경상사고,0,0,1,0,차대차 - 측면충돌,중앙선침범,건조,맑음,단일로 - 기타,승용,남,79세,상해없음,승용,여,37세,경상
2022122000100295,2022년 12월 20일 13시,화요일,전라남도 무안군 일로읍,경상사고,0,0,1,0,차대차 - 측면충돌,안전운전불이행,젖음/습기,맑음,교차로 - 교차로안,건설기계,남,63세,상해없음,건설기계,남,61세,경상
2022122000100372,2022년 12월 20일 15시,화요일,전라남도 순천시 덕암동,경상사고,0,0,1,0,차대차 - 추돌,안전운전불이행,건조,맑음,교차로 - 교차로안,화물,남,51세,상해없음,승용,여,49세,경상
2022122000100373,2022년 12월 20일 15시,화요일,전라남도 순천시 해룡면,경상사고,0,0,1,0,차대차 - 측면충돌,안전거리미확보,건조,맑음,단일로 - 기타,승용,여,39세,상해없음,화물,남,48세,경상
2022122000100412,2022년 12월 20일 16시,화요일,전라남도 해남군 삼산면,경상사고,0,0,1,0,차대차 - 측면충돌,안전운전불이행,건조,맑음,단일로 - 기타,승합,남,51세,상해없음,화물,남,52세,상해없음
2022122000100458,2022년 12월 20일 17시,화요일,전라남도 순천시 연향동,경상사고,0,0,1,0,차대사람 - 횡단중,안전운전불이행,건조,맑음,기타 - 기타,화물,남,65세,상해없음,보행자,남,72세,경상
2022122000100508,2022년 12월 20일 18시,화요일,전라남도 여수시 교동,중상사고,0,1,0,0,차대차 - 기타,교차로운행방법위반,건조,맑음,교차로 - 교차로안,이륜,남,16세,상해없음,화물,남,36세,중상
2022122000100509,2022년 12월 20일 18시,화요일,전라남도 순천시 조례동,경상사고,0,0,1,0,차대사람 - 기타,안전운전불이행,건조,맑음,교차로 - 교차로부근,승용,여,35세,상해없음,보행자,여,64세,경상
2022122000100560,2022년 12월 20일 19시,화요일,전라남도 목포시 상동,경상사고,0,0,1,0,차대차 - 기타,안전운전불이행,건조,맑음,교차로 - 교차로부근,승용,남,53세,상해없음,이륜,남,41세,경상
2022122000100561,2022년 12월 20일 19시,화요일,전라남도 여수시 학동,경상사고,0,0,1,0,차대사람 - 보도통행중,안전운전불이행,건조,맑음,단일로 - 기타,승용,남,27세,상해없음,보행자,여,23세,경상
2022122000100562,2022년 12월 20일 19시,화요일,전라남도 여수시 국동,경상사고,0,0,2,0,차대차 - 측면충돌,안전거리미확보,건조,맑음,단일로 - 기타,승용,남,53세,상해없음,승용,남,19세,경상
2022122000100594,2022년 12월 20일 20시,화요일,전라남도 목포시 옥암동,경상사고,0,0,1,0,차대사람 - 횡단중,안전운전불이행,건조,흐림,단일로 - 기타,원동기,남,20세,상해없음,보행자,남,50세,경상
2022122000100664,2022년 12월 20일 23시,화요일,전라남도 광양시 광양읍,중상사고,0,1,0,0,차대차 - 측면충돌,신호위반,건조,맑음,교차로 - 교차로안,이륜,남,37세,중상,승합,남,74세,상해없음
2022122100100019,2022년 12월 21일 01시,수요일,전라남도 무안군 삼향읍,경상사고,0,0,1,0,차대차 - 추돌,안전운전불이행,젖음/습기,흐림,단일로 - 기타,승용,남,27세,상해없음,승합,남,31세,상해없음
2022122100100131,2022년 12월 21일 08시,수요일,전라남도 여수시 봉산동,경상사고,0,0,1,0,차대차 - 기타,신호위반,건조,맑음,교차로 - 교차로안,승합,남,52세,상해없음,승용,여,19세,경상
2022122100100211,2022년 12월 21일 10시,수요일,전라남도 나주시 다도면,사망사고,1,0,0,0,차량단독 - 공작물충돌,안전운전불이행,건조,흐림,단일로 - 기타,건설기계,남,60세,사망,,,,
2022122100100242,2022년 12월 21일 12시,수요일,전라남도 목포시 상동,경상사고,0,0,3,1,차대차 - 측면충돌,기타,젖음/습기,흐림,교차로 - 교차로안,승용,여,38세,부상신고,승용,여,20세,경상
2022122100100258,2022년 12월 21일 13시,수요일,전라남도 강진군 강진읍,경상사고,0,0,2,0,차대차 - 측면충돌,안전거리미확보,젖음/습기,맑음,교차로 - 교차로부근,승용,남,41세,상해없음,승용,남,54세,경상
2022122100100274,2022년 12월 21일 14시,수요일,전라남도 목포시 산정동,경상사고,0,0,1,0,차대차 - 추돌,안전운전불이행,건조,맑음,교차로 - 교차로안,승용,남,67세,상해없음,승용,남,39세,경상
2022122100100294,2022년 12월 21일 15시,수요일,전라남도 보성군 벌교읍,경상사고,0,0,2,0,차대차 - 정면충돌,중앙선침범,건조,맑음,단일로 - 교량,승용,여,34세,상해없음,승용,여,43세,경상
2022122100100323,2022년 12월 21일 16시,수요일,전라남도 영암군 삼호읍,중상사고,0,1,0,0,차대차 - 측면충돌,교차로운행방법위반,젖음/습기,맑음,교차로 - 교차로안,승용,남,25세,기타불명,화물,남,36세,중상
2022122100100324,2022년 12월 21일 16시,수요일,전라남도 장성군 북일면,경상사고,0,0,2,0,차대차 - 기타,안전운전불이행,건조,맑음,교차로 - 교차로안,승용,남,80세,상해없음,승용,남,66세,경상
2022122100100362,2022년 12월 21일 17시,수요일,전라남도 고흥군 포두면,중상사고,0,1,0,0,차량단독 - 기타,안전운전불이행,건조,맑음,단일로 - 기타,화물,남,62세,중상,,,,
2022122100100396,2022년 12월 21일 18시,수요일,전라남도 나주시 왕곡면,중상사고,0,1,0,0,차대사람 - 횡단중,중앙선침범,건조,맑음,단일로 - 기타,승용,남,48세,상해없음,보행자,여,77세,중상
2022122100100397,2022년 12월 21일 18시,수요일,전라남도 영암군 신북면,경상사고,0,0,1,0,차대차 - 추돌,안전운전불이행,건조,맑음,교차로 - 교차로안,승용,남,24세,상해없음,화물,남,39세,경상
2022122100100424,2022년 12월 21일 19시,수요일,전라남도 여수시 봉산동,경상사고,0,0,2,0,차대차 - 측면충돌,교차로운행방법위반,건조,맑음,단일로 - 기타,승용,남,26세,상해없음,승용,여,51세,경상
2022122100100425,2022년 12월 21일 19시,수요일,전라남도 담양군 가사문학면,경상사고,0,0,1,0,차량단독 - 기타,안전운전불이행,서리/결빙,눈,단일로 - 기타,승합,남,42세,경상,,,,
2022122100100474,2022년 12월 21일 21시,수요일,전라남도 목포시 금동1가,사망사고,1,0,0,0,차대사람 - 기타,안전운전불이행,건조,맑음,교차로 - 교차로횡단보도내,승용,여,31세,상해없음,보행자,남,62세,사망
2022122100100475,2022년 12월 21일 21시,수요일,전라남도 순천시 연향동,경상사고,0,0,1,0,차대사람 - 차도통행중,안전운전불이행,건조,맑음,교차로 - 교차로안,승용,남,50세,상해없음,보행자,남,34세,경상
2022122200100076,2022년 12월 22일 07시,목요일,전라남도 여수시 미평동,경상사고,0,0,1,0,차대차 - 측면충돌,안전거리미확보,건조,맑음,단일로 - 기타,승용,남,24세,상해없음,화물,남,60세,경상
2022122200100077,2022년 12월 22일 07시,목요일,전라남도 나주시 산정동,경상사고,0,0,1,0,차대차 - 추돌,안전운전불이행,적설,눈,교차로 - 교차로안,승용,남,33세,상해없음,승용,여,59세,경상
2022122200100116,2022년 12월 22일 08시,목요일,전라남도 여수시 웅천동,경상사고,0,0,1,0,차대차 - 기타,신호위반,건조,맑음,단일로 - 기타,승용,여,56세,상해없음,승용,여,36세,경상
2022122200100117,2022년 12월 22일 08시,목요일,전라남도 여수시 광무동,경상사고,0,0,1,0,차대차 - 추돌,안전운전불이행,건조,맑음,단일로 - 기타,화물,남,60세,상해없음,승용,여,49세,경상
2022122200100118,2022년 12월 22일 08시,목요일,전라남도 화순군 화순읍,경상사고,0,0,3,0,차대차 - 추돌,안전운전불이행,서리/결빙,눈,교차로 - 교차로부근,승용,여,45세,상해없음,승용,남,47세,경상
2022122200100119,2022년 12월 22일 08시,목요일,전라남도 장성군 남면,부상신고사고,0,0,0,3,차대차 - 정면충돌,안전운전불이행,적설,눈,단일로 - 기타,승용,여,27세,부상신고,화물,남,66세,부상신고
2022122200100142,2022년 12월 22일 09시,목요일,전라남도 광양시 마동,경상사고,0,0,1,0,차대차 - 기타,안전운전불이행,젖음/습기,눈,교차로 - 교차로부근,승용,여,59세,상해없음,승용,여,38세,경상
2022122200100161,2022년 12월 22일 10시,목요일,전라남도 강진군 성전면,중상사고,0,2,1,0,차대차 - 기타,안전운전불이행,서리/결빙,눈,교차로 - 교차로부근,승용,남,56세,중상,화물,남,64세,경상
2022122200100185,2022년 12월 22일 11시,목요일,전라남도 순천시 해룡면,경상사고,0,0,4,0,차대차 - 기타,신호위반,건조,기타,교차로 - 교차로안,승용,여,28세,상해없음,승용,남,40세,경상
2022122200100186,2022년 12월 22일 11시,목요일,전라남도 영광군 홍농읍,경상사고,0,0,3,0,차대차 - 측면충돌,교차로운행방법위반,서리/결빙,눈,교차로 - 교차로안,승용,남,62세,경상,승용,남,30세,경상
2022122200100208,2022년 12월 22일 12시,목요일,전라남도 여수시 봉산동,중상사고,0,1,0,0,차대사람 - 횡단중,안전운전불이행,건조,맑음,교차로 - 교차로안,승용,여,45세,상해없음,보행자,여,80세,중상
2022122200100209,2022년 12월 22일 12시,목요일,전라남도 함평군 신광면,경상사고,0,0,1,0,차대차 - 측면충돌,안전운전불이행,젖음/습기,눈,교차로 - 교차로부근,승용,여,42세,상해없음,이륜,남,82세,경상
2022122200100240,2022년 12월 22일 13시,목요일,전라남도 무안군 삼향읍,경상사고,0,0,1,0,차대차 - 측면충돌,안전운전불이행,서리/결빙,맑음,주차장 - 주차장,승용,남,65세,상해없음,승용,남,26세,경상
2022122200100241,2022년 12월 22일 13시,목요일,전라남도 진도군 진도읍,중상사고,0,1,0,0,차대사람 - 기타,안전운전불이행,젖음/습기,눈,단일로 - 기타,건설기계,남,52세,상해없음,보행자,남,72세,중상
2022122200100242,2022년 12월 22일 13시,목요일,전라남도 진도군 진도읍,사망사고,1,0,0,0,차대사람 - 기타,안전운전불이행,젖음/습기,눈,단일로 - 기타,승용,여,47세,상해없음,보행자,여,78세,사망
2022122200100313,2022년 12월 22일 16시,목요일,전라남도 목포시 달동,경상사고,0,0,1,0,차대차 - 기타,교차로운행방법위반,서리/결빙,눈,단일로 - 기타,승용,여,49세,상해없음,승용,여,29세,경상
2022122200100314,2022년 12월 22일 16시,목요일,전라남도 여수시 학동,경상사고,0,0,2,0,차대차 - 추돌,안전운전불이행,건조,맑음,단일로 - 기타,승용,남,56세,상해없음,승용,남,62세,경상
2022122200100315,2022년 12월 22일 16시,목요일,전라남도 여수시 신기동,중상사고,0,1,0,0,차대사람 - 기타,안전운전불이행,건조,맑음,단일로 - 기타,화물,남,43세,상해없음,보행자,여,1세,중상
2022122200100316,2022년 12월 22일 16시,목요일,전라남도 영암군 삼호읍,사망사고,1,0,0,0,차량단독 - 전도전복 - 전도,안전운전불이행,적설,눈,단일로 - 기타,승용,여,48세,사망,,,,
2022122200100352,2022년 12월 22일 17시,목요일,전라남도 무안군 삼향읍,경상사고,0,0,1,0,차대사람 - 횡단중,안전운전불이행,적설,눈,교차로 - 교차로부근,승용,남,40세,상해없음,보행자,여,25세,경상
2022122200100399,2022년 12월 22일 18시,목요일,전라남도 여수시 관문동,경상사고,0,0,1,0,차대사람 - 횡단중,보행자보호의무위반,건조,맑음,단일로 - 기타,승용,남,56세,상해없음,보행자,남,66세,경상
2022122200100400,2022년 12월 22일 18시,목요일,전라남도 여수시 관문동,중상사고,0,1,0,0,차대차 - 측면충돌,교차로운행방법위반,건조,맑음,교차로 - 교차로안,자전거,남,72세,중상,승용,남,67세,상해없음
2022122200100401,2022년 12월 22일 18시,목요일,전라남도 순천시 용당동,경상사고,0,0,1,0,차대차 - 기타,중앙선침범,적설,눈,교차로 - 교차로안,승용,여,64세,상해없음,승용,남,38세,상해없음
2022122200100402,2022년 12월 22일 18시,목요일,전라남도 강진군 성전면,경상사고,0,0,1,0,차대차 - 측면충돌,안전운전불이행,적설,눈,단일로 - 기타,기타불명,기타불명,미분류,기타불명,승용,남,37세,경상
2022122200100403,2022년 12월 22일 18시,목요일,전라남도 완도군 완도읍,경상사고,0,0,2,0,차대차 - 기타,안전운전불이행,적설,눈,단일로 - 기타,승용,여,31세,상해없음,승용,여,45세,경상
2022122200100446,2022년 12월 22일 19시,목요일,전라남도 순천시 조례동,경상사고,0,0,2,0,차대차 - 측면충돌,직진우회전진행방해,적설,눈,교차로 - 교차로부근,화물,남,63세,상해없음,승용,남,39세,경상
2022122200100476,2022년 12월 22일 20시,목요일,전라남도 목포시 대양동,경상사고,0,0,2,0,차대차 - 측면충돌,신호위반,적설,눈,교차로 - 교차로안,승용,남,27세,상해없음,승용,남,32세,경상
2022122200100477,2022년 12월 22일 20시,목요일,전라남도 여수시 여서동,경상사고,0,0,1,0,차대차 - 추돌,안전운전불이행,건조,맑음,기타 - 기타,승용,남,65세,상해없음,승용,남,31세,경상
2022122200100478,2022년 12월 22일 20시,목요일,전라남도 나주시 왕곡면,경상사고,0,0,1,1,차대차 - 측면충돌,안전운전불이행,적설,눈,단일로 - 기타,승용,남,39세,경상,승용,남,37세,부상신고
2022122200100479,2022년 12월 22일 20시,목요일,전라남도 강진군 성전면,중상사고,0,1,0,0,차량단독 - 전도전복 - 전도,안전운전불이행,서리/결빙,눈,기타 - 기타,화물,남,47세,중상,,,,
2022122200100514,2022년 12월 22일 21시,목요일,전라남도 여수시 여서동,경상사고,0,0,1,0,차대차 - 추돌,안전운전불이행,젖음/습기,눈,교차로 - 교차로안,승용,남,27세,상해없음,승용,남,28세,경상
2022122200100515,2022년 12월 22일 21시,목요일,전라남도 여수시 봉산동,경상사고,0,0,1,0,차대차 - 추돌,안전운전불이행,서리/결빙,맑음,단일로 - 기타,승용,남,55세,상해없음,승용,남,49세,경상
2022122200100516,2022년 12월 22일 21시,목요일,전라남도 순천시 연향동,경상사고,0,0,1,0,차대사람 - 기타,안전운전불이행,적설,눈,단일로 - 기타,승용,남,53세,상해없음,보행자,남,53세,경상
2022122200100542,2022년 12월 22일 22시,목요일,전라남도 여수시 신기동,경상사고,0,0,1,0,차량단독 - 기타,안전운전불이행,서리/결빙,눈,단일로 - 기타,승용,남,60세,기타불명,,,,
2022122200100562,2022년 12월 22일 23시,목요일,전라남도 해남군 계곡면,경상사고,0,0,1,0,차대차 - 추돌,안전운전불이행,적설,눈,단일로 - 기타,화물,남,33세,상해없음,승용,남,53세,경상
2022122300100115,2022년 12월 23일 09시,금요일,전라남도 여수시 신기동,경상사고,0,0,1,0,차대사람 - 기타,안전운전불이행,건조,맑음,단일로 - 기타,승합,남,56세,기타불명,보행자,여,72세,경상
2022122300100196,2022년 12월 23일 12시,금요일,전라남도 여수시 미평동,경상사고,0,0,2,0,차대차 - 측면충돌,안전거리미확보,젖음/습기,흐림,단일로 - 기타,화물,남,52세,상해없음,승용,남,67세,경상
2022122300100197,2022년 12월 23일 12시,금요일,전라남도 순천시 조곡동,경상사고,0,0,3,0,차대차 - 측면충돌,차로위반,젖음/습기,눈,단일로 - 기타,승용,남,49세,상해없음,승용,여,32세,경상
2022122300100256,2022년 12월 23일 14시,금요일,전라남도 나주시 세지면,경상사고,0,0,2,0,차대차 - 정면충돌,안전운전불이행,서리/결빙,눈,단일로 - 기타,화물,남,64세,상해없음,화물,남,58세,경상
2022122300100257,2022년 12월 23일 14시,금요일,전라남도 나주시 금천면,경상사고,0,0,3,0,차대차 - 측면충돌,안전운전불이행,서리/결빙,눈,단일로 - 기타,승용,여,48세,경상,승용,여,22세,경상
2022122300100286,2022년 12월 23일 15시,금요일,전라남도 여수시 학동,중상사고,0,1,0,0,차대사람 - 기타,안전운전불이행,건조,맑음,단일로 - 기타,승용,남,36세,상해없음,보행자,여,22세,중상
2022122300100351,2022년 12월 23일 17시,금요일,전라남도 순천시 조례동,경상사고,0,0,1,0,차대사람 - 기타,안전운전불이행,건조,맑음,주차장 - 주차장,승합,남,72세,상해없음,보행자,남,13세,경상
2022122300100407,2022년 12월 23일 18시,금요일,전라남도 여수시 돌산읍,경상사고,0,0,1,0,차대차 - 측면충돌,교차로운행방법위반,건조,맑음,교차로 - 교차로안,승용,남,51세,상해없음,승용,남,26세,경상
2022122300100480,2022년 12월 23일 20시,금요일,전라남도 목포시 상동,경상사고,0,0,1,0,차대사람 - 횡단중,보행자보호의무위반,기타,눈,기타 - 기타,승용,여,35세,상해없음,보행자,여,17세,경상
2022122300100481,2022년 12월 23일 20시,금요일,전라남도 여수시 학동,경상사고,0,0,1,0,차대사람 - 기타,안전운전불이행,건조,맑음,단일로 - 기타,승용,남,30세,상해없음,보행자,남,23세,경상
2022122400100094,2022년 12월 24일 09시,토요일,전라남도 순천시 해룡면,경상사고,0,0,1,0,차대차 - 기타,직진우회전진행방해,서리/결빙,맑음,교차로 - 교차로안,승용,남,27세,상해없음,승용,남,41세,경상
2022122400100095,2022년 12월 24일 09시,토요일,전라남도 광양시 광양읍,경상사고,0,0,1,0,차대차 - 측면충돌,직진우회전진행방해,건조,맑음,교차로 - 교차로안,승용,남,42세,상해없음,승용,여,48세,경상
2022122400100116,2022년 12월 24일 10시,토요일,전라남도 여수시 봉산동,경상사고,0,0,1,0,차대차 - 추돌,안전운전불이행,건조,맑음,교차로 - 교차로부근,이륜,남,26세,경상,승용,남,67세,상해없음
2022122400100141,2022년 12월 24일 11시,토요일,전라남도 나주시 이창동,경상사고,0,0,1,0,차대차 - 추돌,안전운전불이행,젖음/습기,눈,교차로 - 교차로부근,승용,남,60세,상해없음,승용,남,47세,경상
2022122400100182,2022년 12월 24일 12시,토요일,전라남도 목포시 연산동,경상사고,0,0,1,0,차대사람 - 횡단중,안전운전불이행,서리/결빙,맑음,단일로 - 기타,승용,여,36세,상해없음,보행자,남,15세,경상
2022122400100228,2022년 12월 24일 13시,토요일,전라남도 여수시 학동,경상사고,0,0,1,0,차대차 - 측면충돌,안전운전불이행,건조,맑음,교차로 - 교차로안,승용,여,55세,상해없음,승용,남,53세,경상
2022122400100229,2022년 12월 24일 13시,토요일,전라남도 여수시 율촌면,경상사고,0,0,3,0,차대차 - 측면충돌,안전운전불이행,서리/결빙,맑음,단일로 - 기타,승용,남,25세,경상,승용,남,60세,경상
2022122400100230,2022년 12월 24일 13시,토요일,전라남도 순천시 승주읍,경상사고,0,0,1,0,차대차 - 기타,안전운전불이행,젖음/습기,맑음,기타 - 기타,승용,남,41세,경상,승용,남,43세,상해없음
2022122400100265,2022년 12월 24일 14시,토요일,전라남도 강진군 도암면,경상사고,0,0,1,0,차량단독 - 공작물충돌,안전운전불이행,서리/결빙,맑음,단일로 - 기타,승용,남,62세,경상,,,,
2022122400100346,2022년 12월 24일 16시,토요일,전라남도 목포시 상동,중상사고,0,1,2,0,차대차 - 측면충돌,신호위반,건조,맑음,교차로 - 교차로부근,승용,남,40세,상해없음,승용,남,46세,경상
2022122400100347,2022년 12월 24일 16시,토요일,전라남도 순천시 가곡동,경상사고,0,0,3,0,차대차 - 추돌,안전운전불이행,젖음/습기,맑음,단일로 - 기타,승용,남,62세,상해없음,화물,남,55세,경상
2022122400100348,2022년 12월 24일 16시,토요일,전라남도 고흥군 두원면,중상사고,0,1,0,0,차량단독 - 기타,안전운전불이행,건조,맑음,기타 - 기타,화물,남,68세,중상,,,,
2022122400100349,2022년 12월 24일 16시,토요일,전라남도 곡성군 겸면,중상사고,0,1,1,0,차대차 - 측면충돌,안전운전불이행,서리/결빙,맑음,단일로 - 기타,승용,남,26세,상해없음,승용,남,44세,중상
2022122400100394,2022년 12월 24일 17시,토요일,전라남도 여수시 소라면,중상사고,0,1,0,0,차대차 - 기타,교차로운행방법위반,건조,맑음,교차로 - 교차로부근,승용,여,58세,상해없음,승용,남,25세,중상
2022122400100395,2022년 12월 24일 17시,토요일,전라남도 무안군 삼향읍,경상사고,0,0,1,0,차대차 - 추돌,안전운전불이행,젖음/습기,맑음,교차로 - 교차로부근,승용,남,54세,상해없음,승용,남,25세,경상
2022122400100491,2022년 12월 24일 20시,토요일,전라남도 여수시 수정동,경상사고,0,0,1,0,차대사람 - 횡단중,보행자보호의무위반,건조,맑음,교차로 - 교차로횡단보도내,승용,남,49세,상해없음,보행자,남,21세,경상
2022122500100034,2022년 12월 25일 04시,일요일,전라남도 여수시 신기동,경상사고,0,0,1,0,차대차 - 기타,신호위반,건조,맑음,교차로 - 교차로안,이륜,남,15세,상해없음,특수,남,54세,상해없음
2022122500100060,2022년 12월 25일 08시,일요일,전라남도 여수시 화장동,경상사고,0,0,1,0,차대차 - 측면충돌,안전운전불이행,건조,맑음,단일로 - 기타,화물,남,58세,상해없음,승용,남,52세,경상
2022122500100061,2022년 12월 25일 08시,일요일,전라남도 장성군 남면,경상사고,0,0,1,0,차대차 - 기타,안전운전불이행,서리/결빙,눈,단일로 - 기타,화물,남,63세,상해없음,승용,여,54세,경상
2022122500100071,2022년 12월 25일 09시,일요일,전라남도 담양군 창평면,경상사고,0,0,1,0,차대차 - 기타,안전운전불이행,건조,맑음,기타 - 기타,승용,남,23세,기타불명,승용,남,27세,경상
2022122500100094,2022년 12월 25일 10시,일요일,전라남도 순천시 오천동,경상사고,0,0,1,0,차대차 - 측면충돌,차로위반,건조,맑음,단일로 - 기타,승용,남,57세,상해없음,이륜,남,72세,경상
2022122500100108,2022년 12월 25일 11시,일요일,전라남도 여수시 봉산동,경상사고,0,0,1,0,차대차 - 기타,안전운전불이행,건조,맑음,단일로 - 기타,화물,남,75세,상해없음,승용,남,43세,경상
2022122500100109,2022년 12월 25일 11시,일요일,전라남도 광양시 광양읍,경상사고,0,0,2,0,차대차 - 추돌,안전운전불이행,서리/결빙,맑음,교차로 - 교차로안,승용,여,38세,상해없음,승용,여,27세,경상
2022122500100169,2022년 12월 25일 14시,일요일,전라남도 목포시 상동,경상사고,0,0,1,0,차대차 - 측면충돌,교차로운행방법위반,건조,맑음,교차로 - 교차로안,승용,남,49세,상해없음,이륜,남,31세,경상
2022122500100170,2022년 12월 25일 14시,일요일,전라남도 영광군 영광읍,경상사고,0,0,1,0,차대사람 - 횡단중,안전운전불이행,서리/결빙,맑음,교차로 - 교차로횡단보도내,화물,남,51세,상해없음,보행자,여,78세,경상
2022122500100205,2022년 12월 25일 15시,일요일,전라남도 목포시 산정동,경상사고,0,0,1,0,차대차 - 기타,안전운전불이행,건조,맑음,교차로 - 교차로부근,승용,남,52세,상해없음,승용,여,39세,경상
2022122500100259,2022년 12월 25일 17시,일요일,전라남도 순천시 가곡동,경상사고,0,0,2,0,차대차 - 측면충돌,안전운전불이행,건조,맑음,교차로 - 교차로안,승용,남,58세,상해없음,화물,남,71세,경상
2022122500100260,2022년 12월 25일 17시,일요일,전라남도 장흥군 장흥읍,부상신고사고,0,0,0,1,차량단독 - 공작물충돌,안전운전불이행,서리/결빙,기타,단일로 - 기타,승용,여,54세,부상신고,,,,
2022122500100288,2022년 12월 25일 18시,일요일,전라남도 화순군 화순읍,경상사고,0,0,1,0,차대사람 - 횡단중,보행자보호의무위반,적설,맑음,교차로 - 교차로부근,승용,남,65세,기타불명,보행자,여,25세,경상
2022122500100316,2022년 12월 25일 19시,일요일,전라남도 순천시 조례동,중상사고,0,1,0,0,차대차 - 측면충돌,안전운전불이행,건조,맑음,단일로 - 기타,화물,남,26세,상해없음,원동기,남,32세,중상
2022122500100317,2022년 12월 25일 19시,일요일,전라남도 순천시 조례동,경상사고,0,0,1,0,차대차 - 추돌,안전운전불이행,건조,맑음,단일로 - 기타,승용,남,40세,상해없음,승용,남,35세,경상
2022122500100388,2022년 12월 25일 23시,일요일,전라남도 광양시 중동,경상사고,0,0,3,0,차대차 - 측면충돌,중앙선침범,건조,맑음,교차로 - 교차로부근,승용,남,28세,경상,승용,남,61세,경상
2022122600100008,2022년 12월 26일 01시,월요일,전라남도 여수시 여서동,중상사고,0,2,0,0,차대차 - 기타,신호위반,건조,맑음,교차로 - 교차로안,이륜,남,27세,중상,이륜,남,39세,중상
2022122600100042,2022년 12월 26일 06시,월요일,전라남도 광양시 태인동,경상사고,0,0,1,0,차대차 - 측면충돌,직진우회전진행방해,건조,흐림,교차로 - 교차로안,화물,남,73세,경상,특수,남,68세,상해없음
2022122600100089,2022년 12월 26일 08시,월요일,전라남도 목포시 상동,경상사고,0,0,1,0,차대차 - 추돌,안전거리미확보,건조,맑음,교차로 - 교차로부근,승용,여,37세,상해없음,승용,여,63세,경상
2022122600100091,2022년 12월 26일 08시,월요일,전라남도 광양시 광양읍,중상사고,0,1,0,0,차대사람 - 차도통행중,안전운전불이행,건조,맑음,단일로 - 기타,승용,남,47세,상해없음,보행자,여,82세,중상
2022122600100134,2022년 12월 26일 09시,월요일,전라남도 목포시 산정동,중상사고,0,1,0,0,차량단독 - 기타,안전운전불이행,건조,맑음,단일로 - 기타,승합,남,52세,상해없음,,,,
2022122600100135,2022년 12월 26일 09시,월요일,전라남도 보성군 벌교읍,중상사고,0,1,0,0,차량단독 - 전도전복 - 전도,안전운전불이행,서리/결빙,맑음,단일로 - 기타,이륜,남,81세,상해없음,,,,
2022122600100166,2022년 12월 26일 10시,월요일,전라남도 영암군 삼호읍,경상사고,0,0,2,0,차대차 - 측면충돌,안전운전불이행,젖음/습기,맑음,교차로 - 교차로안,승용,여,40세,기타불명,승용,남,53세,경상
2022122600100195,2022년 12월 26일 11시,월요일,전라남도 목포시 용해동,경상사고,0,0,1,0,차대차 - 측면충돌,신호위반,건조,맑음,교차로 - 교차로안,승용,여,46세,상해없음,승용,여,27세,경상
2022122600100196,2022년 12월 26일 11시,월요일,전라남도 나주시 빛가람동,경상사고,0,0,3,0,차대차 - 측면충돌,직진우회전진행방해,서리/결빙,흐림,교차로 - 교차로안,승용,여,47세,경상,승용,여,41세,경상
2022122600100197,2022년 12월 26일 11시,월요일,전라남도 완도군 노화읍,경상사고,0,0,1,0,차량단독 - 공작물충돌,안전운전불이행,건조,맑음,단일로 - 기타,화물,여,39세,경상,,,,
2022122600100220,2022년 12월 26일 12시,월요일,전라남도 순천시 조례동,경상사고,0,0,1,0,차대차 - 기타,직진우회전진행방해,건조,맑음,교차로 - 교차로안,승용,남,32세,상해없음,승용,여,28세,경상
2022122600100251,2022년 12월 26일 13시,월요일,전라남도 영암군 삼호읍,경상사고,0,0,1,0,차대차 - 추돌,안전거리미확보,건조,맑음,교차로 - 교차로부근,승합,남,55세,상해없음,화물,여,25세,경상
2022122600100276,2022년 12월 26일 14시,월요일,전라남도 영광군 영광읍,중상사고,0,1,0,0,차대차 - 기타,교차로운행방법위반,건조,맑음,교차로 - 교차로안,승합,남,64세,상해없음,승용,남,36세,상해없음
2022122600100297,2022년 12월 26일 15시,월요일,전라남도 광양시 광양읍,중상사고,0,1,4,0,차대차 - 측면충돌,신호위반,건조,맑음,교차로 - 교차로부근,승용,남,76세,상해없음,승용,남,45세,경상
2022122600100331,2022년 12월 26일 16시,월요일,전라남도 신안군 증도면,경상사고,0,0,1,0,차대차 - 기타,안전운전불이행,건조,맑음,단일로 - 기타,화물,남,78세,상해없음,원동기,남,54세,경상