사고번호,사고일시,요일,시군구,사고내용,사망자수,중상자수,경상자수,부상신고자수,사고유형,법규위반,노면상태,기상상태,도로형태,가해운전자 차종,가해운전자 성별,가해운전자 연령,가해운전자 상해정도,피해운전자 차종,피해운전자 성별,피해운전자 연령,피해운전자 상해정도
2022122600100332,2022년 12월 26일 16시,월요일,전라남도 순천시 매곡동,중상사고,0,1,0,0,차대차 - 기타,안전운전불이행,건조,맑음,교차로 - 교차로안,화물,남,63세,상해없음,승용,여,62세,중상
2022122600100369,2022년 12월 26일 17시,월요일,전라남도 순천시 조례동,중상사고,0,1,0,0,차대차 - 기타,안전운전불이행,건조,맑음,단일로 - 기타,승용,남,39세,상해없음,원동기,남,41세,중상
2022122600100406,2022년 12월 26일 18시,월요일,전라남도 목포시 산정동,경상사고,0,0,1,0,차대사람 - 기타,안전운전불이행,건조,맑음,단일로 - 기타,승용,여,64세,상해없음,보행자,여,74세,경상
2022122600100448,2022년 12월 26일 19시,월요일,전라남도 여수시 오림동,경상사고,0,0,1,0,차대사람 - 횡단중,보행자보호의무위반,건조,맑음,교차로 - 교차로횡단보도내,화물,남,56세,상해없음,보행자,남,75세,경상
2022122600100449,2022년 12월 26일 19시,월요일,전라남도 여수시 봉계동,경상사고,0,0,1,0,차대차 - 기타,차로위반,건조,맑음,교차로 - 교차로안,승용,남,67세,상해없음,승용,여,62세,경상
2022122600100450,2022년 12월 26일 19시,월요일,전라남도 화순군 화순읍,경상사고,0,0,2,0,차대차 - 측면충돌,직진우회전진행방해,서리/결빙,맑음,교차로 - 교차로안,승용,남,30세,경상,승용,남,44세,경상
2022122600100500,2022년 12월 26일 21시,월요일,전라남도 나주시 보산동,중상사고,0,1,1,0,차대차 - 정면충돌,중앙선침범,서리/결빙,안개,단일로 - 기타,승용,여,34세,경상,승용,여,58세,중상
2022122600100501,2022년 12월 26일 21시,월요일,전라남도 무안군 삼향읍,중상사고,0,1,1,0,차대차 - 정면충돌,신호위반,건조,맑음,교차로 - 교차로안,승용,남,49세,경상,이륜,남,30세,중상
2022122600100528,2022년 12월 26일 22시,월요일,전라남도 목포시 옥암동,경상사고,0,0,1,0,차대차 - 측면충돌,신호위반,건조,흐림,교차로 - 교차로안,승용,여,49세,상해없음,승용,남,25세,경상
2022122700100016,2022년 12월 27일 01시,화요일,전라남도 목포시 옥암동,경상사고,0,0,4,0,차대차 - 추돌,안전운전불이행,건조,맑음,교차로 - 교차로부근,승용,남,30세,경상,승용,남,55세,경상
2022122700100073,2022년 12월 27일 07시,화요일,전라남도 나주시 금천면,경상사고,0,0,1,0,차대차 - 추돌,안전거리미확보,건조,흐림,단일로 - 기타,승용,여,23세,상해없음,승용,여,33세,경상
2022122700100110,2022년 12월 27일 08시,화요일,전라남도 목포시 옥암동,경상사고,0,0,2,0,차대차 - 측면충돌,안전운전불이행,건조,맑음,교차로 - 교차로안,승용,여,43세,경상,승용,남,61세,경상
2022122700100111,2022년 12월 27일 08시,화요일,전라남도 장흥군 장흥읍,중상사고,0,1,0,0,차대차 - 측면충돌,직진우회전진행방해,건조,맑음,교차로 - 교차로안,승용,남,65세,상해없음,화물,남,69세,중상
2022122700100112,2022년 12월 27일 08시,화요일,전라남도 광양시 마동,중상사고,0,1,0,0,차대사람 - 차도통행중,안전운전불이행,건조,맑음,단일로 - 기타,승용,여,34세,상해없음,보행자,남,20세,중상
2022122700100113,2022년 12월 27일 08시,화요일,전라남도 광양시 도이동,중상사고,0,1,1,0,차대차 - 측면충돌,직진우회전진행방해,건조,맑음,교차로 - 교차로안,승용,남,34세,중상,승용,남,32세,경상
2022122700100152,2022년 12월 27일 09시,화요일,전라남도 여수시 남산동,경상사고,0,0,1,0,차대차 - 기타,교차로운행방법위반,건조,맑음,교차로 - 교차로안,승용,남,66세,상해없음,화물,남,44세,경상
2022122700100153,2022년 12월 27일 09시,화요일,전라남도 영암군 삼호읍,경상사고,0,0,3,0,차대차 - 측면충돌,직진우회전진행방해,건조,맑음,교차로 - 교차로안,승용,남,40세,경상,승용,여,37세,경상
2022122700100154,2022년 12월 27일 09시,화요일,전라남도 구례군 구례읍,경상사고,0,0,1,0,차대차 - 측면충돌,안전운전불이행,건조,맑음,단일로 - 기타,화물,남,58세,상해없음,승용,남,40세,경상
2022122700100183,2022년 12월 27일 10시,화요일,전라남도 목포시 용해동,경상사고,0,0,2,0,차대차 - 측면충돌,안전거리미확보,건조,맑음,단일로 - 기타,승용,여,42세,기타불명,승용,남,28세,경상
2022122700100184,2022년 12월 27일 10시,화요일,전라남도 광양시 황길동,경상사고,0,0,2,0,차대차 - 추돌,안전운전불이행,건조,맑음,교차로 - 교차로부근,승용,남,59세,상해없음,승용,남,67세,경상
2022122700100185,2022년 12월 27일 10시,화요일,전라남도 장성군 남면,경상사고,0,0,5,0,차대차 - 추돌,안전운전불이행,건조,맑음,단일로 - 기타,승용,남,73세,상해없음,승용,여,61세,경상
2022122700100211,2022년 12월 27일 11시,화요일,전라남도 목포시 호남동,경상사고,0,0,1,0,차대차 - 기타,안전운전불이행,건조,맑음,교차로 - 교차로안,화물,남,76세,상해없음,승합,남,69세,경상
2022122700100213,2022년 12월 27일 11시,화요일,전라남도 장흥군 장흥읍,경상사고,0,0,3,0,차대차 - 후진중충돌,안전운전불이행,건조,맑음,주차장 - 주차장,화물,남,69세,상해없음,화물,남,92세,경상
2022122700100239,2022년 12월 27일 12시,화요일,전라남도 장흥군 장흥읍,경상사고,0,0,1,0,차대사람 - 기타,안전운전불이행,건조,맑음,단일로 - 기타,화물,남,29세,상해없음,보행자,남,92세,경상
2022122700100268,2022년 12월 27일 13시,화요일,전라남도 목포시 산정동,경상사고,0,0,1,0,차대사람 - 기타,안전운전불이행,건조,맑음,교차로 - 교차로부근,건설기계,남,64세,상해없음,보행자,남,78세,경상
2022122700100298,2022년 12월 27일 14시,화요일,전라남도 순천시 서면,경상사고,0,0,1,0,차대차 - 기타,기타,건조,맑음,단일로 - 기타,화물,남,54세,상해없음,승합,남,54세,경상
2022122700100319,2022년 12월 27일 15시,화요일,전라남도 순천시 가곡동,경상사고,0,0,1,0,차대차 - 측면충돌,중앙선침범,건조,맑음,단일로 - 기타,승용,여,60세,상해없음,승용,여,41세,경상
2022122700100359,2022년 12월 27일 16시,화요일,전라남도 신안군 임자면,경상사고,0,0,1,0,차대차 - 측면충돌,중앙선침범,건조,맑음,교차로 - 교차로안,화물,여,55세,상해없음,화물,남,71세,경상
2022122700100394,2022년 12월 27일 17시,화요일,전라남도 해남군 해남읍,중상사고,0,1,0,0,차대사람 - 기타,안전운전불이행,건조,흐림,교차로 - 교차로안,승용,여,24세,기타불명,보행자,여,55세,중상
2022122700100440,2022년 12월 27일 18시,화요일,전라남도 목포시 산정동,중상사고,0,1,0,0,차대사람 - 차도통행중,안전운전불이행,건조,맑음,교차로 - 교차로부근,승용,여,30세,상해없음,보행자,남,62세,중상
2022122700100546,2022년 12월 27일 21시,화요일,전라남도 순천시 장천동,경상사고,0,0,1,0,차대사람 - 기타,안전운전불이행,건조,맑음,단일로 - 기타,승용,여,46세,상해없음,보행자,남,69세,경상
2022122700100594,2022년 12월 27일 23시,화요일,전라남도 영암군 삼호읍,경상사고,0,0,1,0,차대차 - 측면충돌,직진우회전진행방해,건조,맑음,교차로 - 교차로안,승용,남,26세,상해없음,이륜,남,39세,경상
2022122800100022,2022년 12월 28일 02시,수요일,전라남도 목포시 상동,경상사고,0,0,4,0,차대차 - 측면충돌,직진우회전진행방해,건조,맑음,교차로 - 교차로안,승용,남,34세,경상,승용,남,67세,경상
2022122800100037,2022년 12월 28일 05시,수요일,전라남도 고흥군 점암면,중상사고,0,2,0,0,차대차 - 기타,기타,건조,맑음,단일로 - 기타,승용,남,53세,중상,승용,여,50세,중상
2022122800100038,2022년 12월 28일 05시,수요일,전라남도 고흥군 점암면,사망사고,1,0,0,0,차대사람 - 기타,안전운전불이행,건조,맑음,단일로 - 기타,화물,남,59세,상해없음,보행자,남,53세,사망
2022122800100049,2022년 12월 28일 06시,수요일,전라남도 목포시 옥암동,경상사고,0,0,1,0,차대차 - 측면충돌,안전운전불이행,건조,맑음,교차로 - 교차로부근,승합,남,45세,상해없음,승용,남,66세,경상
2022122800100050,2022년 12월 28일 06시,수요일,전라남도 영암군 삼호읍,중상사고,0,1,0,0,차량단독 - 기타,안전거리미확보,건조,맑음,단일로 - 기타,승용,남,60세,중상,,,,
2022122800100051,2022년 12월 28일 06시,수요일,전라남도 영암군 삼호읍,경상사고,0,0,1,0,차대차 - 추돌,안전거리미확보,건조,맑음,단일로 - 기타,화물,남,47세,상해없음,승용,남,59세,상해없음
2022122800100096,2022년 12월 28일 08시,수요일,전라남도 여수시 신기동,경상사고,0,0,1,0,차대차 - 측면충돌,교차로운행방법위반,건조,맑음,교차로 - 교차로안,승용,여,63세,상해없음,승용,여,48세,경상
2022122800100151,2022년 12월 28일 10시,수요일,전라남도 강진군 강진읍,경상사고,0,0,1,0,차대차 - 측면충돌,직진우회전진행방해,건조,맑음,교차로 - 교차로안,승용,여,39세,상해없음,이륜,남,83세,경상
2022122800100257,2022년 12월 28일 13시,수요일,전라남도 무안군 무안읍,중상사고,0,1,0,0,차대차 - 정면충돌,안전운전불이행,건조,맑음,교차로 - 교차로안,승용,남,59세,상해없음,승용,여,55세,중상
2022122800100258,2022년 12월 28일 13시,수요일,전라남도 무안군 삼향읍,중상사고,0,1,1,0,차대차 - 측면충돌,중앙선침범,건조,맑음,단일로 - 기타,승용,여,65세,상해없음,승용,남,35세,경상
2022122800100288,2022년 12월 28일 14시,수요일,전라남도 목포시 연산동,경상사고,0,0,1,0,차대차 - 측면충돌,안전운전불이행,건조,맑음,단일로 - 기타,승용,여,43세,상해없음,승용,남,53세,경상
2022122800100290,2022년 12월 28일 14시,수요일,전라남도 구례군 광의면,중상사고,0,1,0,0,차대차 - 기타,직진우회전진행방해,건조,맑음,교차로 - 교차로안,화물,남,45세,상해없음,원동기,남,66세,중상
2022122800100368,2022년 12월 28일 16시,수요일,전라남도 순천시 용당동,중상사고,0,1,1,0,차대사람 - 기타,안전운전불이행,건조,맑음,교차로 - 교차로안,승용,여,47세,상해없음,보행자,여,6세,경상
2022122800100369,2022년 12월 28일 16시,수요일,전라남도 나주시 빛가람동,중상사고,0,1,0,0,차대사람 - 횡단중,신호위반,건조,맑음,교차로 - 교차로안,승용,여,30세,상해없음,보행자,남,55세,중상
2022122800100370,2022년 12월 28일 16시,수요일,전라남도 영암군 금정면,경상사고,0,0,2,0,차대차 - 측면충돌,신호위반,건조,맑음,단일로 - 기타,승용,남,33세,상해없음,승용,여,61세,경상
2022122800100403,2022년 12월 28일 17시,수요일,전라남도 여수시 서교동,경상사고,0,0,2,0,차대차 - 추돌,안전거리미확보,건조,맑음,단일로 - 기타,승용,여,66세,상해없음,승용,남,47세,경상
2022122800100404,2022년 12월 28일 17시,수요일,전라남도 해남군 해남읍,경상사고,0,0,2,0,차대차 - 기타,직진우회전진행방해,건조,맑음,교차로 - 교차로안,승용,여,38세,기타불명,승용,남,31세,경상
2022122800100451,2022년 12월 28일 18시,수요일,전라남도 장흥군 장흥읍,경상사고,0,0,3,0,차대차 - 추돌,안전거리미확보,건조,맑음,단일로 - 교량,화물,남,56세,상해없음,승용,여,44세,경상
2022122800100502,2022년 12월 28일 19시,수요일,전라남도 순천시 해룡면,경상사고,0,0,1,0,차대차 - 추돌,안전운전불이행,건조,맑음,단일로 - 기타,승용,여,45세,상해없음,승용,기타불명,미분류,기타불명
2022122800100567,2022년 12월 28일 21시,수요일,전라남도 영암군 삼호읍,경상사고,0,0,2,0,차대차 - 추돌,안전운전불이행,건조,맑음,교차로 - 교차로부근,화물,여,48세,상해없음,승용,여,58세,경상
2022122900100092,2022년 12월 29일 08시,목요일,전라남도 순천시 덕암동,경상사고,0,0,2,0,차대차 - 측면충돌,직진우회전진행방해,건조,맑음,교차로 - 교차로안,승합,여,53세,경상,승용,여,62세,경상
2022122900100124,2022년 12월 29일 09시,목요일,전라남도 광양시 광양읍,경상사고,0,0,2,0,차대차 - 기타,안전운전불이행,건조,맑음,교차로 - 교차로안,화물,남,75세,상해없음,승용,남,54세,경상
2022122900100154,2022년 12월 29일 10시,목요일,전라남도 순천시 조례동,경상사고,0,0,1,0,차대차 - 기타,신호위반,건조,맑음,교차로 - 교차로안,승용,남,31세,상해없음,승용,여,29세,경상
2022122900100208,2022년 12월 29일 12시,목요일,전라남도 해남군 화원면,경상사고,0,0,2,0,차대차 - 추돌,안전운전불이행,건조,맑음,단일로 - 기타,승용,남,79세,기타불명,승용,남,51세,경상
2022122900100236,2022년 12월 29일 13시,목요일,전라남도 여수시 봉산동,중상사고,0,1,0,0,차대사람 - 횡단중,보행자보호의무위반,건조,맑음,교차로 - 교차로횡단보도내,승용,여,57세,상해없음,보행자,여,61세,중상
2022122900100237,2022년 12월 29일 13시,목요일,전라남도 광양시 광양읍,사망사고,1,0,0,0,차량단독 - 공작물충돌,안전운전불이행,건조,맑음,단일로 - 기타,화물,남,69세,사망,,,,
2022122900100283,2022년 12월 29일 14시,목요일,전라남도 목포시 상동,경상사고,0,0,2,0,차대차 - 기타,안전거리미확보,건조,맑음,단일로 - 기타,승용,남,57세,상해없음,승용,여,59세,경상
2022122900100284,2022년 12월 29일 14시,목요일,전라남도 여수시 학동,경상사고,0,0,1,0,차대사람 - 차도통행중,안전운전불이행,건조,맑음,교차로 - 교차로부근,승용,남,77세,기타불명,보행자,남,68세,경상
2022122900100318,2022년 12월 29일 15시,목요일,전라남도 장성군 삼서면,경상사고,0,0,1,0,차대사람 - 기타,안전운전불이행,건조,맑음,교차로 - 교차로부근,승용,여,59세,상해없음,보행자,남,65세,경상
2022122900100352,2022년 12월 29일 16시,목요일,전라남도 나주시 빛가람동,경상사고,0,0,2,0,차대차 - 측면충돌,신호위반,건조,맑음,교차로 - 교차로안,승용,남,26세,경상,승용,남,36세,경상
2022122900100353,2022년 12월 29일 16시,목요일,전라남도 고흥군 고흥읍,경상사고,0,0,1,0,차대사람 - 기타,기타,건조,맑음,단일로 - 기타,승용,남,34세,상해없음,보행자,남,58세,경상
2022122900100402,2022년 12월 29일 17시,목요일,전라남도 순천시 연향동,경상사고,0,0,3,0,차대차 - 정면충돌,안전거리미확보,건조,맑음,단일로 - 기타,승용,남,62세,경상,승용,남,52세,경상
2022122900100462,2022년 12월 29일 18시,목요일,전라남도 목포시 옥암동,중상사고,0,1,0,0,차대차 - 기타,직진우회전진행방해,건조,맑음,교차로 - 교차로안,승용,여,48세,상해없음,이륜,남,29세,중상
2022122900100463,2022년 12월 29일 18시,목요일,전라남도 목포시 산정동,경상사고,0,0,1,0,차대사람 - 기타,안전운전불이행,건조,맑음,단일로 - 기타,자전거,남,21세,상해없음,보행자,여,62세,경상
2022122900100464,2022년 12월 29일 18시,목요일,전라남도 목포시 옥암동,경상사고,0,0,1,0,차대차 - 측면충돌,안전거리미확보,건조,흐림,기타 - 기타,승용,남,51세,상해없음,승용,남,35세,경상
2022122900100465,2022년 12월 29일 18시,목요일,전라남도 담양군 담양읍,경상사고,0,0,5,0,차대차 - 기타,직진우회전진행방해,젖음/습기,흐림,교차로 - 교차로안,승용,여,22세,기타불명,승용,여,20세,경상
2022122900100510,2022년 12월 29일 19시,목요일,전라남도 신안군 압해읍,경상사고,0,0,1,0,차량단독 - 공작물충돌,안전운전불이행,건조,맑음,기타 - 기타,승용,남,50세,경상,,,,
2022122900100511,2022년 12월 29일 19시,목요일,전라남도 고흥군 도양읍,경상사고,0,0,1,0,차대차 - 기타,신호위반,건조,맑음,교차로 - 교차로안,자전거,남,69세,경상,승용,남,65세,상해없음
2022122900100599,2022년 12월 29일 22시,목요일,전라남도 목포시 죽교동,경상사고,0,0,1,0,차대사람 - 기타,안전운전불이행,건조,맑음,교차로 - 교차로안,승용,남,58세,상해없음,보행자,남,69세,경상
2022122900100600,2022년 12월 29일 22시,목요일,전라남도 목포시 보광동2가,경상사고,0,0,1,0,차대차 - 기타,교차로운행방법위반,건조,맑음,교차로 - 교차로안,승용,남,58세,상해없음,승용,남,47세,경상
2022123000100008,2022년 12월 30일 00시,금요일,전라남도 순천시 매곡동,경상사고,0,0,1,0,차대차 - 측면충돌,직진우회전진행방해,건조,맑음,교차로 - 교차로안,승용,남,64세,상해없음,승용,남,67세,상해없음
2022123000100023,2022년 12월 30일 01시,금요일,전라남도 목포시 상동,경상사고,0,0,2,0,차대차 - 측면충돌,안전운전불이행,건조,맑음,교차로 - 교차로안,승용,남,49세,상해없음,승용,여,48세,경상
2022123000100024,2022년 12월 30일 01시,금요일,전라남도 목포시 옥암동,경상사고,0,0,1,0,차대차 - 기타,안전운전불이행,건조,맑음,교차로 - 교차로부근,승용,남,47세,상해없음,이륜,남,18세,경상
2022123000100031,2022년 12월 30일 02시,금요일,전라남도 여수시 화장동,경상사고,0,0,2,0,차대차 - 측면충돌,안전운전불이행,건조,맑음,단일로 - 기타,승용,남,44세,상해없음,승용,남,41세,경상
2022123000100053,2022년 12월 30일 05시,금요일,전라남도 광양시 광양읍,경상사고,0,0,1,0,차대사람 - 횡단중,안전운전불이행,건조,기타,교차로 - 교차로안,승용,남,61세,상해없음,보행자,남,41세,경상
2022123000100067,2022년 12월 30일 06시,금요일,전라남도 해남군 마산면,경상사고,0,0,2,0,차대차 - 기타,안전운전불이행,건조,맑음,단일로 - 기타,승용,남,25세,경상,건설기계,남,48세,경상
2022123000100081,2022년 12월 30일 07시,금요일,전라남도 순천시 조례동,경상사고,0,0,1,0,차대사람 - 횡단중,안전운전불이행,건조,맑음,단일로 - 기타,승용,남,57세,상해없음,보행자,여,78세,경상
2022123000100096,2022년 12월 30일 08시,금요일,전라남도 여수시 돌산읍,경상사고,0,0,1,0,차대사람 - 차도통행중,안전운전불이행,건조,맑음,교차로 - 교차로안,승용,남,59세,상해없음,보행자,여,8세,경상
2022123000100097,2022년 12월 30일 08시,금요일,전라남도 보성군 보성읍,경상사고,0,0,1,0,차대차 - 측면충돌,안전운전불이행,건조,맑음,주차장 - 주차장,승용,남,55세,상해없음,승용,여,48세,경상
2022123000100098,2022년 12월 30일 08시,금요일,전라남도 강진군 도암면,경상사고,0,0,2,0,차대차 - 측면충돌,직진우회전진행방해,건조,맑음,교차로 - 교차로안,화물,남,64세,경상,승용,여,26세,경상
2022123000100143,2022년 12월 30일 10시,금요일,전라남도 장흥군 회진면,경상사고,0,0,1,0,차량단독 - 기타,안전운전불이행,건조,맑음,단일로 - 기타,농기계,남,75세,경상,,,,
2022123000100144,2022년 12월 30일 10시,금요일,전라남도 함평군 대동면,경상사고,0,0,1,0,차대차 - 측면충돌,신호위반,건조,맑음,교차로 - 교차로안,화물,남,58세,상해없음,화물,남,64세,경상
2022123000100216,2022년 12월 30일 12시,금요일,전라남도 목포시 대양동,경상사고,0,0,2,0,차대차 - 추돌,안전운전불이행,건조,맑음,단일로 - 기타,승용,남,23세,상해없음,화물,남,38세,경상
2022123000100217,2022년 12월 30일 12시,금요일,전라남도 무안군 청계면,경상사고,0,0,1,0,차대사람 - 길가장자리구역통행중,안전운전불이행,건조,맑음,단일로 - 기타,화물,남,54세,상해없음,보행자,남,26세,경상
2022123000100306,2022년 12월 30일 14시,금요일,전라남도 함평군 함평읍,중상사고,0,3,0,0,차대차 - 측면충돌,안전거리미확보,건조,맑음,단일로 - 기타,승용,여,54세,상해없음,승용,남,28세,중상
2022123000100346,2022년 12월 30일 15시,금요일,전라남도 목포시 용해동,경상사고,0,0,1,0,차대차 - 측면충돌,안전운전불이행,건조,맑음,단일로 - 기타,승용,여,54세,상해없음,승용,여,46세,경상
2022123000100347,2022년 12월 30일 15시,금요일,전라남도 여수시 소라면,중상사고,0,4,1,0,차대차 - 정면충돌,신호위반,건조,맑음,교차로 - 교차로안,승용,남,68세,상해없음,승용,남,35세,중상
2022123000100348,2022년 12월 30일 15시,금요일,전라남도 순천시 조례동,경상사고,0,0,1,0,차대차 - 추돌,안전운전불이행,건조,맑음,기타 - 기타,승용,남,28세,상해없음,승용,여,56세,경상
2022123000100388,2022년 12월 30일 16시,금요일,전라남도 목포시 산정동,경상사고,0,0,1,0,차대차 - 측면충돌,중앙선침범,건조,맑음,교차로 - 교차로부근,승용,여,45세,상해없음,승용,남,49세,경상
2022123000100389,2022년 12월 30일 16시,금요일,전라남도 목포시 옥암동,경상사고,0,0,2,0,차대차 - 추돌,안전운전불이행,건조,맑음,교차로 - 교차로부근,승용,남,54세,상해없음,승용,여,46세,경상
2022123000100390,2022년 12월 30일 16시,금요일,전라남도 여수시 돌산읍,경상사고,0,0,2,0,차대차 - 측면충돌,신호위반,건조,맑음,교차로 - 교차로안,승용,남,28세,상해없음,승용,여,51세,경상
2022123000100391,2022년 12월 30일 16시,금요일,전라남도 무안군 몽탄면,경상사고,0,0,4,0,차대차 - 측면충돌,안전운전불이행,건조,맑음,교차로 - 교차로안,승용,남,22세,상해없음,승용,남,30세,경상
2022123000100455,2022년 12월 30일 17시,금요일,전라남도 여수시 문수동,경상사고,0,0,2,0,차대차 - 기타,안전운전불이행,건조,맑음,단일로 - 기타,승용,남,63세,상해없음,승용,남,52세,상해없음
2022123000100456,2022년 12월 30일 17시,금요일,전라남도 해남군 황산면,경상사고,0,0,1,0,차대차 - 정면충돌,중앙선침범,건조,맑음,단일로 - 기타,승용,여,54세,상해없음,승용,여,55세,경상
2022123000100457,2022년 12월 30일 17시,금요일,전라남도 영암군 삼호읍,경상사고,0,0,1,0,차대차 - 측면충돌,신호위반,건조,맑음,교차로 - 교차로안,승용,남,51세,상해없음,화물,남,53세,경상
2022123000100521,2022년 12월 30일 18시,금요일,전라남도 목포시 옥암동,부상신고사고,0,0,0,1,차대사람 - 횡단중,안전운전불이행,건조,맑음,단일로 - 기타,승용,남,49세,상해없음,보행자,남,68세,부상신고
2022123000100522,2022년 12월 30일 18시,금요일,전라남도 목포시 상동,경상사고,0,0,2,0,차대차 - 측면충돌,직진우회전진행방해,건조,맑음,교차로 - 교차로안,승용,남,72세,경상,승용,여,38세,경상
2022123000100643,2022년 12월 30일 21시,금요일,전라남도 순천시 연향동,경상사고,0,0,1,0,차대사람 - 횡단중,안전운전불이행,건조,기타,교차로 - 교차로안,승용,여,57세,상해없음,보행자,남,31세,경상
2022123000100663,2022년 12월 30일 22시,금요일,전라남도 여수시 학동,경상사고,0,0,3,0,차대차 - 측면충돌,중앙선침범,건조,맑음,교차로 - 교차로부근,승용,여,46세,상해없음,승용,남,53세,경상
2022123100100063,2022년 12월 31일 03시,토요일,전라남도 목포시 상동,중상사고,0,2,1,0,차대차 - 기타,안전운전불이행,건조,맑음,교차로 - 교차로안,승용,남,39세,상해없음,승용,남,77세,경상
2022123100100064,2022년 12월 31일 03시,토요일,전라남도 순천시 연향동,경상사고,0,0,1,0,차대차 - 기타,신호위반,건조,맑음,교차로 - 교차로안,승용,여,39세,상해없음,승용,남,23세,경상
2022123100100088,2022년 12월 31일 06시,토요일,전라남도 목포시 석현동,경상사고,0,0,2,0,차대차 - 측면충돌,안전운전불이행,건조,맑음,교차로 - 교차로부근,건설기계,남,57세,상해없음,화물,남,47세,경상
2022123100100109,2022년 12월 31일 08시,토요일,전라남도 광양시 금호동,중상사고,0,1,1,0,차대차 - 측면충돌,직진우회전진행방해,건조,맑음,교차로 - 교차로안,승용,남,55세,경상,승용,남,34세,중상
2022123100100131,2022년 12월 31일 09시,토요일,전라남도 강진군 강진읍,경상사고,0,0,2,0,차대차 - 측면충돌,직진우회전진행방해,건조,맑음,교차로 - 교차로안,화물,남,74세,경상,화물,남,73세,상해없음
2022123100100146,2022년 12월 31일 10시,토요일,전라남도 순천시 조례동,부상신고사고,0,0,0,1,차대차 - 측면충돌,직진우회전진행방해,건조,맑음,교차로 - 교차로안,승용,남,77세,상해없음,승용,여,40세,부상신고
2022123100100147,2022년 12월 31일 10시,토요일,전라남도 해남군 화산면,경상사고,0,0,3,0,차대차 - 추돌,안전운전불이행,건조,맑음,단일로 - 터널,화물,남,55세,경상,화물,여,53세,경상
2022123100100168,2022년 12월 31일 11시,토요일,전라남도 목포시 용해동,경상사고,0,0,7,0,차대차 - 추돌,안전운전불이행,건조,맑음,기타 - 기타,승용,여,53세,상해없음,승용,남,49세,경상
2022123100100169,2022년 12월 31일 11시,토요일,전라남도 목포시 연산동,경상사고,0,0,1,0,차대차 - 기타,안전운전불이행,건조,맑음,교차로 - 교차로부근,승용,남,37세,상해없음,승용,남,64세,경상
2022123100100170,2022년 12월 31일 11시,토요일,전라남도 목포시 용해동,경상사고,0,0,1,0,차대차 - 측면충돌,교차로운행방법위반,건조,맑음,교차로 - 교차로안,화물,남,63세,경상,승용,남,41세,상해없음
2022123100100171,2022년 12월 31일 11시,토요일,전라남도 함평군 나산면,경상사고,0,0,2,0,차대차 - 측면충돌,중앙선침범,건조,맑음,단일로 - 기타,승용,남,26세,상해없음,승용,남,60세,경상
2022123100100172,2022년 12월 31일 11시,토요일,전라남도 영암군 삼호읍,경상사고,0,0,2,0,차대차 - 기타,신호위반,건조,맑음,교차로 - 교차로안,승용,남,34세,상해없음,승합,남,55세,상해없음
2022123100100202,2022년 12월 31일 12시,토요일,전라남도 순천시 연향동,중상사고,0,1,0,0,차대사람 - 횡단중,신호위반,건조,맑음,교차로 - 교차로횡단보도내,승용,여,59세,상해없음,보행자,남,69세,중상
2022123100100235,2022년 12월 31일 13시,토요일,전라남도 장흥군 장흥읍,중상사고,0,1,1,0,차대차 - 측면충돌,직진우회전진행방해,건조,맑음,교차로 - 교차로안,승용,여,68세,중상,화물,남,66세,경상
2022123100100236,2022년 12월 31일 13시,토요일,전라남도 화순군 화순읍,경상사고,0,0,1,0,차대차 - 측면충돌,안전운전불이행,건조,맑음,교차로 - 교차로안,화물,남,61세,상해없음,승용,여,38세,경상
2022123100100237,2022년 12월 31일 13시,토요일,전라남도 담양군 담양읍,경상사고,0,0,2,0,차대차 - 기타,안전운전불이행,젖음/습기,눈,단일로 - 기타,승용,여,55세,상해없음,승용,남,33세,경상
2022123100100276,2022년 12월 31일 14시,토요일,전라남도 목포시 옥암동,경상사고,0,0,1,0,차대차 - 측면충돌,안전운전불이행,건조,맑음,교차로 - 교차로부근,승용,남,72세,상해없음,승용,여,60세,경상
2022123100100277,2022년 12월 31일 14시,토요일,전라남도 무안군 현경면,중상사고,0,1,0,0,차대차 - 추돌,안전운전불이행,건조,맑음,기타 - 기타,승용,남,47세,상해없음,승용,남,30세,중상
2022123100100329,2022년 12월 31일 16시,토요일,전라남도 여수시 문수동,경상사고,0,0,1,0,차대차 - 추돌,안전운전불이행,건조,맑음,단일로 - 기타,승용,남,40세,상해없음,승용,남,64세,경상
2022123100100358,2022년 12월 31일 17시,토요일,전라남도 담양군 담양읍,경상사고,0,0,2,0,차대차 - 기타,안전운전불이행,건조,맑음,교차로 - 교차로안,승용,남,59세,상해없음,승용,남,44세,경상
2022123100100399,2022년 12월 31일 18시,토요일,전라남도 목포시 상락동1가,경상사고,0,0,1,0,차대사람 - 기타,안전운전불이행,건조,맑음,단일로 - 기타,승용,여,68세,상해없음,보행자,여,78세,경상
2022123100100400,2022년 12월 31일 18시,토요일,전라남도 여수시 국동,경상사고,0,0,2,0,차대차 - 측면충돌,안전운전불이행,건조,맑음,교차로 - 교차로안,승용,여,32세,상해없음,승용,남,28세,경상